Wavelength (nm),Ring,Ring,Trophozoite,Schizont
360,0.49281,0.56193,0.64886,0.74157
360.07828,0.49039,0.55856,0.64492,0.73683
360.15659,0.48802,0.55525,0.64103,0.73213
360.23494,0.48568,0.55199,0.63718,0.72746
360.31332,0.48338,0.54877,0.63339,0.72283
360.39173,0.48113,0.54561,0.62964,0.71824
360.47018,0.47891,0.54249,0.62594,0.71369
360.54866,0.47672,0.53943,0.62228,0.70918
360.62718,0.47458,0.53641,0.61868,0.70472
360.70573,0.47247,0.53345,0.61512,0.70029
360.78431,0.4704,0.53053,0.61161,0.69591
360.86293,0.46836,0.52766,0.60815,0.69157
360.94159,0.46636,0.52484,0.60473,0.68728
361.02027,0.46439,0.52207,0.60136,0.68304
361.099,0.46246,0.51934,0.59804,0.67884
361.17775,0.46056,0.51667,0.59476,0.67468
361.25654,0.45869,0.51404,0.59152,0.67058
361.33537,0.45686,0.51145,0.58834,0.66652
361.41423,0.45506,0.50892,0.58519,0.66251
361.49312,0.45329,0.50642,0.58209,0.65855
361.57205,0.45155,0.50398,0.57904,0.65463
361.65102,0.44984,0.50157,0.57603,0.65076
361.73001,0.44817,0.49922,0.57306,0.64694
361.80905,0.44652,0.4969,0.57013,0.64317
361.88811,0.44491,0.49463,0.56725,0.63945
361.96721,0.44332,0.4924,0.56441,0.63578
362.04635,0.44177,0.49022,0.5616,0.63215
362.12552,0.44024,0.48807,0.55884,0.62857
362.20472,0.43874,0.48597,0.55612,0.62504
362.28396,0.43727,0.48391,0.55344,0.62156
362.36324,0.43583,0.48189,0.5508,0.61812
362.44255,0.43441,0.47991,0.5482,0.61473
362.52189,0.43302,0.47796,0.54564,0.61138
362.60127,0.43166,0.47606,0.54312,0.60809
362.68068,0.43033,0.4742,0.54063,0.60483
362.76013,0.42902,0.47237,0.53818,0.60163
362.83961,0.42774,0.47058,0.53577,0.59847
362.91913,0.42648,0.46883,0.53339,0.59535
362.99868,0.42526,0.46711,0.53106,0.59228
363.07827,0.42405,0.46543,0.52875,0.58925
363.15789,0.42287,0.46379,0.52648,0.58626
363.23755,0.42172,0.46218,0.52425,0.58332
363.31724,0.42059,0.4606,0.52205,0.58042
363.39697,0.41948,0.45906,0.51989,0.57757
363.47673,0.4184,0.45755,0.51775,0.57475
363.55653,0.41735,0.45608,0.51566,0.57198
363.63636,0.41631,0.45463,0.51359,0.56924
363.71623,0.4153,0.45322,0.51156,0.56655
363.79613,0.41432,0.45185,0.50956,0.5639
363.87607,0.41336,0.4505,0.50759,0.56129
363.95604,0.41242,0.44918,0.50565,0.55871
364.03605,0.4115,0.4479,0.50375,0.55618
364.11609,0.41061,0.44664,0.50187,0.55368
364.19617,0.40974,0.44542,0.50003,0.55122
364.27629,0.40889,0.44422,0.49821,0.5488
364.35644,0.40807,0.44305,0.49643,0.54642
364.43662,0.40727,0.44191,0.49467,0.54407
364.51684,0.40649,0.4408,0.49295,0.54176
364.59709,0.40573,0.43972,0.49125,0.53948
364.67738,0.405,0.43866,0.48958,0.53724
364.75771,0.40428,0.43763,0.48794,0.53503
364.83807,0.40359,0.43663,0.48633,0.53286
364.91847,0.40292,0.43565,0.48474,0.53072
364.9989,0.40228,0.4347,0.48318,0.52862
365.07937,0.40165,0.43378,0.48165,0.52654
365.15987,0.40105,0.43288,0.48015,0.5245
365.24041,0.40047,0.43201,0.47867,0.5225
365.32098,0.39991,0.43116,0.47722,0.52052
365.40159,0.39937,0.43034,0.4758,0.51858
365.48223,0.39885,0.42954,0.4744,0.51667
365.56291,0.39836,0.42876,0.47303,0.51479
365.64363,0.39788,0.42801,0.47168,0.51294
365.72438,0.39743,0.42729,0.47036,0.51112
365.80517,0.397,0.42658,0.46906,0.50933
365.88599,0.39659,0.4259,0.46779,0.50757
365.96685,0.39621,0.42524,0.46654,0.50583
366.04775,0.39584,0.42461,0.46532,0.50413
366.12868,0.3955,0.424,0.46412,0.50246
366.20964,0.39518,0.42341,0.46294,0.50081
366.29064,0.39488,0.42284,0.46179,0.49919
366.37168,0.39461,0.4223,0.46067,0.4976
366.45276,0.39435,0.42177,0.45956,0.49604
366.53386,0.39412,0.42127,0.45848,0.4945
366.61501,0.39391,0.42079,0.45743,0.49299
366.69619,0.39372,0.42034,0.4564,0.49151
366.77741,0.39356,0.4199,0.45539,0.49005
366.85866,0.39341,0.41948,0.4544,0.48862
366.93995,0.39329,0.41909,0.45344,0.48722
367.02128,0.3932,0.41872,0.4525,0.48584
367.10264,0.39313,0.41837,0.45158,0.48449
367.18404,0.39308,0.41804,0.45068,0.48316
367.26547,0.39305,0.41773,0.44981,0.48185
367.34694,0.39305,0.41745,0.44896,0.48057
367.42844,0.39307,0.41718,0.44813,0.47932
367.50999,0.39311,0.41693,0.44733,0.47809
367.59156,0.39318,0.41671,0.44655,0.47688
367.67318,0.39327,0.41651,0.44579,0.4757
367.75483,0.39339,0.41633,0.44505,0.47454
367.83652,0.39354,0.41617,0.44433,0.47341
367.91824,0.3937,0.41603,0.44364,0.4723
368,0.3939,0.41591,0.44297,0.47121
368.0818,0.39412,0.41581,0.44232,0.47014
368.16363,0.39436,0.41574,0.44169,0.4691
368.2455,0.39464,0.41568,0.44108,0.46808
368.3274,0.39493,0.41565,0.4405,0.46709
368.40934,0.39526,0.41564,0.43994,0.46611
368.49132,0.39561,0.41565,0.4394,0.46516
368.57334,0.39599,0.41568,0.43889,0.46423
368.65539,0.3964,0.41574,0.43839,0.46333
368.73747,0.39684,0.41582,0.43792,0.46244
368.8196,0.3973,0.41592,0.43747,0.46158
368.90176,0.3978,0.41604,0.43705,0.46074
368.98396,0.39832,0.41618,0.43664,0.45993
369.06619,0.39888,0.41635,0.43626,0.45913
369.14846,0.39946,0.41654,0.4359,0.45836
369.23077,0.40008,0.41676,0.43557,0.45761
369.31311,0.40072,0.41699,0.43525,0.45688
369.39549,0.4014,0.41725,0.43496,0.45617
369.47791,0.40212,0.41754,0.4347,0.45548
369.56037,0.40286,0.41785,0.43445,0.45482
369.64286,0.40364,0.41819,0.43423,0.45418
369.72539,0.40445,0.41855,0.43404,0.45356
369.80795,0.4053,0.41893,0.43387,0.45296
369.89055,0.40618,0.41934,0.43372,0.45238
369.97319,0.4071,0.41978,0.43359,0.45183
370.05587,0.40805,0.42024,0.43349,0.4513
370.13858,0.40904,0.42073,0.43342,0.45078
370.22133,0.41007,0.42125,0.43337,0.4503
370.30411,0.41114,0.42179,0.43334,0.44983
370.38694,0.41225,0.42236,0.43334,0.44938
370.4698,0.4134,0.42297,0.43337,0.44896
370.5527,0.41459,0.4236,0.43342,0.44856
370.63563,0.41582,0.42426,0.43349,0.44818
370.7186,0.41709,0.42495,0.4336,0.44783
370.80161,0.41841,0.42567,0.43372,0.4475
370.88466,0.41977,0.42642,0.43388,0.44719
370.96774,0.42117,0.4272,0.43406,0.4469
371.05086,0.42263,0.42801,0.43427,0.44663
371.13402,0.42413,0.42886,0.43451,0.44639
371.21722,0.42567,0.42974,0.43478,0.44618
371.30045,0.42727,0.43066,0.43507,0.44598
371.38372,0.42892,0.43161,0.4354,0.44581
371.46703,0.43061,0.43259,0.43575,0.44566
371.55037,0.43237,0.43362,0.43613,0.44554
371.63375,0.43417,0.43467,0.43655,0.44544
371.71717,0.43603,0.43577,0.43699,0.44537
371.80063,0.43794,0.43691,0.43746,0.44531
371.88412,0.43991,0.43808,0.43797,0.44529
371.96765,0.44195,0.4393,0.43851,0.44529
372.05122,0.44404,0.44055,0.43908,0.44531
372.13483,0.44619,0.44185,0.43968,0.44536
372.21848,0.4484,0.44319,0.44032,0.44544
372.30216,0.45068,0.44457,0.44099,0.44554
372.38588,0.45302,0.446,0.44169,0.44567
372.46964,0.45543,0.44748,0.44244,0.44583
372.55343,0.45791,0.449,0.44321,0.44601
372.63726,0.46046,0.45057,0.44403,0.44622
372.72113,0.46308,0.45219,0.44488,0.44646
372.80504,0.46578,0.45386,0.44577,0.44672
372.88899,0.46855,0.45559,0.44669,0.44702
372.97297,0.4714,0.45736,0.44766,0.44734
373.05699,0.47432,0.45919,0.44867,0.4477
373.14105,0.47733,0.46108,0.44971,0.44808
373.22515,0.48042,0.46302,0.4508,0.44849
373.30929,0.4836,0.46502,0.45193,0.44894
373.39346,0.48686,0.46708,0.45311,0.44941
373.47767,0.49021,0.4692,0.45433,0.44992
373.56192,0.49365,0.47139,0.45559,0.45046
373.64621,0.49718,0.47364,0.4569,0.45103
373.73053,0.50081,0.47595,0.45826,0.45163
373.8149,0.50453,0.47833,0.45967,0.45227
373.8993,0.50836,0.48079,0.46112,0.45295
373.98374,0.51228,0.48331,0.46263,0.45366
374.06822,0.51631,0.48591,0.46419,0.4544
374.15273,0.52045,0.48858,0.4658,0.45518
374.23729,0.52469,0.49132,0.46746,0.456
374.32188,0.52905,0.49415,0.46918,0.45685
374.40651,0.53352,0.49706,0.47095,0.45775
374.49118,0.5381,0.50005,0.47278,0.45868
374.57589,0.54281,0.50312,0.47467,0.45966
374.66063,0.54763,0.50628,0.47662,0.46067
374.74542,0.55257,0.50954,0.47863,0.46173
374.83024,0.55764,0.51288,0.48071,0.46282
374.9151,0.56284,0.51631,0.48284,0.46397
375,0.56817,0.51985,0.48505,0.46515
375.08494,0.57363,0.52348,0.48732,0.46638
375.16991,0.57922,0.52721,0.48966,0.46766
375.25493,0.58495,0.53104,0.49207,0.46899
375.33998,0.59082,0.53498,0.49456,0.47036
375.42507,0.59683,0.53903,0.49711,0.47178
375.5102,0.60298,0.54319,0.49975,0.47325
375.59537,0.60927,0.54746,0.50246,0.47478
375.68058,0.61571,0.55185,0.50525,0.47635
375.76583,0.6223,0.55635,0.50812,0.47799
375.85111,0.62903,0.56098,0.51108,0.47967
375.93644,0.63591,0.56573,0.51412,0.48141
376.0218,0.64294,0.57061,0.51725,0.48322
376.1072,0.65012,0.57562,0.52046,0.48507
376.19264,0.65745,0.58075,0.52377,0.48699
376.27812,0.66493,0.58602,0.52718,0.48898
376.36364,0.67255,0.59143,0.53068,0.49102
376.44919,0.68033,0.59697,0.53427,0.49313
376.53479,0.68824,0.60266,0.53797,0.49531
376.62042,0.6963,0.60849,0.54177,0.49755
376.7061,0.7045,0.61446,0.54568,0.49987
376.79181,0.71283,0.62058,0.54969,0.50225
376.87756,0.7213,0.62685,0.55381,0.50471
376.96335,0.72989,0.63327,0.55805,0.50725
377.04918,0.73861,0.63984,0.5624,0.50986
377.13505,0.74744,0.64656,0.56686,0.51255
377.22096,0.75637,0.65343,0.57145,0.51532
377.3069,0.7654,0.66046,0.57616,0.51817
377.39289,0.77453,0.66764,0.58099,0.52111
377.47891,0.78373,0.67497,0.58594,0.52413
377.56498,0.79299,0.68246,0.59103,0.52725
377.65108,0.80232,0.69009,0.59625,0.53045
377.73723,0.81168,0.69788,0.6016,0.53375
377.82341,0.82106,0.7058,0.60708,0.53714
377.90963,0.83045,0.71388,0.6127,0.54063
377.99589,0.83984,0.72209,0.61846,0.54422
378.08219,0.84919,0.73043,0.62436,0.54791
378.16853,0.85849,0.73891,0.6304,0.5517
378.25491,0.86772,0.74751,0.63659,0.5556
378.34133,0.87685,0.75622,0.64292,0.55961
378.42779,0.88587,0.76504,0.64939,0.56373
378.51429,0.89474,0.77395,0.65601,0.56797
378.60082,0.90343,0.78295,0.66277,0.57232
378.6874,0.91193,0.79203,0.66968,0.57679
378.77402,0.9202,0.80117,0.67673,0.58138
378.86067,0.92821,0.81036,0.68393,0.58609
378.94737,0.93594,0.81958,0.69127,0.59093
379.0341,0.94334,0.82881,0.69875,0.5959
379.12088,0.9504,0.83804,0.70637,0.60099
379.20769,0.95708,0.84724,0.71412,0.60622
379.29455,0.96335,0.8564,0.72201,0.61158
379.38144,0.96918,0.86549,0.73001,0.61707
379.46838,0.97454,0.87448,0.73814,0.6227
379.55535,0.97941,0.88336,0.74639,0.62847
379.64237,0.98375,0.89209,0.75474,0.63438
379.72942,0.98755,0.90065,0.76318,0.64042
379.81651,0.99078,0.90901,0.77172,0.64661
379.90365,0.99342,0.91713,0.78034,0.65294
379.99082,0.99546,0.92498,0.78902,0.65941
380.07804,0.99687,0.93254,0.79776,0.66603
380.16529,0.99764,0.93977,0.80654,0.67278
380.25258,0.99777,0.94664,0.81534,0.67967
380.33992,0.99725,0.95312,0.82416,0.6867
380.42729,0.99607,0.95918,0.83296,0.69386
380.51471,0.99425,0.96477,0.84174,0.70116
380.60216,0.99177,0.96989,0.85046,0.70859
380.68966,0.98865,0.97448,0.85911,0.71614
380.77719,0.98489,0.97854,0.86767,0.72381
380.86477,0.98052,0.98203,0.87611,0.7316
380.95238,0.97555,0.98493,0.8844,0.73949
381.04004,0.97,0.98722,0.89252,0.74748
381.12773,0.96388,0.98888,0.90043,0.75556
381.21547,0.95723,0.9899,0.90812,0.76373
381.30325,0.95008,0.99027,0.91554,0.77196
381.39106,0.94244,0.98997,0.92268,0.78026
381.47892,0.93436,0.98901,0.92949,0.78859
381.56682,0.92586,0.98739,0.93595,0.79696
381.65476,0.91697,0.9851,0.94202,0.80534
381.74274,0.90773,0.98215,0.94768,0.81372
381.83076,0.89817,0.97856,0.9529,0.82208
381.91882,0.88833,0.97434,0.95765,0.83039
382.00692,0.87823,0.9695,0.9619,0.83864
382.09506,0.86792,0.96407,0.96562,0.8468
382.18324,0.85742,0.95807,0.96879,0.85485
382.27147,0.84676,0.95153,0.97139,0.86276
382.35973,0.83598,0.94447,0.97341,0.87051
382.44804,0.82511,0.93692,0.97481,0.87807
382.53638,0.81417,0.92892,0.9756,0.8854
382.62477,0.80319,0.9205,0.97576,0.89249
382.7132,0.79219,0.91169,0.97529,0.8993
382.80166,0.7812,0.90253,0.97417,0.9058
382.89017,0.77025,0.89305,0.97242,0.91195
382.97872,0.75934,0.88329,0.97003,0.91774
383.06731,0.74851,0.87328,0.96702,0.92312
383.15595,0.73777,0.86306,0.96339,0.92807
383.24462,0.72713,0.85267,0.95916,0.93257
383.33333,0.71662,0.84212,0.95435,0.93657
383.42209,0.70624,0.83147,0.94897,0.94007
383.51088,0.696,0.82073,0.94306,0.94303
383.59972,0.68592,0.80993,0.93663,0.94544
383.6886,0.67601,0.79911,0.92972,0.94727
383.77752,0.66628,0.78829,0.92235,0.94852
383.86648,0.65672,0.77749,0.91456,0.94916
383.95548,0.64736,0.76673,0.90638,0.94919
384.04453,0.63819,0.75605,0.89784,0.94861
384.13361,0.62921,0.74544,0.88898,0.9474
384.22274,0.62044,0.73495,0.87983,0.94558
384.31191,0.61188,0.72457,0.87042,0.94315
384.40111,0.60352,0.71433,0.8608,0.94012
384.49036,0.59538,0.70423,0.85099,0.93649
384.57966,0.58744,0.6943,0.84103,0.93229
384.66899,0.57971,0.68453,0.83095,0.92754
384.75836,0.5722,0.67495,0.82077,0.92225
384.84778,0.5649,0.66555,0.81054,0.91645
384.93724,0.5578,0.65635,0.80027,0.91018
385.02674,0.55092,0.64734,0.78999,0.90344
385.11628,0.54425,0.63855,0.77974,0.89629
385.20586,0.53778,0.62996,0.76952,0.88875
385.29549,0.53152,0.62158,0.75937,0.88085
385.38515,0.52546,0.61342,0.7493,0.87263
385.47486,0.5196,0.60547,0.73933,0.86412
385.56461,0.51395,0.59775,0.72948,0.85536
385.6544,0.50849,0.59024,0.71977,0.84638
385.74423,0.50323,0.58295,0.7102,0.83721
385.83411,0.49816,0.57588,0.70079,0.82789
385.92403,0.49329,0.56903,0.69155,0.81846
386.01399,0.4886,0.5624,0.68249,0.80893
386.10399,0.48411,0.55599,0.67363,0.79935
386.19403,0.4798,0.54979,0.66496,0.78974
386.28411,0.47567,0.5438,0.65649,0.78013
386.37424,0.47173,0.53803,0.64823,0.77053
386.46441,0.46797,0.53248,0.64019,0.76099
386.55462,0.46439,0.52713,0.63236,0.75151
386.64488,0.46099,0.52199,0.62476,0.74212
386.73517,0.45777,0.51705,0.61737,0.73284
386.82551,0.45472,0.51233,0.61022,0.72368
386.91589,0.45185,0.5078,0.60328,0.71466
387.00631,0.44915,0.50348,0.59658,0.7058
387.09677,0.44663,0.49935,0.5901,0.6971
387.18728,0.44428,0.49543,0.58385,0.68858
387.27783,0.44211,0.4917,0.57782,0.68026
387.36842,0.44011,0.48817,0.57202,0.67212
387.45905,0.43829,0.48483,0.56645,0.6642
387.54973,0.43664,0.48169,0.5611,0.65648
387.64045,0.43517,0.47874,0.55598,0.64898
387.73121,0.43387,0.47598,0.55108,0.64171
387.82201,0.43276,0.47341,0.5464,0.63466
387.91286,0.43182,0.47104,0.54194,0.62784
388.00375,0.43107,0.46886,0.5377,0.62126
388.09468,0.4305,0.46687,0.53368,0.6149
388.18565,0.43012,0.46508,0.52988,0.60879
388.27667,0.42992,0.46348,0.52629,0.60291
388.36773,0.42992,0.46207,0.52292,0.59727
388.45883,0.43012,0.46086,0.51977,0.59187
388.54998,0.43052,0.45985,0.51682,0.58671
388.64116,0.43112,0.45904,0.5141,0.58179
388.73239,0.43194,0.45843,0.51159,0.57711
388.82367,0.43296,0.45803,0.50929,0.57267
388.91498,0.43421,0.45783,0.5072,0.56847
389.00634,0.43569,0.45785,0.50533,0.5645
389.09774,0.4374,0.45808,0.50368,0.56078
389.18919,0.43935,0.45853,0.50225,0.55729
389.28068,0.44155,0.4592,0.50103,0.55404
389.37221,0.444,0.4601,0.50003,0.55104
389.46378,0.44672,0.46124,0.49926,0.54826
389.5554,0.44972,0.46261,0.4987,0.54573
389.64706,0.453,0.46423,0.49838,0.54344
389.73876,0.45657,0.46611,0.49829,0.54138
389.83051,0.46045,0.46824,0.49843,0.53957
389.9223,0.46465,0.47064,0.49881,0.538
390.01413,0.46918,0.47332,0.49943,0.53667
390.10601,0.47405,0.47628,0.5003,0.53559
390.19793,0.47927,0.47954,0.50142,0.53476
390.28989,0.48487,0.4831,0.5028,0.53417
390.3819,0.49086,0.48697,0.50444,0.53383
390.47394,0.49724,0.49118,0.50636,0.53375
390.56604,0.50404,0.49571,0.50857,0.53393
390.65817,0.51127,0.5006,0.51106,0.53437
390.75035,0.51895,0.50585,0.51385,0.53505
390.84258,0.52709,0.51147,0.51696,0.53605
390.93484,0.53572,0.51749,0.52038,0.53731
391.02715,0.54484,0.5239,0.52414,0.53885
391.11951,0.55448,0.53073,0.52825,0.54067
391.21191,0.56465,0.53799,0.53271,0.54278
391.30435,0.57535,0.5457,0.53755,0.54519
391.39683,0.58661,0.55386,0.54277,0.54791
391.48936,0.59844,0.5625,0.54839,0.55094
391.58193,0.61084,0.57162,0.55441,0.5543
391.67455,0.62381,0.58125,0.56085,0.55798
391.76721,0.63737,0.59138,0.56771,0.56201
391.85991,0.6515,0.60203,0.57501,0.56638
391.95266,0.66619,0.61322,0.58274,0.57111
392.04545,0.68144,0.62494,0.59091,0.57621
392.13829,0.69722,0.6372,0.59953,0.58168
392.23117,0.71349,0.65,0.60861,0.58754
392.32409,0.73022,0.66334,0.61814,0.5938
392.41706,0.74736,0.6772,0.62814,0.60046
392.51007,0.76483,0.69158,0.6386,0.60755
392.60313,0.78258,0.70644,0.64954,0.61505
392.69623,0.8005,0.72177,0.66096,0.62299
392.78937,0.8185,0.73753,0.67285,0.63138
392.88256,0.83646,0.75367,0.68521,0.64021
392.97579,0.85425,0.77013,0.69803,0.6495
393.06907,0.87172,0.78685,0.71131,0.65925
393.16239,0.88873,0.80376,0.72502,0.66947
393.25576,0.9051,0.82075,0.73913,0.68014
393.34917,0.92067,0.83773,0.75363,0.69128
393.44262,0.93527,0.85459,0.76846,0.70287
393.53612,0.94871,0.87119,0.78359,0.7149
393.62966,0.96083,0.88741,0.79895,0.72736
393.72325,0.97147,0.9031,0.81447,0.74023
393.81688,0.98049,0.9181,0.83007,0.75349
393.91056,0.98775,0.93227,0.84568,0.76709
394.00428,0.99317,0.94543,0.86118,0.78101
394.09805,0.99666,0.95745,0.87648,0.7952
394.19186,0.99817,0.96817,0.89144,0.8096
394.28571,0.9977,0.97746,0.90595,0.82414
394.37961,0.99526,0.98518,0.91986,0.83876
394.47356,0.99089,0.99124,0.93304,0.85337
394.56755,0.98467,0.99556,0.94535,0.86789
394.66158,0.97669,0.99807,0.95665,0.8822
394.75566,0.96708,0.99874,0.96679,0.8962
394.84979,0.95597,0.99756,0.97566,0.90978
394.94395,0.94352,0.99457,0.98313,0.92281
395.03817,0.92989,0.9898,0.9891,0.93517
395.13243,0.91523,0.98333,0.99348,0.94672
395.22673,0.89972,0.97524,0.99621,0.95734
395.32108,0.88351,0.96567,0.99724,0.96689
395.41547,0.86675,0.95472,0.99655,0.97527
395.50991,0.84959,0.94254,0.99415,0.98236
395.6044,0.83215,0.92927,0.99006,0.98806
395.69892,0.81457,0.91506,0.98435,0.99228
395.7935,0.79694,0.90006,0.97707,0.99497
395.88812,0.77937,0.8844,0.96832,0.99608
395.98278,0.76194,0.86823,0.95822,0.99557
396.07749,0.74472,0.85168,0.94687,0.99346
396.17225,0.72778,0.83486,0.93441,0.98974
396.26705,0.71115,0.8179,0.92097,0.98448
396.3619,0.69489,0.80088,0.90669,0.97772
396.45679,0.67903,0.7839,0.8917,0.96954
396.55172,0.66358,0.76704,0.87614,0.96004
396.64671,0.64858,0.75035,0.86014,0.94932
396.74173,0.63403,0.73392,0.8438,0.9375
396.83681,0.61994,0.71777,0.82725,0.9247
396.93193,0.60631,0.70195,0.81059,0.91105
397.02709,0.59314,0.68649,0.79391,0.89667
397.1223,0.58043,0.67142,0.77728,0.88168
397.21756,0.56817,0.65675,0.76079,0.86621
397.31286,0.55636,0.64251,0.74449,0.85038
397.40821,0.54498,0.62869,0.72845,0.83429
397.5036,0.53403,0.61531,0.71269,0.81803
397.59904,0.52349,0.60236,0.69727,0.80172
397.69452,0.51335,0.58984,0.6822,0.78542
397.79006,0.50359,0.57775,0.66752,0.7692
397.88563,0.49421,0.56608,0.65323,0.75314
397.98125,0.48518,0.55482,0.63936,0.73729
398.07692,0.47651,0.54397,0.6259,0.7217
398.17264,0.46816,0.53352,0.61288,0.7064
398.2684,0.46014,0.52344,0.60027,0.69143
398.3642,0.45242,0.51374,0.58809,0.67681
398.46006,0.445,0.5044,0.57632,0.66257
398.55596,0.43786,0.4954,0.56497,0.64871
398.6519,0.43099,0.48674,0.55402,0.63526
398.74789,0.42437,0.47841,0.54346,0.62221
398.84393,0.41801,0.47038,0.53329,0.60957
398.94001,0.41188,0.46265,0.52349,0.59735
399.03614,0.40598,0.45521,0.51406,0.58552
399.13232,0.4003,0.44805,0.50498,0.5741
399.22854,0.39483,0.44115,0.49623,0.56308
399.32481,0.38955,0.43451,0.48781,0.55245
399.42113,0.38446,0.42811,0.47971,0.54219
399.51749,0.37956,0.42194,0.47191,0.53231
399.6139,0.37483,0.41599,0.46441,0.52278
399.71035,0.37026,0.41026,0.45718,0.51361
399.80686,0.36586,0.40474,0.45023,0.50477
399.9034,0.36161,0.39941,0.44353,0.49626
400,0.3575,0.39427,0.43708,0.48806
400.09664,0.35354,0.38932,0.43087,0.48017
400.19333,0.3497,0.38453,0.42488,0.47258
400.29007,0.346,0.37991,0.41912,0.46526
400.38685,0.34242,0.37545,0.41356,0.45822
400.48368,0.33896,0.37114,0.4082,0.45143
400.58055,0.33561,0.36698,0.40304,0.4449
400.67747,0.33237,0.36296,0.39806,0.4386
400.77444,0.32923,0.35907,0.39326,0.43254
400.87146,0.32619,0.35531,0.38862,0.4267
400.96852,0.32325,0.35167,0.38415,0.42107
401.06563,0.3204,0.34816,0.37983,0.41564
401.16279,0.31764,0.34475,0.37566,0.4104
401.26,0.31497,0.34146,0.37163,0.40536
401.35725,0.31237,0.33827,0.36774,0.40049
401.45455,0.30986,0.33518,0.36398,0.39579
401.55189,0.30742,0.33219,0.36034,0.39126
401.64928,0.30505,0.32929,0.35683,0.38688
401.74672,0.30276,0.32648,0.35343,0.38265
401.84421,0.30053,0.32375,0.35014,0.37857
401.94175,0.29837,0.32111,0.34696,0.37463
402.03933,0.29627,0.31855,0.34387,0.37082
402.13696,0.29423,0.31607,0.34089,0.36714
402.23464,0.29224,0.31366,0.338,0.36358
402.33236,0.29032,0.31132,0.3352,0.36014
402.43013,0.28845,0.30905,0.33249,0.35681
402.52795,0.28663,0.30684,0.32986,0.35358
402.62582,0.28486,0.3047,0.32731,0.35047
402.72374,0.28314,0.30262,0.32484,0.34745
402.8217,0.28147,0.3006,0.32244,0.34452
402.91971,0.27985,0.29864,0.32012,0.34169
403.01777,0.27826,0.29674,0.31786,0.33895
403.11587,0.27673,0.29488,0.31567,0.33629
403.21402,0.27523,0.29308,0.31355,0.33371
403.31223,0.27377,0.29133,0.31148,0.33122
403.41048,0.27235,0.28963,0.30948,0.32879
403.50877,0.27097,0.28797,0.30753,0.32644
403.60712,0.26963,0.28636,0.30563,0.32416
403.70551,0.26832,0.28479,0.3038,0.32195
403.80395,0.26705,0.28327,0.30201,0.31981
403.90244,0.26581,0.28178,0.30027,0.31772
404.00098,0.2646,0.28034,0.29858,0.3157
404.09956,0.26342,0.27893,0.29694,0.31373
404.19819,0.26228,0.27756,0.29534,0.31182
404.29688,0.26116,0.27623,0.29378,0.30997
404.3956,0.26007,0.27494,0.29227,0.30816
404.49438,0.25901,0.27367,0.2908,0.30641
404.59321,0.25798,0.27245,0.28937,0.30471
404.69208,0.25698,0.27125,0.28797,0.30305
404.791,0.256,0.27008,0.28661,0.30144
404.88998,0.25504,0.26895,0.28529,0.29987
404.98899,0.25411,0.26784,0.28401,0.29835
405.08806,0.25321,0.26677,0.28275,0.29687
405.18718,0.25233,0.26572,0.28153,0.29543
405.28634,0.25147,0.2647,0.28034,0.29402
405.38556,0.25063,0.26371,0.27919,0.29266
405.48482,0.24982,0.26274,0.27806,0.29133
405.58413,0.24903,0.2618,0.27696,0.29003
405.68349,0.24825,0.26088,0.27589,0.28877
405.7829,0.2475,0.25998,0.27484,0.28754
405.88235,0.24677,0.25911,0.27383,0.28635
405.98186,0.24606,0.25826,0.27284,0.28518
406.08141,0.24536,0.25744,0.27187,0.28405
406.18102,0.24469,0.25664,0.27093,0.28294
406.28067,0.24403,0.25585,0.27001,0.28187
406.38037,0.2434,0.25509,0.26912,0.28082
406.48012,0.24277,0.25435,0.26825,0.2798
406.57992,0.24217,0.25363,0.2674,0.2788
406.67976,0.24158,0.25293,0.26657,0.27783
406.77966,0.24102,0.25224,0.26577,0.27688
406.87961,0.24046,0.25158,0.26498,0.27596
406.9796,0.23992,0.25093,0.26422,0.27507
407.07965,0.2394,0.2503,0.26347,0.27419
407.17974,0.2389,0.24969,0.26274,0.27334
407.27988,0.23841,0.2491,0.26204,0.27251
407.38007,0.23793,0.24852,0.26135,0.2717
407.48031,0.23747,0.24796,0.26067,0.27091
407.58061,0.23703,0.24742,0.26002,0.27014
407.68095,0.23659,0.24689,0.25938,0.26939
407.78133,0.23618,0.24638,0.25876,0.26866
407.88177,0.23577,0.24588,0.25816,0.26795
407.98226,0.23538,0.2454,0.25757,0.26726
408.0828,0.23501,0.24493,0.257,0.26659
408.18339,0.23465,0.24448,0.25645,0.26593
408.28402,0.2343,0.24404,0.25591,0.26529
408.38471,0.23396,0.24362,0.25538,0.26467
408.48545,0.23364,0.24321,0.25487,0.26406
408.58623,0.23333,0.24282,0.25437,0.26347
408.68707,0.23303,0.24243,0.25389,0.2629
408.78795,0.23275,0.24206,0.25342,0.26234
408.88889,0.23248,0.24171,0.25297,0.26179
408.98987,0.23222,0.24137,0.25253,0.26126
409.09091,0.23197,0.24104,0.2521,0.26075
409.19199,0.23174,0.24072,0.25169,0.26025
409.29313,0.23152,0.24041,0.25128,0.25976
409.39431,0.23131,0.24012,0.2509,0.25929
409.49555,0.23111,0.23984,0.25052,0.25883
409.59683,0.23093,0.23957,0.25016,0.25839
409.69817,0.23075,0.23932,0.2498,0.25796
409.79955,0.23059,0.23907,0.24946,0.25754
409.90099,0.23044,0.23884,0.24914,0.25713
410.00248,0.2303,0.23862,0.24882,0.25674
410.10401,0.23018,0.23841,0.24852,0.25636
410.2056,0.23006,0.23822,0.24822,0.25599
410.30723,0.22996,0.23803,0.24794,0.25563
410.40892,0.22987,0.23786,0.24767,0.25529
410.51066,0.22979,0.23769,0.24741,0.25495
410.61245,0.22972,0.23754,0.24716,0.25463
410.71429,0.22967,0.2374,0.24693,0.25432
410.81617,0.22962,0.23727,0.2467,0.25402
410.91811,0.22959,0.23715,0.24649,0.25374
411.0201,0.22957,0.23705,0.24628,0.25346
411.12214,0.22956,0.23695,0.24609,0.25319
411.22424,0.22956,0.23686,0.24591,0.25294
411.32638,0.22958,0.23679,0.24573,0.25269
411.42857,0.2296,0.23672,0.24557,0.25246
411.53082,0.22964,0.23667,0.24542,0.25223
411.63311,0.22969,0.23663,0.24528,0.25202
411.73545,0.22975,0.2366,0.24515,0.25182
411.83785,0.22982,0.23658,0.24503,0.25163
411.9403,0.22991,0.23657,0.24492,0.25144
412.0428,0.23001,0.23657,0.24481,0.25127
412.14535,0.23012,0.23658,0.24472,0.25111
412.24795,0.23024,0.2366,0.24464,0.25095
412.3506,0.23037,0.23664,0.24458,0.25081
412.4533,0.23052,0.23668,0.24452,0.25068
412.55605,0.23068,0.23674,0.24447,0.25056
412.65886,0.23085,0.2368,0.24443,0.25044
412.76171,0.23104,0.23688,0.2444,0.25034
412.86462,0.23123,0.23697,0.24438,0.25024
412.96758,0.23145,0.23707,0.24437,0.25016
413.07059,0.23167,0.23718,0.24437,0.25008
413.17365,0.23191,0.2373,0.24438,0.25002
413.27677,0.23216,0.23744,0.24441,0.24996
413.37993,0.23242,0.23758,0.24444,0.24992
413.48315,0.2327,0.23774,0.24448,0.24988
413.58641,0.23299,0.23791,0.24453,0.24985
413.68973,0.23329,0.23808,0.2446,0.24984
413.7931,0.23361,0.23828,0.24467,0.24983
413.89653,0.23394,0.23848,0.24475,0.24983
414,0.23429,0.23869,0.24485,0.24984
414.10353,0.23465,0.23892,0.24495,0.24986
414.2071,0.23503,0.23916,0.24507,0.24989
414.31073,0.23542,0.23941,0.2452,0.24993
414.41441,0.23583,0.23967,0.24533,0.24998
414.51815,0.23625,0.23995,0.24548,0.25004
414.62193,0.23669,0.24024,0.24564,0.25011
414.72577,0.23714,0.24054,0.24581,0.25019
414.82966,0.23761,0.24085,0.24599,0.25028
414.9336,0.23809,0.24118,0.24619,0.25037
415.03759,0.2386,0.24152,0.24639,0.25048
415.14164,0.23912,0.24188,0.2466,0.2506
415.24574,0.23965,0.24225,0.24683,0.25073
415.34989,0.24021,0.24263,0.24707,0.25086
415.45409,0.24078,0.24302,0.24732,0.25101
415.55834,0.24137,0.24343,0.24758,0.25117
415.66265,0.24197,0.24386,0.24786,0.25134
415.76701,0.2426,0.2443,0.24815,0.25152
415.87142,0.24325,0.24475,0.24844,0.25171
415.97589,0.24391,0.24522,0.24876,0.25191
416.0804,0.24459,0.24571,0.24908,0.25212
416.18497,0.2453,0.24621,0.24942,0.25234
416.28959,0.24602,0.24672,0.24977,0.25257
416.39427,0.24677,0.24726,0.25013,0.25281
416.49899,0.24753,0.2478,0.25051,0.25306
416.60377,0.24832,0.24837,0.2509,0.25333
416.70861,0.24913,0.24895,0.2513,0.2536
416.81349,0.24997,0.24955,0.25172,0.25389
416.91843,0.25082,0.25017,0.25215,0.25419
417.02342,0.2517,0.25081,0.2526,0.2545
417.12846,0.2526,0.25146,0.25306,0.25482
417.23356,0.25353,0.25213,0.25353,0.25516
417.33871,0.25448,0.25283,0.25402,0.2555
417.44391,0.25546,0.25354,0.25453,0.25586
417.54917,0.25646,0.25427,0.25505,0.25623
417.65448,0.2575,0.25502,0.25559,0.25661
417.75984,0.25855,0.25579,0.25614,0.25701
417.86525,0.25964,0.25658,0.25671,0.25742
417.97072,0.26075,0.2574,0.2573,0.25784
418.07624,0.2619,0.25824,0.2579,0.25827
418.18182,0.26307,0.25909,0.25852,0.25872
418.28745,0.26427,0.25998,0.25916,0.25918
418.39313,0.26551,0.26088,0.25981,0.25966
418.49886,0.26677,0.26181,0.26049,0.26015
418.60465,0.26807,0.26277,0.26118,0.26065
418.71049,0.26941,0.26375,0.26189,0.26117
418.81639,0.27077,0.26475,0.26262,0.2617
418.92234,0.27218,0.26578,0.26337,0.26225
419.02834,0.27362,0.26684,0.26414,0.26281
419.1344,0.27509,0.26792,0.26493,0.26339
419.24051,0.27661,0.26904,0.26574,0.26398
419.34667,0.27816,0.27018,0.26657,0.26459
419.45289,0.27975,0.27135,0.26742,0.26522
419.55916,0.28138,0.27255,0.2683,0.26586
419.66548,0.28306,0.27379,0.2692,0.26652
419.77186,0.28478,0.27505,0.27012,0.2672
419.8783,0.28654,0.27635,0.27106,0.2679
419.98478,0.28835,0.27768,0.27203,0.26861
420.09132,0.29021,0.27904,0.27303,0.26934
420.19792,0.29211,0.28044,0.27405,0.27009
420.30457,0.29406,0.28188,0.27509,0.27086
420.41127,0.29606,0.28335,0.27616,0.27165
420.51803,0.29812,0.28486,0.27726,0.27245
420.62484,0.30023,0.28641,0.27838,0.27328
420.73171,0.30239,0.288,0.27953,0.27413
420.83863,0.30461,0.28963,0.28072,0.275
420.9456,0.30689,0.2913,0.28193,0.27589
421.05263,0.30923,0.29301,0.28317,0.2768
421.15972,0.31163,0.29477,0.28444,0.27773
421.26685,0.31409,0.29658,0.28574,0.27869
421.37405,0.31661,0.29843,0.28708,0.27967
421.48129,0.31921,0.30033,0.28844,0.28068
421.58859,0.32187,0.30227,0.28985,0.2817
421.69595,0.3246,0.30427,0.29128,0.28276
421.80336,0.32741,0.30632,0.29275,0.28384
421.91083,0.33029,0.30842,0.29426,0.28494
422.01835,0.33325,0.31058,0.29581,0.28607
422.12592,0.33629,0.31279,0.29739,0.28723
422.23355,0.33941,0.31507,0.29902,0.28842
422.34124,0.34261,0.3174,0.30068,0.28963
422.44898,0.3459,0.31979,0.30238,0.29087
422.55677,0.34928,0.32225,0.30413,0.29215
422.66462,0.35275,0.32477,0.30592,0.29345
422.77253,0.35632,0.32735,0.30775,0.29479
422.88049,0.35998,0.33001,0.30963,0.29615
422.98851,0.36374,0.33273,0.31156,0.29755
423.09658,0.36761,0.33553,0.31353,0.29899
423.2047,0.37158,0.3384,0.31556,0.30045
423.31288,0.37567,0.34135,0.31763,0.30196
423.42112,0.37986,0.34438,0.31976,0.3035
423.52941,0.38417,0.34749,0.32194,0.30507
423.63776,0.3886,0.35068,0.32417,0.30669
423.74616,0.39316,0.35396,0.32646,0.30834
423.85462,0.39784,0.35732,0.32881,0.31004
423.96313,0.40264,0.36078,0.33122,0.31177
424.0717,0.40759,0.36433,0.33369,0.31355
424.18033,0.41267,0.36797,0.33622,0.31537
424.28901,0.41789,0.37172,0.33882,0.31723
424.39774,0.42326,0.37557,0.34148,0.31914
424.50654,0.42878,0.37952,0.34421,0.3211
424.61538,0.43445,0.38358,0.34701,0.3231
424.72429,0.44027,0.38774,0.34988,0.32516
424.83325,0.44626,0.39203,0.35283,0.32726
424.94226,0.45242,0.39643,0.35585,0.32942
425.05133,0.45874,0.40095,0.35895,0.33163
425.16046,0.46524,0.40559,0.36213,0.33389
425.26965,0.47191,0.41036,0.36539,0.33622
425.37889,0.47877,0.41526,0.36874,0.33859
425.48818,0.48582,0.4203,0.37217,0.34103
425.59753,0.49305,0.42547,0.3757,0.34353
425.70694,0.50048,0.43079,0.37931,0.3461
425.81641,0.5081,0.43625,0.38303,0.34873
425.92593,0.51593,0.44185,0.38684,0.35142
426.0355,0.52396,0.44761,0.39074,0.35418
426.14514,0.5322,0.45353,0.39476,0.35702
426.25483,0.54065,0.45961,0.39888,0.35992
426.36457,0.54931,0.46585,0.4031,0.36291
426.47438,0.55818,0.47225,0.40744,0.36596
426.58423,0.56728,0.47883,0.4119,0.3691
426.69415,0.57658,0.48559,0.41647,0.37232
426.80412,0.58611,0.49252,0.42116,0.37562
426.91415,0.59586,0.49963,0.42598,0.379
427.02424,0.60582,0.50693,0.43093,0.38248
427.13438,0.61599,0.51442,0.436,0.38605
427.24458,0.62638,0.5221,0.44122,0.38971
427.35484,0.63697,0.52998,0.44657,0.39346
427.46515,0.64777,0.53805,0.45206,0.39732
427.57552,0.65877,0.54633,0.4577,0.40127
427.68595,0.66996,0.5548,0.46349,0.40533
427.79644,0.68133,0.56348,0.46943,0.4095
427.90698,0.69288,0.57237,0.47552,0.41378
428.01758,0.70458,0.58146,0.48178,0.41818
428.12823,0.71644,0.59076,0.4882,0.42269
428.23894,0.72842,0.60026,0.49479,0.42732
428.34972,0.74052,0.60997,0.50154,0.43207
428.46054,0.75272,0.61989,0.50847,0.43696
428.57143,0.76499,0.63,0.51558,0.44197
428.68237,0.77731,0.64031,0.52287,0.44712
428.79337,0.78966,0.65082,0.53035,0.4524
428.90443,0.80201,0.66152,0.53801,0.45783
429.01554,0.81433,0.6724,0.54586,0.4634
429.12672,0.82658,0.68345,0.5539,0.46912
429.23795,0.83874,0.69467,0.56214,0.475
429.34924,0.85076,0.70604,0.57057,0.48103
429.46058,0.86261,0.71756,0.5792,0.48722
429.57198,0.87425,0.72921,0.58803,0.49357
429.68345,0.88563,0.74097,0.59705,0.5001
429.79496,0.89672,0.75282,0.60628,0.50679
429.90654,0.90747,0.76476,0.61571,0.51366
430.01818,0.91783,0.77675,0.62533,0.52071
430.12987,0.92776,0.78877,0.63515,0.52794
430.24162,0.93722,0.80081,0.64517,0.53536
430.35343,0.94615,0.81282,0.65537,0.54296
430.4653,0.95452,0.82479,0.66576,0.55076
430.57722,0.96228,0.83668,0.67633,0.55875
430.68921,0.9694,0.84845,0.68707,0.56694
430.80125,0.97583,0.86008,0.69797,0.57533
430.91335,0.98153,0.87152,0.70903,0.58392
431.02551,0.98649,0.88274,0.72024,0.59271
431.13772,0.99066,0.89369,0.73158,0.60171
431.25,0.99402,0.90433,0.74303,0.61091
431.36233,0.99655,0.91463,0.75459,0.62031
431.47473,0.99825,0.92453,0.76623,0.62992
431.58718,0.99909,0.93399,0.77793,0.63973
431.69969,0.99907,0.94298,0.78968,0.64973
431.81226,0.99819,0.95143,0.80144,0.65994
431.92488,0.99646,0.95932,0.8132,0.67033
432.03757,0.99389,0.96659,0.82493,0.68091
432.15031,0.99048,0.97322,0.83659,0.69166
432.26312,0.98627,0.97915,0.84815,0.70259
432.37598,0.98127,0.98435,0.85958,0.71368
432.4889,0.97551,0.9888,0.87085,0.72492
432.60188,0.96903,0.99246,0.88191,0.73629
432.71492,0.96185,0.99531,0.89272,0.74779
432.82802,0.95402,0.99732,0.90324,0.75939
432.94118,0.94557,0.99848,0.91343,0.77108
433.05439,0.93655,0.99878,0.92325,0.78284
433.16767,0.92699,0.99821,0.93265,0.79464
433.281,0.91694,0.99676,0.94158,0.80646
433.3944,0.90645,0.99445,0.95001,0.81827
433.50785,0.89556,0.99128,0.95788,0.83004
433.62137,0.8843,0.98726,0.96514,0.84175
433.73494,0.87273,0.98242,0.97177,0.85334
433.84857,0.86088,0.97677,0.97772,0.8648
433.96226,0.8488,0.97034,0.98294,0.87608
434.07602,0.83652,0.96316,0.98741,0.88713
434.18983,0.82408,0.95528,0.99109,0.89792
434.3037,0.81151,0.94671,0.99396,0.90839
434.41763,0.79885,0.93752,0.99599,0.91852
434.53162,0.78613,0.92773,0.99715,0.92823
434.64567,0.77337,0.91739,0.99745,0.93749
434.75978,0.76061,0.90655,0.99686,0.94626
434.87395,0.74786,0.89525,0.99537,0.95447
434.98818,0.73516,0.88355,0.993,0.96208
435.10247,0.72251,0.87147,0.98973,0.96904
435.21682,0.70995,0.85908,0.98559,0.97531
435.33123,0.69748,0.84641,0.98058,0.98084
435.4457,0.68513,0.83351,0.97472,0.98559
435.56023,0.6729,0.82041,0.96804,0.98952
435.67482,0.6608,0.80717,0.96056,0.9926
435.78947,0.64886,0.79382,0.95232,0.9948
435.90419,0.63707,0.78039,0.94335,0.99609
436.01896,0.62545,0.76692,0.93368,0.99646
436.13379,0.614,0.75344,0.92336,0.99588
436.24868,0.60272,0.73998,0.91243,0.99435
436.36364,0.59163,0.72657,0.90094,0.99187
436.47865,0.58073,0.71324,0.88891,0.98844
436.59373,0.57002,0.7,0.87641,0.98407
436.70886,0.55949,0.68688,0.86347,0.97878
436.82406,0.54917,0.67389,0.85013,0.97259
436.93931,0.53904,0.66107,0.83644,0.96552
437.05463,0.52911,0.64841,0.82244,0.95761
437.17001,0.51937,0.63593,0.80817,0.94889
437.28545,0.50984,0.62365,0.79367,0.93941
437.40095,0.50051,0.61158,0.77898,0.92921
437.51651,0.49138,0.59972,0.76415,0.91834
437.63214,0.48245,0.58808,0.74919,0.90685
437.74782,0.47373,0.57667,0.73406,0.89479
437.86356,0.4652,0.56549,0.71865,0.88222
437.97937,0.45689,0.55454,0.70308,0.8692
438.09524,0.44877,0.54384,0.6875,0.85577
438.21117,0.44086,0.53337,0.67193,0.84199
438.32716,0.43315,0.52315,0.65635,0.82791
438.44321,0.42565,0.51317,0.64078,0.8136
438.55932,0.41836,0.50343,0.6252,0.79909
438.6755,0.41128,0.49393,0.60964,0.78444
438.79173,0.4044,0.48468,0.5941,0.7697
438.90803,0.39774,0.47566,0.57861,0.7549
439.02439,0.3913,0.46688,0.56321,0.7401
439.14081,0.38506,0.45833,0.54794,0.72533
439.25729,0.37905,0.45002,0.53287,0.71062
439.37384,0.37326,0.44193,0.5181,0.69602
439.49045,0.36768,0.43407,0.50376,0.68156
439.60711,0.36234,0.42643,0.49006,0.66726
439.72384,0.35721,0.41901,0.47722,0.65314
439.84064,0.35232,0.41181,0.46559,0.63924
439.95749,0.34766,0.40482,0.45555,0.62558
440.07441,0.34323,0.39804,0.44754,0.61217
440.19139,0.33903,0.39147,0.44203,0.59904
440.30843,0.33507,0.38509,0.4395,0.58619
440.42553,0.33134,0.37892,0.44031,0.57364
440.5427,0.32786,0.37294,0.44434,0.5614
440.65993,0.32461,0.36716,0.45095,0.54949
440.77722,0.32159,0.36156,0.45937,0.53792
440.89457,0.31881,0.35615,0.46868,0.52668
441.01198,0.31627,0.35093,0.47791,0.51579
441.12946,0.31397,0.34588,0.48622,0.50525
441.247,0.31189,0.34101,0.49301,0.49507
441.36461,0.31004,0.33632,0.49799,0.48526
441.48227,0.30842,0.3318,0.50109,0.4758
441.6,0.30702,0.32745,0.50243,0.46672
441.71779,0.30583,0.32327,0.50222,0.458
441.83565,0.30486,0.31925,0.50071,0.44965
441.95356,0.30409,0.3154,0.49818,0.44167
442.07154,0.30352,0.31171,0.49483,0.43407
442.18959,0.30314,0.30818,0.49089,0.42683
442.30769,0.30295,0.30481,0.48651,0.41997
442.42586,0.30293,0.30159,0.48184,0.41348
442.54409,0.30309,0.29854,0.47698,0.40736
442.66239,0.3034,0.29564,0.47202,0.40161
442.78075,0.30387,0.29289,0.46701,0.39623
442.89917,0.30448,0.2903,0.46203,0.39121
443.01766,0.30523,0.28786,0.4571,0.38655
443.13621,0.3061,0.28557,0.45225,0.38226
443.25482,0.30709,0.28344,0.44751,0.37833
443.37349,0.30819,0.28146,0.44289,0.37475
443.49223,0.30939,0.27964,0.43841,0.37153
443.61104,0.31068,0.27797,0.43407,0.36865
443.7299,0.31206,0.27645,0.42988,0.36611
443.84883,0.3135,0.27509,0.42584,0.36392
443.96783,0.31502,0.27388,0.42196,0.36206
444.08689,0.3166,0.27283,0.41824,0.36053
444.20601,0.31822,0.27194,0.41468,0.35932
444.32519,0.3199,0.2712,0.41127,0.35842
444.44444,0.32161,0.27063,0.40803,0.35784
444.56376,0.32336,0.27021,0.40495,0.35755
444.68314,0.32513,0.26996,0.40203,0.35755
444.80258,0.32692,0.26988,0.39929,0.35784
444.92208,0.32874,0.26996,0.39672,0.35839
445.04166,0.33056,0.27021,0.39432,0.35921
445.16129,0.33239,0.27063,0.39208,0.36028
445.28099,0.33423,0.27122,0.38992,0.36159
445.40075,0.33607,0.27199,0.38782,0.36312
445.52058,0.3379,0.27293,0.38582,0.36487
445.64047,0.33973,0.27405,0.38395,0.36682
445.76043,0.34155,0.27536,0.38222,0.36896
445.88045,0.34336,0.27684,0.38065,0.37128
446.00054,0.34516,0.27852,0.37922,0.37376
446.12069,0.34695,0.28037,0.37793,0.37639
446.24091,0.34871,0.28242,0.37679,0.37915
446.36119,0.35047,0.28466,0.37579,0.38203
446.48153,0.3522,0.28709,0.37492,0.38502
446.60194,0.35391,0.28971,0.37419,0.3881
446.72242,0.3556,0.29253,0.3736,0.39127
446.84296,0.35728,0.29554,0.37314,0.3945
446.96356,0.35893,0.29874,0.37281,0.39778
447.08423,0.36056,0.30215,0.37262,0.40111
447.20497,0.36217,0.30574,0.37257,0.40447
447.32577,0.36375,0.30953,0.37265,0.40784
447.44664,0.36532,0.31352,0.37288,0.41123
447.56757,0.36686,0.31769,0.37324,0.41461
447.68856,0.36838,0.32205,0.37374,0.41798
447.80963,0.36988,0.32659,0.37438,0.42132
447.93075,0.37136,0.33132,0.37517,0.42464
448.05195,0.37281,0.33622,0.37611,0.42792
448.17321,0.37425,0.34129,0.37719,0.43116
448.29453,0.37567,0.34652,0.37843,0.43434
448.41592,0.37706,0.3519,0.37982,0.43747
448.53738,0.37844,0.35744,0.38137,0.44054
448.6589,0.3798,0.36311,0.38308,0.44354
448.78049,0.38114,0.36891,0.38495,0.44647
448.90214,0.38246,0.37482,0.38699,0.44932
449.02386,0.38376,0.38084,0.38921,0.4521
449.14565,0.38505,0.38695,0.3916,0.4548
449.2675,0.38632,0.39313,0.39418,0.45742
449.38942,0.38758,0.39938,0.39694,0.45996
449.5114,0.38882,0.40568,0.3999,0.46242
449.63345,0.39004,0.412,0.40305,0.46479
449.75557,0.39126,0.41835,0.40641,0.46708
449.87775,0.39245,0.42468,0.40998,0.46929
450,0.39364,0.431,0.41376,0.47142
450.12232,0.39481,0.43728,0.41777,0.47346
450.2447,0.39597,0.4435,0.42201,0.47543
450.36715,0.39712,0.44965,0.42649,0.47731
450.48966,0.39826,0.4557,0.43122,0.47912
450.61224,0.39938,0.46165,0.43619,0.48085
450.73489,0.4005,0.46747,0.44143,0.48251
450.85761,0.40161,0.47315,0.44694,0.4841
450.98039,0.40271,0.47867,0.45273,0.48562
451.10324,0.40379,0.48402,0.45881,0.48707
451.22616,0.40487,0.48918,0.46518,0.48846
451.34914,0.40595,0.49414,0.47185,0.48978
451.47219,0.40701,0.49889,0.47884,0.49105
451.59531,0.40807,0.50342,0.48615,0.49225
451.71849,0.40912,0.50772,0.49379,0.4934
451.84175,0.41016,0.51178,0.50176,0.49449
451.96507,0.4112,0.5156,0.51007,0.49554
452.08845,0.41223,0.51918,0.51873,0.49653
452.21191,0.41325,0.5225,0.52774,0.49748
452.33543,0.41427,0.52557,0.53711,0.49838
452.45902,0.41529,0.52838,0.54683,0.49924
452.58267,0.4163,0.53095,0.5569,0.50007
452.7064,0.4173,0.53326,0.56733,0.50085
452.83019,0.4183,0.53533,0.5781,0.5016
452.95405,0.4193,0.53715,0.5892,0.50231
453.07798,0.42029,0.53874,0.60063,0.50299
453.20197,0.42128,0.54009,0.61236,0.50364
453.32603,0.42227,0.54122,0.62437,0.50426
453.45016,0.42325,0.54214,0.63662,0.50486
453.57436,0.42423,0.54284,0.6491,0.50543
453.69863,0.4252,0.54335,0.66174,0.50598
453.82297,0.42618,0.54367,0.67451,0.5065
453.94737,0.42715,0.54381,0.68733,0.50701
454.07184,0.42812,0.54377,0.70016,0.50749
454.19638,0.42909,0.54358,0.71291,0.50796
454.32099,0.43005,0.54324,0.72549,0.50841
454.44566,0.43102,0.54275,0.73782,0.50885
454.57041,0.43198,0.54214,0.7498,0.50927
454.69522,0.43294,0.5414,0.76131,0.50969
454.8201,0.4339,0.54055,0.77225,0.51008
454.94505,0.43485,0.53961,0.78249,0.51047
455.07007,0.43581,0.53857,0.79192,0.51085
455.19516,0.43676,0.53744,0.80042,0.51123
455.32032,0.43772,0.53624,0.80787,0.51159
455.44554,0.43867,0.53498,0.81417,0.51195
455.57084,0.43962,0.53366,0.8192,0.5123
455.6962,0.44058,0.53228,0.8229,0.51265
455.82164,0.44153,0.53087,0.82517,0.51299
455.94714,0.44248,0.52941,0.82599,0.51333
456.07271,0.44343,0.52793,0.8253,0.51367
456.19835,0.44438,0.52642,0.82311,0.514
456.32406,0.44533,0.5249,0.81942,0.51433
456.44983,0.44627,0.52337,0.81429,0.51466
456.57568,0.44722,0.52183,0.80776,0.515
456.7016,0.44817,0.52028,0.79991,0.51533
456.82759,0.44912,0.51874,0.79086,0.51566
456.95364,0.45007,0.51721,0.78071,0.51599
457.07977,0.45102,0.51569,0.76958,0.51632
457.20596,0.45197,0.51418,0.75762,0.51666
457.33223,0.45291,0.51269,0.74496,0.517
457.45856,0.45386,0.51122,0.73174,0.51734
457.58497,0.45481,0.50978,0.7181,0.51768
457.71144,0.45576,0.50836,0.70418,0.51803
457.83799,0.45671,0.50697,0.6901,0.51838
457.9646,0.45766,0.50562,0.67597,0.51873
458.09129,0.45861,0.5043,0.66192,0.51909
458.21804,0.45956,0.50301,0.64804,0.51945
458.34487,0.46051,0.50176,0.63441,0.51981
458.47176,0.46146,0.50055,0.62111,0.52019
458.59873,0.46241,0.49938,0.60821,0.52056
458.72576,0.46336,0.49825,0.59576,0.52094
458.85287,0.46431,0.49716,0.58382,0.52133
458.98004,0.46526,0.49612,0.57241,0.52172
459.10729,0.46621,0.49512,0.56157,0.52212
459.23461,0.46716,0.49417,0.55132,0.52252
459.362,0.46812,0.49326,0.54168,0.52293
459.48946,0.46907,0.49239,0.53266,0.52334
459.61699,0.47002,0.49158,0.52426,0.52376
459.74459,0.47098,0.49081,0.51649,0.52418
459.87226,0.47193,0.49008,0.50936,0.52462
460,0.47288,0.48941,0.50285,0.52505
