Wavelength (nm),0 Deg,14 Deg,28 Deg,42 Deg,56 Deg,70 Deg,84 Deg
360,0.49544,0.49509,0.49081,0.5183,0.49063,0.62033,0.40487
360.07828,0.49304,0.4927,0.48837,0.51568,0.48879,0.60955,0.40432
360.15659,0.49067,0.49036,0.486,0.51311,0.48697,0.59965,0.40382
360.23494,0.48834,0.48805,0.48367,0.51057,0.48516,0.59061,0.40338
360.31332,0.48604,0.48578,0.4814,0.50808,0.48338,0.58237,0.40299
360.39173,0.48379,0.48355,0.47919,0.50564,0.48161,0.5749,0.40265
360.47018,0.48157,0.48136,0.47702,0.50324,0.47987,0.56814,0.40237
360.54866,0.47939,0.4792,0.47491,0.50089,0.47814,0.56205,0.40214
360.62718,0.47725,0.47709,0.47285,0.49859,0.47643,0.55658,0.40197
360.70573,0.47514,0.475,0.47083,0.49633,0.47473,0.55169,0.40185
360.78431,0.47307,0.47296,0.46887,0.49414,0.47306,0.54733,0.40178
360.86293,0.47103,0.47095,0.46695,0.49199,0.47141,0.54346,0.40177
360.94159,0.46902,0.46898,0.46507,0.4899,0.46977,0.54005,0.40181
361.02027,0.46705,0.46704,0.46324,0.48787,0.46815,0.53705,0.4019
361.099,0.46512,0.46514,0.46146,0.4859,0.46656,0.53444,0.40205
361.17775,0.46321,0.46328,0.45972,0.484,0.46498,0.53218,0.40226
361.25654,0.46134,0.46144,0.45802,0.48216,0.46342,0.53025,0.40252
361.33537,0.4595,0.45964,0.45637,0.48039,0.46188,0.52862,0.40284
361.41423,0.45769,0.45788,0.45476,0.4787,0.46036,0.52727,0.40321
361.49312,0.45592,0.45614,0.45319,0.47708,0.45886,0.52617,0.40363
361.57205,0.45417,0.45444,0.45166,0.47554,0.45738,0.52531,0.40412
361.65102,0.45246,0.45278,0.45017,0.47408,0.45592,0.52467,0.40466
361.73001,0.45077,0.45114,0.44873,0.47271,0.45448,0.52423,0.40526
361.80905,0.44912,0.44954,0.44732,0.47141,0.45306,0.52397,0.40591
361.88811,0.44749,0.44796,0.44595,0.47019,0.45165,0.52389,0.40663
361.96721,0.4459,0.44642,0.44463,0.46903,0.45027,0.52396,0.4074
362.04635,0.44433,0.44491,0.44335,0.46793,0.44891,0.52418,0.40823
362.12552,0.44279,0.44343,0.4421,0.46684,0.44757,0.52453,0.40913
362.20472,0.44128,0.44198,0.4409,0.46575,0.44625,0.52501,0.41008
362.28396,0.43979,0.44056,0.43974,0.46459,0.44494,0.5256,0.41109
362.36324,0.43834,0.43917,0.43861,0.4633,0.44366,0.52629,0.41217
362.44255,0.43691,0.43781,0.43754,0.46182,0.4424,0.52708,0.41331
362.52189,0.43551,0.43648,0.4365,0.46006,0.44116,0.52795,0.41451
362.60127,0.43413,0.43517,0.4355,0.45797,0.43994,0.52889,0.41577
362.68068,0.43279,0.4339,0.43455,0.45554,0.43874,0.5299,0.4171
362.76013,0.43146,0.43265,0.43364,0.45277,0.43756,0.53097,0.41849
362.83961,0.43017,0.43143,0.43277,0.44974,0.4364,0.53208,0.41995
362.91913,0.4289,0.43024,0.43195,0.44653,0.43526,0.53322,0.42147
362.99868,0.42765,0.42908,0.43118,0.44327,0.43414,0.53439,0.42306
363.07827,0.42643,0.42795,0.43045,0.44005,0.43305,0.53558,0.42471
363.15789,0.42524,0.42684,0.42977,0.43694,0.43197,0.53677,0.42643
363.23755,0.42407,0.42576,0.42914,0.43401,0.43092,0.53794,0.42821
363.31724,0.42292,0.42471,0.42856,0.43127,0.42988,0.5391,0.43005
363.39697,0.4218,0.42368,0.42803,0.42874,0.42887,0.54022,0.43196
363.47673,0.4207,0.42268,0.42756,0.4264,0.42787,0.54129,0.43392
363.55653,0.41963,0.42171,0.42713,0.42424,0.4269,0.5423,0.43595
363.63636,0.41858,0.42077,0.42677,0.42225,0.42595,0.54323,0.43803
363.71623,0.41755,0.41985,0.42645,0.4204,0.42502,0.54406,0.44016
363.79613,0.41655,0.41895,0.4262,0.41867,0.42412,0.54477,0.44234
363.87607,0.41557,0.41809,0.426,0.41706,0.42323,0.54536,0.44456
363.95604,0.41462,0.41725,0.42586,0.41554,0.42237,0.5458,0.44681
364.03605,0.41368,0.41643,0.42578,0.41412,0.42152,0.54607,0.44909
364.11609,0.41277,0.41564,0.42576,0.41276,0.4207,0.54616,0.45139
364.19617,0.41189,0.41488,0.42579,0.41148,0.4199,0.54604,0.45368
364.27629,0.41102,0.41415,0.42589,0.41025,0.41912,0.54571,0.45596
364.35644,0.41018,0.41344,0.42603,0.40908,0.41837,0.54514,0.45821
364.43662,0.40936,0.41275,0.42623,0.40796,0.41763,0.54432,0.4604
364.51684,0.40856,0.41209,0.42648,0.40689,0.41692,0.54324,0.4625
364.59709,0.40779,0.41146,0.42676,0.40586,0.41623,0.54188,0.46448
364.67738,0.40703,0.41085,0.42708,0.40487,0.41556,0.54024,0.4663
364.75771,0.4063,0.41027,0.42741,0.40392,0.41492,0.53832,0.46791
364.83807,0.4056,0.40972,0.42775,0.403,0.41429,0.53611,0.46925
364.91847,0.40491,0.40919,0.42809,0.40212,0.41369,0.53362,0.47025
364.9989,0.40424,0.40869,0.4284,0.40127,0.41312,0.53084,0.47082
365.07937,0.4036,0.40822,0.42865,0.40046,0.41256,0.5278,0.47087
365.15987,0.40298,0.40777,0.42883,0.39967,0.41203,0.52451,0.47029
365.24041,0.40238,0.40734,0.42891,0.39891,0.41152,0.52098,0.46895
365.32098,0.4018,0.40695,0.42886,0.39819,0.41103,0.51724,0.46671
365.40159,0.40124,0.40658,0.42866,0.39749,0.41057,0.51331,0.46344
365.48223,0.40071,0.40624,0.42826,0.39682,0.41013,0.50923,0.45902
365.56291,0.4002,0.40592,0.42765,0.39617,0.40971,0.50502,0.4534
365.64363,0.39971,0.40564,0.42681,0.39555,0.40932,0.50071,0.44665
365.72438,0.39924,0.40538,0.42572,0.39496,0.40895,0.49635,0.43908
365.80517,0.39879,0.40515,0.42437,0.3944,0.4086,0.49196,0.43141
365.88599,0.39836,0.40495,0.42278,0.39386,0.40828,0.48758,0.42497
365.96685,0.39796,0.40477,0.42094,0.39334,0.40798,0.48324,0.42193
366.04775,0.39757,0.40463,0.41889,0.39285,0.40771,0.47896,0.4252
366.12868,0.39721,0.40451,0.41666,0.39239,0.40746,0.47479,0.43802
366.20964,0.39687,0.40442,0.41427,0.39195,0.40723,0.47074,0.46271
366.29064,0.39655,0.40437,0.41178,0.39154,0.40703,0.46685,0.4993
366.37168,0.39626,0.40434,0.40921,0.39115,0.40685,0.46312,0.54489
366.45276,0.39598,0.40435,0.40661,0.39078,0.4067,0.45958,0.59461
366.53386,0.39573,0.40439,0.40401,0.39044,0.40658,0.45624,0.64349
366.61501,0.3955,0.40445,0.40145,0.39013,0.40648,0.45311,0.68796
366.69619,0.3953,0.40456,0.39895,0.38983,0.4064,0.45021,0.72626
366.77741,0.39511,0.40469,0.39654,0.38957,0.40635,0.44754,0.75801
366.85866,0.39495,0.40486,0.39423,0.38932,0.40633,0.4451,0.78363
366.93995,0.39481,0.40506,0.39203,0.3891,0.40633,0.4429,0.80384
367.02128,0.39469,0.4053,0.38996,0.38891,0.40636,0.44094,0.81937
367.10264,0.3946,0.40557,0.38801,0.38873,0.40642,0.43921,0.83088
367.18404,0.39452,0.40588,0.38619,0.38858,0.4065,0.43772,0.83892
367.26547,0.39448,0.40622,0.38449,0.38846,0.40661,0.43646,0.84391
367.34694,0.39445,0.40661,0.38291,0.38836,0.40675,0.43543,0.84618
367.42844,0.39445,0.40703,0.38146,0.38828,0.40691,0.43463,0.84605
367.50999,0.39447,0.4075,0.38011,0.38823,0.40711,0.43404,0.84374
367.59156,0.39452,0.408,0.37887,0.3882,0.40733,0.43367,0.83951
367.67318,0.39459,0.40855,0.37774,0.38819,0.40758,0.4335,0.83357
367.75483,0.39468,0.40914,0.37669,0.38821,0.40785,0.43355,0.82616
367.83652,0.3948,0.40977,0.37574,0.38825,0.40816,0.43379,0.81749
367.91824,0.39494,0.41045,0.37487,0.38832,0.4085,0.43423,0.8078
368,0.39511,0.41118,0.37408,0.38841,0.40886,0.43487,0.79731
368.0818,0.3953,0.41196,0.37337,0.38853,0.40926,0.43569,0.78623
368.16363,0.39552,0.41278,0.37272,0.38866,0.40968,0.43669,0.77478
368.2455,0.39576,0.41366,0.37214,0.38883,0.41014,0.43788,0.76314
368.3274,0.39603,0.41459,0.37162,0.38902,0.41062,0.43926,0.75149
368.40934,0.39633,0.41557,0.37116,0.38923,0.41114,0.44081,0.73999
368.49132,0.39665,0.41662,0.37075,0.38947,0.41169,0.44254,0.72877
368.57334,0.397,0.41772,0.37039,0.38973,0.41227,0.44445,0.71796
368.65539,0.39737,0.41888,0.37008,0.39002,0.41289,0.44654,0.70764
368.73747,0.39778,0.42011,0.36982,0.39033,0.41353,0.44881,0.6979
368.8196,0.39821,0.4214,0.3696,0.39067,0.41421,0.45127,0.6888
368.90176,0.39867,0.42276,0.36942,0.39103,0.41493,0.45392,0.68039
368.98396,0.39916,0.42419,0.36928,0.39142,0.41567,0.45675,0.67269
369.06619,0.39968,0.42569,0.36918,0.39184,0.41645,0.45979,0.66573
369.14846,0.40022,0.42727,0.36912,0.39228,0.41727,0.46303,0.65951
369.23077,0.4008,0.42893,0.3691,0.39275,0.41812,0.46648,0.65405
369.31311,0.40141,0.43067,0.3691,0.39325,0.41901,0.47015,0.64934
369.39549,0.40204,0.4325,0.36915,0.39377,0.41994,0.47405,0.64537
369.47791,0.40271,0.43442,0.36922,0.39432,0.4209,0.4782,0.64212
369.56037,0.40341,0.43644,0.36933,0.39489,0.4219,0.4826,0.63959
369.64286,0.40415,0.43855,0.36946,0.3955,0.42293,0.48728,0.63776
369.72539,0.40491,0.44077,0.36963,0.39613,0.42401,0.49225,0.63661
369.80795,0.40571,0.44309,0.36983,0.39679,0.42512,0.49752,0.63612
369.89055,0.40655,0.44553,0.37006,0.39748,0.42628,0.50313,0.63627
369.97319,0.40741,0.44808,0.37032,0.3982,0.42747,0.5091,0.63706
370.05587,0.40832,0.45076,0.3706,0.39895,0.42871,0.51545,0.63845
370.13858,0.40925,0.45356,0.37092,0.39972,0.42998,0.52222,0.64043
370.22133,0.41023,0.45651,0.37126,0.40053,0.4313,0.52944,0.64299
370.30411,0.41124,0.45959,0.37163,0.40137,0.43267,0.53715,0.64611
370.38694,0.41229,0.46282,0.37203,0.40224,0.43408,0.5454,0.64977
370.4698,0.41337,0.46621,0.37246,0.40314,0.43553,0.55423,0.65397
370.5527,0.4145,0.46976,0.37292,0.40407,0.43702,0.5637,0.65868
370.63563,0.41567,0.47349,0.3734,0.40503,0.43857,0.57386,0.6639
370.7186,0.41687,0.47739,0.37391,0.40603,0.44016,0.58477,0.66961
370.80161,0.41812,0.48148,0.37446,0.40706,0.44179,0.5965,0.67579
370.88466,0.41941,0.48577,0.37503,0.40812,0.44348,0.60911,0.68244
370.96774,0.42075,0.49026,0.37562,0.40922,0.44522,0.62265,0.68955
371.05086,0.42212,0.49496,0.37625,0.41035,0.447,0.63718,0.69709
371.13402,0.42354,0.49989,0.37691,0.41152,0.44884,0.65271,0.70505
371.21722,0.42501,0.50504,0.37759,0.41272,0.45073,0.66924,0.71343
371.30045,0.42653,0.51044,0.37831,0.41396,0.45267,0.68669,0.72219
371.38372,0.42809,0.51608,0.37905,0.41524,0.45467,0.70491,0.73133
371.46703,0.4297,0.52197,0.37983,0.41655,0.45672,0.72358,0.74083
371.55037,0.43136,0.52812,0.38063,0.41791,0.45883,0.74223,0.75067
371.63375,0.43307,0.53453,0.38147,0.4193,0.46099,0.76013,0.76081
371.71717,0.43483,0.54121,0.38233,0.42073,0.46322,0.77625,0.77124
371.80063,0.43665,0.54814,0.38323,0.4222,0.4655,0.78927,0.78193
371.88412,0.43852,0.55533,0.38416,0.42372,0.46784,0.79761,0.79284
371.96765,0.44045,0.56277,0.38512,0.42527,0.47025,0.79964,0.80395
372.05122,0.44243,0.57044,0.38612,0.42687,0.47272,0.79401,0.81522
372.13483,0.44447,0.57832,0.38715,0.42851,0.47525,0.78004,0.8266
372.21848,0.44657,0.58638,0.38821,0.4302,0.47785,0.75805,0.83805
372.30216,0.44873,0.59459,0.38931,0.43194,0.48052,0.72948,0.84953
372.38588,0.45096,0.60289,0.39044,0.43372,0.48326,0.69661,0.86098
372.46964,0.45324,0.61122,0.39161,0.43554,0.48606,0.66209,0.87236
372.55343,0.45559,0.61952,0.39281,0.43742,0.48894,0.62833,0.88361
372.63726,0.45801,0.62769,0.39405,0.43935,0.49189,0.59718,0.89467
372.72113,0.4605,0.63563,0.39533,0.44132,0.49491,0.56977,0.90547
372.80504,0.46305,0.64323,0.39665,0.44335,0.49801,0.54658,0.91597
372.88899,0.46568,0.65035,0.398,0.44543,0.50119,0.52763,0.9261
372.97297,0.46838,0.65687,0.3994,0.44757,0.50445,0.51264,0.93579
373.05699,0.47116,0.66264,0.40083,0.44976,0.50779,0.50119,0.94499
373.14105,0.47401,0.6675,0.40231,0.45201,0.51121,0.49281,0.95363
373.22515,0.47694,0.67131,0.40382,0.45431,0.51471,0.48702,0.96165
373.30929,0.47995,0.67395,0.40539,0.45668,0.5183,0.48343,0.96899
373.39346,0.48304,0.6753,0.40699,0.45911,0.52198,0.48166,0.9756
373.47767,0.48621,0.67528,0.40864,0.46159,0.52575,0.48142,0.98142
373.56192,0.48948,0.67382,0.41033,0.46415,0.52961,0.48244,0.9864
373.64621,0.49283,0.67094,0.41208,0.46677,0.53357,0.48454,0.9905
373.73053,0.49627,0.66664,0.41386,0.46945,0.53762,0.48753,0.99367
373.8149,0.4998,0.66102,0.4157,0.47221,0.54177,0.49129,0.99586
373.8993,0.50342,0.65418,0.41759,0.47503,0.54602,0.49571,0.99706
373.98374,0.50715,0.64627,0.41953,0.47793,0.55037,0.5007,0.99721
374.06822,0.51097,0.63746,0.42152,0.4809,0.55483,0.5062,0.99631
374.15273,0.51489,0.62795,0.42356,0.48395,0.55939,0.51214,0.99432
374.23729,0.51892,0.61792,0.42566,0.48708,0.56406,0.51849,0.99125
374.32188,0.52305,0.60757,0.42782,0.49029,0.56884,0.52521,0.9871
374.40651,0.52729,0.59708,0.43003,0.49358,0.57374,0.53228,0.98187
374.49118,0.53164,0.58662,0.4323,0.49696,0.57875,0.53968,0.97559
374.57589,0.5361,0.57633,0.43463,0.50043,0.58388,0.54738,0.96829
374.66063,0.54068,0.56634,0.43702,0.50399,0.58914,0.55539,0.96004
374.74542,0.54537,0.55674,0.43948,0.50764,0.59451,0.56369,0.95088
374.83024,0.55019,0.54762,0.442,0.51138,0.60001,0.57228,0.94091
374.9151,0.55512,0.53903,0.44459,0.51523,0.60564,0.58115,0.93021
375,0.56018,0.531,0.44725,0.51917,0.6114,0.5903,0.91887
375.08494,0.56537,0.52358,0.44998,0.52322,0.61729,0.59974,0.90701
375.16991,0.57069,0.51675,0.45278,0.52738,0.62332,0.60946,0.89472
375.25493,0.57614,0.51053,0.45565,0.53166,0.62949,0.61946,0.88211
375.33998,0.58172,0.50491,0.45861,0.53604,0.6358,0.62974,0.8693
375.42507,0.58744,0.49987,0.46164,0.54055,0.64225,0.64031,0.85637
375.5102,0.59329,0.4954,0.46476,0.54518,0.64885,0.65117,0.84342
375.59537,0.59928,0.49147,0.46795,0.54994,0.65559,0.66231,0.83055
375.68058,0.60542,0.48805,0.47124,0.55482,0.66248,0.67373,0.81782
375.76583,0.6117,0.48513,0.47462,0.55985,0.66953,0.68544,0.8053
375.85111,0.61812,0.48268,0.47808,0.56501,0.67673,0.69742,0.79305
375.93644,0.62469,0.48068,0.48165,0.57032,0.68409,0.70968,0.78112
376.0218,0.63141,0.47909,0.48531,0.57578,0.6916,0.7222,0.76956
376.1072,0.63827,0.4779,0.48908,0.5814,0.69927,0.73496,0.75839
376.19264,0.64528,0.47709,0.49295,0.58718,0.7071,0.74797,0.74764
376.27812,0.65244,0.47663,0.49693,0.59313,0.7151,0.76118,0.73734
376.36364,0.65975,0.47652,0.50103,0.59925,0.72325,0.77458,0.72749
376.44919,0.6672,0.47671,0.50524,0.60555,0.73156,0.78815,0.71811
376.53479,0.67481,0.47722,0.50958,0.61203,0.74003,0.80184,0.7092
376.62042,0.68255,0.478,0.51404,0.61871,0.74866,0.81561,0.70076
376.7061,0.69045,0.47907,0.51864,0.62559,0.75744,0.82941,0.6928
376.79181,0.69848,0.48039,0.52338,0.63267,0.76637,0.84319,0.68532
376.87756,0.70665,0.48196,0.52826,0.63997,0.77545,0.85688,0.6783
376.96335,0.71496,0.48378,0.53328,0.64749,0.78467,0.87042,0.67175
377.04918,0.7234,0.48582,0.53847,0.65524,0.79402,0.88372,0.66565
377.13505,0.73196,0.48808,0.54382,0.66322,0.80349,0.8967,0.66
377.22096,0.74064,0.49056,0.54933,0.67145,0.81307,0.90927,0.65479
377.3069,0.74944,0.49325,0.55503,0.67992,0.82274,0.92134,0.65001
377.39289,0.75834,0.49614,0.56091,0.68864,0.83249,0.93279,0.64566
377.47891,0.76734,0.49922,0.56698,0.69763,0.84229,0.94354,0.64172
377.56498,0.77642,0.5025,0.57325,0.70687,0.85211,0.95348,0.63819
377.65108,0.78559,0.50597,0.57974,0.71637,0.86194,0.96252,0.63506
377.73723,0.79481,0.50962,0.58644,0.72614,0.87172,0.97057,0.63231
377.82341,0.80409,0.51345,0.59337,0.73615,0.88142,0.97755,0.62995
377.90963,0.81341,0.51747,0.60054,0.74642,0.891,0.9834,0.62796
377.99589,0.82274,0.52166,0.60795,0.75692,0.90039,0.98806,0.62634
378.08219,0.83208,0.52603,0.61562,0.76763,0.90955,0.99153,0.62507
378.16853,0.84141,0.53059,0.62355,0.77853,0.91841,0.99378,0.62416
378.25491,0.85071,0.53532,0.63174,0.78958,0.9269,0.99484,0.62359
378.34133,0.85996,0.54024,0.64019,0.80074,0.93496,0.99476,0.62336
378.42779,0.86912,0.54534,0.64892,0.81196,0.94252,0.99358,0.62346
378.51429,0.87819,0.55062,0.6579,0.82316,0.94951,0.9914,0.62389
378.60082,0.88714,0.5561,0.66713,0.83427,0.95588,0.98833,0.62464
378.6874,0.89594,0.56178,0.6766,0.84521,0.96158,0.98447,0.62571
378.77402,0.90456,0.56766,0.68627,0.85586,0.96659,0.97997,0.62709
378.86067,0.91298,0.57375,0.69612,0.86612,0.97089,0.97494,0.62878
378.94737,0.92117,0.58006,0.70609,0.87587,0.97451,0.96954,0.63077
379.0341,0.9291,0.5866,0.71613,0.885,0.97748,0.96391,0.63306
379.12088,0.93673,0.59338,0.72617,0.89339,0.97984,0.95816,0.63565
379.20769,0.94405,0.60042,0.73613,0.90093,0.98169,0.95243,0.63853
379.29455,0.95101,0.60771,0.74592,0.90757,0.9831,0.94683,0.6417
379.38144,0.95759,0.61527,0.75544,0.91323,0.98417,0.94146,0.64516
379.46838,0.96375,0.62311,0.76459,0.91789,0.985,0.93641,0.6489
379.55535,0.96948,0.63124,0.77328,0.92158,0.98565,0.93175,0.65292
379.64237,0.97473,0.63965,0.78144,0.92435,0.98622,0.92755,0.65722
379.72942,0.97949,0.64833,0.789,0.92628,0.98675,0.92385,0.66179
379.81651,0.98373,0.65729,0.79592,0.92748,0.98728,0.92069,0.66663
379.90365,0.98741,0.66651,0.8022,0.92809,0.98784,0.91809,0.67173
379.99082,0.99053,0.67597,0.80787,0.92825,0.98842,0.91606,0.6771
380.07804,0.99305,0.68565,0.81297,0.92812,0.98901,0.91461,0.68272
380.16529,0.99497,0.69551,0.81758,0.92783,0.98959,0.91372,0.6886
380.25258,0.99627,0.70554,0.82178,0.9275,0.99013,0.9134,0.69473
380.33992,0.99693,0.71571,0.82568,0.92726,0.99059,0.91361,0.7011
380.42729,0.99695,0.72598,0.82938,0.92718,0.99092,0.91434,0.70771
380.51471,0.99632,0.73634,0.83297,0.92734,0.99107,0.91555,0.71456
380.60216,0.99504,0.74675,0.83652,0.92778,0.99101,0.91722,0.72163
380.68966,0.99311,0.75719,0.84013,0.92853,0.99068,0.91931,0.72891
380.77719,0.99053,0.76766,0.84383,0.92961,0.99005,0.92178,0.73641
380.86477,0.98732,0.77812,0.84767,0.93101,0.98907,0.9246,0.74412
380.95238,0.98348,0.78856,0.85169,0.93272,0.98771,0.92772,0.75201
381.04004,0.97903,0.79897,0.8559,0.93472,0.98594,0.9311,0.76009
381.12773,0.97398,0.80933,0.8603,0.93699,0.98373,0.9347,0.76834
381.21547,0.96836,0.81963,0.8649,0.93948,0.98106,0.93849,0.77674
381.30325,0.96219,0.82985,0.86968,0.94217,0.9779,0.94241,0.78529
381.39106,0.95549,0.83997,0.87464,0.94502,0.97425,0.94642,0.79397
381.47892,0.94829,0.84997,0.87974,0.94799,0.97009,0.95049,0.80277
381.56682,0.94062,0.85985,0.88498,0.95104,0.96542,0.95458,0.81166
381.65476,0.93252,0.86957,0.89033,0.95413,0.96022,0.95863,0.82063
381.74274,0.924,0.87912,0.89575,0.95723,0.95451,0.96263,0.82966
381.83076,0.91511,0.88848,0.90123,0.9603,0.94829,0.96652,0.83873
381.91882,0.90587,0.89761,0.90674,0.96331,0.94155,0.97027,0.84782
382.00692,0.89632,0.90651,0.91225,0.96623,0.93432,0.97385,0.8569
382.09506,0.8865,0.91513,0.91774,0.96901,0.92661,0.97721,0.86594
382.18324,0.87644,0.92347,0.92317,0.97165,0.91842,0.98034,0.87493
382.27147,0.86616,0.93148,0.92852,0.9741,0.90979,0.9832,0.88384
382.35973,0.85571,0.93914,0.93376,0.97633,0.90072,0.98576,0.89263
382.44804,0.84511,0.94644,0.93888,0.97834,0.89123,0.98799,0.90128
382.53638,0.83439,0.95333,0.94383,0.98009,0.88136,0.98988,0.90975
382.62477,0.82358,0.95979,0.94861,0.98157,0.87112,0.99139,0.91803
382.7132,0.81271,0.96581,0.95317,0.98275,0.86054,0.99252,0.92606
382.80166,0.80181,0.97134,0.95751,0.98363,0.84965,0.99324,0.93384
382.89017,0.7909,0.97638,0.9616,0.98418,0.83847,0.99353,0.94131
382.97872,0.78001,0.9809,0.96542,0.98439,0.82703,0.9934,0.94846
383.06731,0.76915,0.98487,0.96894,0.98426,0.81536,0.99282,0.95524
383.15595,0.75835,0.98828,0.97216,0.98377,0.80349,0.99179,0.96163
383.24462,0.74762,0.99112,0.97504,0.98292,0.79145,0.9903,0.9676
383.33333,0.73698,0.99336,0.97758,0.9817,0.77926,0.98836,0.97312
383.42209,0.72646,0.99501,0.97976,0.98011,0.76695,0.98597,0.97816
383.51088,0.71606,0.99604,0.98156,0.97814,0.75456,0.98312,0.9827
383.59972,0.70579,0.99646,0.98298,0.9758,0.74212,0.97982,0.98671
383.6886,0.69568,0.99626,0.984,0.97309,0.72964,0.97608,0.99016
383.77752,0.68572,0.99544,0.98461,0.97001,0.71718,0.97191,0.99305
383.86648,0.67593,0.99401,0.98482,0.96656,0.70475,0.96732,0.99534
383.95548,0.66632,0.99196,0.9846,0.96276,0.69238,0.96231,0.99704
384.04453,0.65689,0.98932,0.98396,0.95861,0.68011,0.95692,0.99812
384.13361,0.64765,0.98609,0.98289,0.95411,0.66798,0.95114,0.99857
384.22274,0.6386,0.98228,0.9814,0.94928,0.65601,0.945,0.9984
384.31191,0.62976,0.97792,0.97949,0.94413,0.64425,0.93852,0.9976
384.40111,0.62112,0.97302,0.97715,0.93867,0.63273,0.93171,0.99617
384.49036,0.61268,0.9676,0.97439,0.93291,0.6215,0.92459,0.99411
384.57966,0.60445,0.96168,0.97123,0.92687,0.6106,0.91719,0.99143
384.66899,0.59643,0.9553,0.96766,0.92055,0.60008,0.90952,0.98815
384.75836,0.58862,0.94847,0.96369,0.91398,0.58999,0.9016,0.98427
384.84778,0.58102,0.94122,0.95934,0.90717,0.58041,0.89346,0.97981
384.93724,0.57363,0.93359,0.95462,0.90013,0.5714,0.88511,0.9748
385.02674,0.56646,0.92559,0.94954,0.89287,0.56303,0.87657,0.96924
385.11628,0.55949,0.91726,0.94411,0.88543,0.55541,0.86788,0.96316
385.20586,0.55274,0.90864,0.93835,0.8778,0.54862,0.85903,0.95659
385.29549,0.54619,0.89974,0.93227,0.87001,0.54279,0.85006,0.94956
385.38515,0.53985,0.8906,0.92589,0.86207,0.53804,0.84098,0.94209
385.47486,0.53372,0.88124,0.91923,0.854,0.53453,0.83182,0.9342
385.56461,0.52779,0.8717,0.9123,0.8458,0.53243,0.82258,0.92594
385.6544,0.52206,0.86199,0.90512,0.83751,0.53192,0.81328,0.91732
385.74423,0.51653,0.85216,0.89771,0.82912,0.53322,0.80395,0.90838
385.83411,0.5112,0.84222,0.89009,0.82066,0.53656,0.79459,0.89915
385.92403,0.50607,0.8322,0.88227,0.81213,0.54219,0.78523,0.88966
386.01399,0.50114,0.82212,0.87428,0.80356,0.55037,0.77586,0.87993
386.10399,0.4964,0.812,0.86612,0.79495,0.56138,0.76652,0.87001
386.19403,0.49185,0.80187,0.85782,0.78632,0.57547,0.7572,0.8599
386.28411,0.48749,0.79174,0.8494,0.77767,0.59286,0.74792,0.84965
386.37424,0.48332,0.78163,0.84086,0.76902,0.61372,0.73869,0.83928
386.46441,0.47933,0.77157,0.83224,0.76038,0.63811,0.72953,0.82881
386.55462,0.47554,0.76156,0.82354,0.75175,0.66594,0.72043,0.81827
386.64488,0.47192,0.75162,0.81477,0.74316,0.69697,0.71141,0.80768
386.73517,0.46849,0.74177,0.80596,0.7346,0.73068,0.70247,0.79707
386.82551,0.46524,0.73202,0.79711,0.72608,0.76636,0.69362,0.78644
386.91589,0.46217,0.72237,0.78825,0.71761,0.803,0.68487,0.77583
387.00631,0.45928,0.71284,0.77938,0.70921,0.83943,0.67622,0.76525
387.09677,0.45657,0.70344,0.77051,0.70087,0.87431,0.66768,0.75471
387.18728,0.45405,0.69418,0.76166,0.6926,0.90632,0.65925,0.74424
387.27783,0.4517,0.68506,0.75283,0.6844,0.93426,0.65094,0.73384
387.36842,0.44953,0.67609,0.74405,0.67629,0.95714,0.64274,0.72353
387.45905,0.44754,0.66728,0.7353,0.66826,0.97435,0.63467,0.71331
387.54973,0.44573,0.65863,0.72662,0.66033,0.9856,0.62672,0.70321
387.64045,0.4441,0.65014,0.71799,0.65248,0.99098,0.61889,0.69323
387.73121,0.44265,0.64182,0.70944,0.64474,0.99087,0.6112,0.68337
387.82201,0.44139,0.63367,0.70096,0.63709,0.98587,0.60363,0.67365
387.91286,0.44031,0.6257,0.69257,0.62955,0.97669,0.59619,0.66407
388.00375,0.43941,0.6179,0.68427,0.62211,0.9641,0.58887,0.65463
388.09468,0.43871,0.61028,0.67606,0.61478,0.94883,0.58169,0.64535
388.18565,0.4382,0.60283,0.66795,0.60755,0.93157,0.57464,0.63622
388.27667,0.43788,0.59557,0.65994,0.60044,0.91291,0.56772,0.62725
388.36773,0.43776,0.58848,0.65203,0.59343,0.89337,0.56093,0.61844
388.45883,0.43784,0.58158,0.64424,0.58654,0.87336,0.55427,0.6098
388.54998,0.43813,0.57485,0.63656,0.57976,0.8532,0.54773,0.60132
388.64116,0.43863,0.5683,0.62899,0.57309,0.83315,0.54133,0.593
388.73239,0.43933,0.56193,0.62154,0.56653,0.8134,0.53504,0.58485
388.82367,0.44026,0.55573,0.61421,0.56008,0.79409,0.52889,0.57687
388.91498,0.44142,0.54971,0.607,0.55375,0.77533,0.52285,0.56906
389.00634,0.4428,0.54387,0.59991,0.54753,0.75716,0.51694,0.56141
389.09774,0.44442,0.5382,0.59294,0.54141,0.73964,0.51115,0.55392
389.18919,0.44629,0.5327,0.58609,0.53541,0.72279,0.50548,0.5466
389.28068,0.44841,0.52737,0.57937,0.52952,0.7066,0.49993,0.53944
389.37221,0.45078,0.52221,0.57276,0.52373,0.69108,0.49449,0.53244
389.46378,0.45343,0.51723,0.56628,0.51806,0.67621,0.48917,0.52559
389.5554,0.45635,0.5124,0.55992,0.51249,0.66197,0.48395,0.51891
389.64706,0.45956,0.50775,0.55368,0.50702,0.64834,0.47885,0.51238
389.73876,0.46307,0.50326,0.54756,0.50166,0.6353,0.47386,0.506
389.83051,0.46689,0.49893,0.54157,0.49641,0.62282,0.46897,0.49977
389.9223,0.47103,0.49477,0.53569,0.49125,0.61088,0.46419,0.49369
390.01413,0.4755,0.49077,0.52992,0.48619,0.59945,0.45951,0.48776
390.10601,0.48031,0.48693,0.52428,0.48124,0.5885,0.45493,0.48197
390.19793,0.48549,0.48326,0.51875,0.47638,0.57802,0.45046,0.47632
390.28989,0.49103,0.47974,0.51333,0.47161,0.56797,0.44607,0.4708
390.3819,0.49696,0.47638,0.50803,0.46694,0.55833,0.44179,0.46542
390.47394,0.5033,0.47318,0.50283,0.46237,0.54909,0.4376,0.46017
390.56604,0.51004,0.47014,0.49775,0.45788,0.54022,0.4335,0.45505
390.65817,0.51723,0.46726,0.49278,0.45349,0.5317,0.42949,0.45006
390.75035,0.52485,0.46454,0.48791,0.44918,0.52351,0.42556,0.4452
390.84258,0.53295,0.46197,0.48315,0.44496,0.51564,0.42173,0.44045
390.93484,0.54152,0.45957,0.47849,0.44083,0.50807,0.41797,0.43582
391.02715,0.55058,0.45733,0.47393,0.43678,0.50079,0.41431,0.43131
391.11951,0.56016,0.45526,0.46948,0.43281,0.49378,0.41072,0.42692
391.21191,0.57026,0.45335,0.46512,0.42892,0.48702,0.40721,0.42263
391.30435,0.58089,0.4516,0.46086,0.42511,0.48051,0.40378,0.41846
391.39683,0.59208,0.45002,0.45669,0.42138,0.47423,0.40042,0.41439
391.48936,0.60382,0.44861,0.45262,0.41773,0.46818,0.39714,0.41042
391.58193,0.61612,0.44738,0.44864,0.41415,0.46233,0.39394,0.40656
391.67455,0.62899,0.44632,0.44476,0.41064,0.45669,0.3908,0.4028
391.76721,0.64243,0.44544,0.44096,0.40721,0.45123,0.38774,0.39913
391.85991,0.65644,0.44474,0.43725,0.40385,0.44596,0.38474,0.39556
391.95266,0.67099,0.44423,0.43363,0.40055,0.44087,0.38181,0.39209
392.04545,0.68609,0.44392,0.43009,0.39733,0.43594,0.37895,0.3887
392.13829,0.70169,0.44379,0.42663,0.39417,0.43117,0.37615,0.3854
392.23117,0.71778,0.44388,0.42326,0.39107,0.42656,0.37341,0.38219
392.32409,0.7343,0.44417,0.41996,0.38804,0.42209,0.37073,0.37907
392.41706,0.75122,0.44467,0.41675,0.38507,0.41776,0.36812,0.37602
392.51007,0.76846,0.4454,0.41361,0.38216,0.41357,0.36556,0.37306
392.60313,0.78595,0.44636,0.41055,0.37932,0.4095,0.36306,0.37018
392.69623,0.8036,0.44756,0.40757,0.37653,0.40556,0.36062,0.36738
392.78937,0.82131,0.44901,0.40466,0.3738,0.40174,0.35824,0.36465
392.88256,0.83898,0.45071,0.40182,0.37112,0.39804,0.3559,0.36199
392.97579,0.85646,0.45269,0.39906,0.3685,0.39444,0.35362,0.35941
393.06907,0.87362,0.45495,0.39636,0.36594,0.39095,0.3514,0.3569
393.16239,0.89031,0.4575,0.39374,0.36343,0.38756,0.34922,0.35446
393.25576,0.90637,0.46035,0.39118,0.36097,0.38427,0.3471,0.35209
393.34917,0.92164,0.46353,0.38869,0.35856,0.38107,0.34502,0.34979
393.44262,0.93595,0.46705,0.38627,0.3562,0.37797,0.34299,0.34755
393.53612,0.94912,0.47092,0.38391,0.35389,0.37495,0.34101,0.34537
393.62966,0.961,0.47515,0.38162,0.35163,0.37202,0.33907,0.34326
393.72325,0.97144,0.47978,0.37939,0.34942,0.36917,0.33718,0.34121
393.81688,0.98029,0.48481,0.37723,0.34725,0.3664,0.33534,0.33922
393.91056,0.98743,0.49028,0.37513,0.34512,0.3637,0.33353,0.33728
394.00428,0.99277,0.49619,0.37309,0.34305,0.36108,0.33177,0.33541
394.09805,0.99623,0.50257,0.37111,0.34101,0.35854,0.33005,0.33359
394.19186,0.99777,0.50945,0.36919,0.33902,0.35606,0.32838,0.33183
394.28571,0.99737,0.51685,0.36733,0.33707,0.35365,0.32674,0.33012
394.37961,0.99504,0.52478,0.36553,0.33516,0.3513,0.32514,0.32847
394.47356,0.99084,0.53328,0.3638,0.33329,0.34902,0.32358,0.32687
394.56755,0.98482,0.54237,0.36212,0.33146,0.3468,0.32206,0.32532
394.66158,0.97709,0.55207,0.36049,0.32967,0.34463,0.32058,0.32383
394.75566,0.96776,0.5624,0.35893,0.32791,0.34253,0.31913,0.32238
394.84979,0.95695,0.57337,0.35742,0.3262,0.34048,0.31772,0.32098
394.94395,0.94482,0.58501,0.35598,0.32452,0.33849,0.31635,0.31963
395.03817,0.93152,0.59733,0.35459,0.32287,0.33655,0.31501,0.31833
395.13243,0.91721,0.61032,0.35325,0.32127,0.33466,0.3137,0.31707
395.22673,0.90203,0.62399,0.35198,0.31969,0.33282,0.31243,0.31587
395.32108,0.88615,0.63832,0.35076,0.31815,0.33103,0.31119,0.3147
395.41547,0.86971,0.6533,0.34961,0.31665,0.32929,0.30998,0.31358
395.50991,0.85286,0.66888,0.3485,0.31517,0.3276,0.30881,0.31251
395.6044,0.83571,0.68502,0.34746,0.31373,0.32595,0.30766,0.31148
395.69892,0.81839,0.70164,0.34648,0.31232,0.32434,0.30655,0.31049
395.7935,0.80101,0.71866,0.34556,0.31094,0.32278,0.30547,0.30955
395.88812,0.78367,0.73596,0.34469,0.3096,0.32125,0.30442,0.30864
395.98278,0.76644,0.7534,0.34389,0.30828,0.31977,0.3034,0.30778
396.07749,0.74939,0.77083,0.34315,0.30699,0.31833,0.3024,0.30696
396.17225,0.7326,0.78805,0.34246,0.30573,0.31693,0.30144,0.30618
396.26705,0.71611,0.80485,0.34185,0.30451,0.31556,0.30051,0.30544
396.3619,0.69996,0.821,0.34129,0.30331,0.31424,0.2996,0.30474
396.45679,0.68418,0.83624,0.3408,0.30213,0.31295,0.29872,0.30408
396.55172,0.66881,0.85031,0.34038,0.30099,0.31169,0.29786,0.30346
396.64671,0.65386,0.86296,0.34003,0.29987,0.31047,0.29704,0.30287
396.74173,0.63934,0.87391,0.33974,0.29878,0.30929,0.29624,0.30233
396.83681,0.62527,0.88292,0.33952,0.29772,0.30813,0.29547,0.30182
396.93193,0.61165,0.8898,0.33938,0.29669,0.30701,0.29472,0.30135
397.02709,0.59848,0.89436,0.33931,0.29568,0.30593,0.294,0.30092
397.1223,0.58576,0.89648,0.33932,0.2947,0.30487,0.2933,0.30052
397.21756,0.57348,0.89609,0.3394,0.29374,0.30385,0.29263,0.30016
397.31286,0.56163,0.89319,0.33957,0.29282,0.30285,0.29198,0.29984
397.40821,0.55022,0.88782,0.33982,0.29192,0.30189,0.29136,0.29956
397.5036,0.53922,0.8801,0.34016,0.29104,0.30095,0.29076,0.29931
397.59904,0.52862,0.87018,0.34058,0.29019,0.30004,0.29019,0.29909
397.69452,0.51842,0.85827,0.3411,0.28938,0.29916,0.28964,0.29891
397.79006,0.5086,0.84458,0.34172,0.28858,0.29831,0.28911,0.29877
397.88563,0.49915,0.82938,0.34243,0.28782,0.29749,0.28861,0.29867
397.98125,0.49006,0.81292,0.34325,0.28709,0.29669,0.28813,0.2986
398.07692,0.48131,0.79547,0.34418,0.28638,0.29592,0.28767,0.29856
398.17264,0.4729,0.77727,0.34522,0.28571,0.29518,0.28724,0.29856
398.2684,0.4648,0.75856,0.34638,0.28507,0.29446,0.28683,0.2986
398.3642,0.45701,0.73955,0.34766,0.28446,0.29377,0.28644,0.29867
398.46006,0.44951,0.72044,0.34907,0.28389,0.2931,0.28607,0.29878
398.55596,0.44229,0.70139,0.35062,0.28335,0.29246,0.28572,0.29892
398.6519,0.43534,0.68255,0.35231,0.28286,0.29184,0.2854,0.2991
398.74789,0.42865,0.66403,0.35414,0.2824,0.29124,0.2851,0.29931
398.84393,0.42221,0.64592,0.35614,0.28199,0.29067,0.28482,0.29956
398.94001,0.41601,0.6283,0.35829,0.28162,0.29012,0.28456,0.29985
399.03614,0.41003,0.61123,0.36062,0.2813,0.2896,0.28433,0.30017
399.13232,0.40428,0.59475,0.36314,0.28103,0.2891,0.28411,0.30053
399.22854,0.39873,0.57888,0.36584,0.28081,0.28862,0.28392,0.30092
399.32481,0.39338,0.56364,0.36874,0.28065,0.28816,0.28375,0.30135
399.42113,0.38822,0.54903,0.37186,0.28054,0.28773,0.2836,0.30181
399.51749,0.38324,0.53506,0.37519,0.28048,0.28732,0.28347,0.30232
399.6139,0.37844,0.52171,0.37876,0.28048,0.28693,0.28336,0.30286
399.71035,0.37381,0.50897,0.38258,0.28053,0.28656,0.28327,0.30343
399.80686,0.36934,0.49682,0.38665,0.28063,0.28622,0.28321,0.30405
399.9034,0.36502,0.48525,0.39099,0.28078,0.28589,0.28316,0.3047
400,0.36085,0.47423,0.39561,0.28095,0.28559,0.28314,0.30539
400.09664,0.35682,0.46375,0.40052,0.28116,0.28531,0.28313,0.30612
400.19333,0.35293,0.45377,0.40575,0.28138,0.28505,0.28315,0.30689
400.29007,0.34916,0.44427,0.41128,0.28161,0.28481,0.28319,0.3077
400.38685,0.34552,0.43524,0.41715,0.28185,0.28459,0.28325,0.30854
400.48368,0.342,0.42665,0.42335,0.28207,0.28439,0.28333,0.30943
400.58055,0.3386,0.41847,0.42989,0.28228,0.28422,0.28344,0.31035
400.67747,0.3353,0.41069,0.43678,0.28248,0.28406,0.28356,0.31132
400.77444,0.33211,0.40328,0.44402,0.28265,0.28393,0.2837,0.31233
400.87146,0.32902,0.39623,0.45161,0.28279,0.28381,0.28387,0.31338
400.96852,0.32603,0.38951,0.45952,0.28292,0.28372,0.28406,0.31447
401.06563,0.32313,0.38311,0.46776,0.28302,0.28364,0.28427,0.3156
401.16279,0.32033,0.37701,0.47629,0.28311,0.28359,0.2845,0.31678
401.26,0.3176,0.37119,0.48509,0.28318,0.28356,0.28475,0.318
401.35725,0.31497,0.36563,0.49409,0.28324,0.28355,0.28503,0.31926
401.45455,0.31241,0.36033,0.50326,0.2833,0.28356,0.28532,0.32057
401.55189,0.30992,0.35527,0.51252,0.28336,0.28359,0.28564,0.32193
401.64928,0.30752,0.35044,0.52178,0.28342,0.28364,0.28598,0.32333
401.74672,0.30518,0.34582,0.53093,0.28348,0.28371,0.28634,0.32478
401.84421,0.30291,0.3414,0.53987,0.28356,0.2838,0.28673,0.32627
401.94175,0.30071,0.33717,0.54845,0.28365,0.28391,0.28714,0.32782
402.03933,0.29857,0.33313,0.55653,0.28375,0.28404,0.28757,0.32941
402.13696,0.2965,0.32925,0.56394,0.28388,0.2842,0.28802,0.33106
402.23464,0.29448,0.32554,0.57053,0.28402,0.28437,0.2885,0.33275
402.33236,0.29252,0.32198,0.57614,0.28418,0.28457,0.289,0.33449
402.43013,0.29061,0.31857,0.58059,0.28437,0.28479,0.28952,0.33629
402.52795,0.28876,0.3153,0.58376,0.28459,0.28503,0.29007,0.33814
402.62582,0.28696,0.31215,0.58552,0.28483,0.28529,0.29064,0.34005
402.72374,0.28521,0.30914,0.58578,0.2851,0.28557,0.29123,0.34201
402.8217,0.28351,0.30624,0.58448,0.2854,0.28587,0.29185,0.34402
402.91971,0.28186,0.30346,0.58162,0.28572,0.2862,0.2925,0.3461
403.01777,0.28025,0.30078,0.57722,0.28608,0.28655,0.29317,0.34823
403.11587,0.27868,0.2982,0.57135,0.28647,0.28692,0.29386,0.35042
403.21402,0.27716,0.29573,0.56412,0.28689,0.28731,0.29458,0.35267
403.31223,0.27568,0.29334,0.55566,0.28735,0.28773,0.29533,0.35498
403.41048,0.27423,0.29105,0.54614,0.28784,0.28816,0.2961,0.35736
403.50877,0.27283,0.28884,0.53573,0.28836,0.28863,0.2969,0.3598
403.60712,0.27146,0.28671,0.52461,0.28892,0.28911,0.29772,0.3623
403.70551,0.27013,0.28465,0.51297,0.28952,0.28962,0.29857,0.36487
403.80395,0.26883,0.28267,0.50098,0.29015,0.29015,0.29945,0.36751
403.90244,0.26757,0.28076,0.48879,0.29082,0.29071,0.30036,0.37022
404.00098,0.26634,0.27892,0.47655,0.29153,0.29129,0.3013,0.37299
404.09956,0.26515,0.27715,0.4644,0.29228,0.2919,0.30226,0.37584
404.19819,0.26398,0.27543,0.45242,0.29307,0.29253,0.30326,0.37876
404.29688,0.26285,0.27377,0.44071,0.29391,0.29319,0.30428,0.38176
404.3956,0.26174,0.27218,0.42934,0.29479,0.29387,0.30533,0.38483
404.49438,0.26066,0.27063,0.41837,0.29571,0.29458,0.30642,0.38798
404.59321,0.25961,0.26914,0.40781,0.29667,0.29532,0.30753,0.39121
404.69208,0.25859,0.2677,0.39771,0.29769,0.29608,0.30868,0.39452
404.791,0.25759,0.26631,0.38807,0.29875,0.29687,0.30986,0.39791
404.88998,0.25662,0.26496,0.37891,0.29986,0.29769,0.31107,0.40138
404.98899,0.25568,0.26366,0.37021,0.30103,0.29854,0.31231,0.40494
405.08806,0.25476,0.2624,0.36198,0.30225,0.29941,0.31359,0.40859
405.18718,0.25386,0.26119,0.35419,0.30352,0.30032,0.3149,0.41233
405.28634,0.25299,0.26001,0.34684,0.30485,0.30125,0.31624,0.41616
405.38556,0.25214,0.25887,0.33991,0.30623,0.30222,0.31762,0.42007
405.48482,0.25131,0.25777,0.33338,0.30768,0.30321,0.31904,0.42409
405.58413,0.2505,0.25671,0.32723,0.30919,0.30424,0.32049,0.4282
405.68349,0.24971,0.25568,0.32145,0.31077,0.3053,0.32198,0.4324
405.7829,0.24895,0.25469,0.316,0.31241,0.30639,0.32351,0.43671
405.88235,0.2482,0.25373,0.31088,0.31412,0.30751,0.32507,0.44112
405.98186,0.24748,0.2528,0.30607,0.31591,0.30867,0.32668,0.44563
406.08141,0.24677,0.2519,0.30154,0.31777,0.30986,0.32832,0.45025
406.18102,0.24608,0.25103,0.29728,0.31971,0.31108,0.33,0.45497
406.28067,0.24542,0.25019,0.29327,0.32172,0.31235,0.33173,0.4598
406.38037,0.24476,0.24938,0.2895,0.32383,0.31364,0.3335,0.46475
406.48012,0.24413,0.24859,0.28596,0.32601,0.31498,0.33531,0.4698
406.57992,0.24352,0.24783,0.28262,0.32829,0.31635,0.33716,0.47497
406.67976,0.24292,0.2471,0.27948,0.33066,0.31776,0.33906,0.48026
406.77966,0.24234,0.24639,0.27653,0.33313,0.31921,0.341,0.48566
406.87961,0.24177,0.24571,0.27375,0.3357,0.3207,0.34299,0.49118
406.9796,0.24122,0.24505,0.27113,0.33838,0.32223,0.34503,0.49683
407.07965,0.24069,0.24441,0.26866,0.34116,0.3238,0.34712,0.5026
407.17974,0.24017,0.2438,0.26633,0.34406,0.32542,0.34925,0.50849
407.27988,0.23967,0.24321,0.26414,0.34707,0.32708,0.35143,0.51451
407.38007,0.23918,0.24264,0.26208,0.35021,0.32878,0.35367,0.52065
407.48031,0.23871,0.24209,0.26013,0.35347,0.33053,0.35596,0.52693
407.58061,0.23825,0.24156,0.2583,0.35686,0.33233,0.3583,0.53333
407.68095,0.23781,0.24105,0.25658,0.36038,0.33417,0.36069,0.53986
407.78133,0.23738,0.24057,0.25495,0.36404,0.33606,0.36314,0.54653
407.88177,0.23697,0.2401,0.25342,0.36784,0.338,0.36564,0.55332
407.98226,0.23657,0.23965,0.25198,0.37179,0.33999,0.3682,0.56025
408.0828,0.23618,0.23922,0.25062,0.37588,0.34204,0.37082,0.56732
408.18339,0.2358,0.2388,0.24935,0.38012,0.34413,0.3735,0.57451
408.28402,0.23544,0.23841,0.24815,0.38452,0.34628,0.37624,0.58184
408.38471,0.2351,0.23803,0.24702,0.38907,0.34849,0.37905,0.58931
408.48545,0.23476,0.23767,0.24596,0.39377,0.35075,0.38191,0.5969
408.58623,0.23444,0.23733,0.24497,0.39863,0.35307,0.38484,0.60463
408.68707,0.23413,0.237,0.24404,0.40364,0.35545,0.38784,0.61248
408.78795,0.23383,0.2367,0.24317,0.4088,0.3579,0.3909,0.62047
408.88889,0.23355,0.2364,0.24236,0.4141,0.3604,0.39403,0.62858
408.98987,0.23328,0.23613,0.2416,0.41953,0.36297,0.39723,0.63682
409.09091,0.23302,0.23587,0.24089,0.42508,0.3656,0.4005,0.64517
409.19199,0.23277,0.23562,0.24023,0.43074,0.3683,0.40385,0.65365
409.29313,0.23254,0.23539,0.23963,0.43649,0.37106,0.40727,0.66224
409.39431,0.23231,0.23518,0.23906,0.44231,0.3739,0.41076,0.67094
409.49555,0.2321,0.23498,0.23855,0.44818,0.37681,0.41433,0.67975
409.59683,0.2319,0.2348,0.23807,0.45405,0.37978,0.41798,0.68865
409.69817,0.23171,0.23463,0.23764,0.4599,0.38284,0.42171,0.69766
409.79955,0.23154,0.23448,0.23725,0.46567,0.38597,0.42551,0.70675
409.90099,0.23137,0.23434,0.2369,0.47134,0.38917,0.42941,0.71592
410.00248,0.23122,0.23422,0.23658,0.47683,0.39245,0.43338,0.72516
410.10401,0.23108,0.23411,0.2363,0.48209,0.39582,0.43744,0.73447
410.2056,0.23095,0.23401,0.23606,0.48706,0.39927,0.44159,0.74384
410.30723,0.23083,0.23394,0.23586,0.49167,0.40279,0.44582,0.75325
410.40892,0.23072,0.23387,0.23568,0.49584,0.40641,0.45015,0.76269
410.51066,0.23063,0.23382,0.23554,0.4995,0.41011,0.45457,0.77216
410.61245,0.23054,0.23378,0.23544,0.50257,0.4139,0.45908,0.78165
410.71429,0.23047,0.23376,0.23536,0.505,0.41777,0.46368,0.79113
410.81617,0.23041,0.23376,0.23532,0.50671,0.42174,0.46838,0.80059
410.91811,0.23036,0.23376,0.2353,0.50764,0.4258,0.47317,0.81003
411.0201,0.23032,0.23379,0.23532,0.50774,0.42995,0.47807,0.81943
411.12214,0.23029,0.23382,0.23537,0.50699,0.4342,0.48306,0.82876
411.22424,0.23028,0.23387,0.23544,0.50537,0.43854,0.48815,0.83802
411.32638,0.23027,0.23394,0.23555,0.50288,0.44297,0.49335,0.84718
411.42857,0.23028,0.23402,0.23568,0.49953,0.4475,0.49864,0.85624
411.53082,0.2303,0.23411,0.23585,0.49535,0.45213,0.50404,0.86517
411.63311,0.23033,0.23422,0.23604,0.49041,0.45686,0.50955,0.87395
411.73545,0.23037,0.23435,0.23625,0.48476,0.46168,0.51516,0.88256
411.83785,0.23042,0.23449,0.2365,0.47849,0.46659,0.52088,0.89099
411.9403,0.23049,0.23464,0.23677,0.47169,0.4716,0.5267,0.89921
412.0428,0.23056,0.23481,0.23707,0.46444,0.47671,0.53263,0.90721
412.14535,0.23065,0.235,0.2374,0.45686,0.48191,0.53867,0.91496
412.24795,0.23075,0.23519,0.23775,0.44904,0.4872,0.54481,0.92245
412.3506,0.23087,0.23541,0.23813,0.44107,0.49257,0.55106,0.92966
412.4533,0.23099,0.23564,0.23854,0.43304,0.49803,0.55742,0.93656
412.55605,0.23113,0.23589,0.23897,0.42504,0.50358,0.56389,0.94314
412.65886,0.23128,0.23615,0.23943,0.41714,0.5092,0.57046,0.94939
412.76171,0.23144,0.23643,0.23992,0.4094,0.51489,0.57714,0.95527
412.86462,0.23161,0.23672,0.24043,0.40188,0.52064,0.58392,0.96078
412.96758,0.2318,0.23703,0.24097,0.39463,0.52646,0.5908,0.9659
413.07059,0.232,0.23736,0.24153,0.38768,0.53233,0.59779,0.97062
413.17365,0.23221,0.23771,0.24212,0.38105,0.53824,0.60487,0.97492
413.27677,0.23243,0.23807,0.24274,0.37477,0.54419,0.61205,0.97878
413.37993,0.23267,0.23845,0.24338,0.36885,0.55016,0.61932,0.98221
413.48315,0.23292,0.23884,0.24404,0.36331,0.55614,0.62668,0.98518
413.58641,0.23319,0.23926,0.24474,0.35813,0.56212,0.63413,0.9877
413.68973,0.23347,0.23969,0.24545,0.35332,0.56808,0.64167,0.98974
413.7931,0.23376,0.24014,0.24619,0.34888,0.57401,0.64928,0.99132
413.89653,0.23406,0.24062,0.24696,0.34479,0.5799,0.65696,0.99241
414,0.23438,0.24111,0.24775,0.34106,0.58571,0.66471,0.99304
414.10353,0.23472,0.24161,0.24857,0.33766,0.59144,0.67252,0.99318
414.2071,0.23507,0.24214,0.24941,0.33459,0.59705,0.68039,0.99285
414.31073,0.23543,0.24269,0.25028,0.33183,0.60254,0.68831,0.99205
414.41441,0.23581,0.24326,0.25117,0.32937,0.60787,0.69627,0.99078
414.51815,0.2362,0.24386,0.25208,0.3272,0.61303,0.70426,0.98905
414.62193,0.23661,0.24447,0.25302,0.32531,0.61798,0.71227,0.98687
414.72577,0.23703,0.2451,0.25399,0.32367,0.6227,0.7203,0.98425
414.82966,0.23747,0.24576,0.25498,0.3223,0.62716,0.72833,0.98119
414.9336,0.23793,0.24644,0.25599,0.32116,0.63134,0.73636,0.97771
415.03759,0.2384,0.24714,0.25703,0.32025,0.63521,0.74437,0.97383
415.14164,0.23889,0.24787,0.25809,0.31956,0.63874,0.75235,0.96955
415.24574,0.2394,0.24862,0.25918,0.31908,0.64191,0.76028,0.9649
415.34989,0.23992,0.2494,0.26029,0.3188,0.6447,0.76817,0.95989
415.45409,0.24046,0.2502,0.26143,0.31871,0.64707,0.77598,0.95453
415.55834,0.24102,0.25103,0.26259,0.3188,0.64902,0.78372,0.94885
415.66265,0.2416,0.25189,0.26378,0.31907,0.65053,0.79135,0.94285
415.76701,0.24219,0.25277,0.265,0.31951,0.65157,0.79888,0.93657
415.87142,0.2428,0.25369,0.26624,0.32011,0.65214,0.80628,0.93001
415.97589,0.24344,0.25463,0.26751,0.32087,0.65224,0.81353,0.9232
416.0804,0.24409,0.2556,0.26881,0.32178,0.65186,0.82063,0.91615
416.18497,0.24476,0.2566,0.27013,0.32285,0.651,0.82756,0.90889
416.28959,0.24545,0.25764,0.27149,0.32405,0.64967,0.83429,0.90143
416.39427,0.24617,0.2587,0.27287,0.32539,0.64788,0.84081,0.89379
416.49899,0.2469,0.2598,0.27429,0.32687,0.64565,0.84712,0.88599
416.60377,0.24766,0.26094,0.27573,0.32848,0.64299,0.85318,0.87804
416.70861,0.24843,0.26211,0.27721,0.33022,0.63995,0.859,0.86997
416.81349,0.24923,0.26331,0.27872,0.3321,0.63654,0.86454,0.86178
416.91843,0.25006,0.26456,0.28027,0.33409,0.63281,0.8698,0.8535
417.02342,0.2509,0.26584,0.28185,0.33621,0.62879,0.87476,0.84514
417.12846,0.25177,0.26716,0.28347,0.33845,0.62452,0.87941,0.83671
417.23356,0.25267,0.26853,0.28512,0.34082,0.62004,0.88373,0.82824
417.33871,0.25359,0.26993,0.28682,0.34331,0.61541,0.88772,0.81972
417.44391,0.25453,0.27139,0.28855,0.34591,0.61067,0.89137,0.81119
417.54917,0.2555,0.27288,0.29033,0.34864,0.60586,0.89466,0.80264
417.65448,0.2565,0.27443,0.29214,0.35148,0.60105,0.89759,0.79409
417.75984,0.25753,0.27602,0.29401,0.35444,0.59626,0.90015,0.78555
417.86525,0.25858,0.27766,0.29591,0.35753,0.59156,0.90234,0.77703
417.97072,0.25966,0.27936,0.29787,0.36073,0.58698,0.90416,0.76855
418.07624,0.26077,0.28111,0.29987,0.36406,0.58257,0.90559,0.7601
418.18182,0.26191,0.28291,0.30192,0.3675,0.57836,0.90665,0.7517
418.28745,0.26308,0.28478,0.30402,0.37107,0.57441,0.90733,0.74335
418.39313,0.26428,0.2867,0.30617,0.37476,0.57073,0.90763,0.73507
418.49886,0.26551,0.28869,0.30838,0.37858,0.56738,0.90757,0.72686
418.60465,0.26678,0.29074,0.31065,0.38252,0.56436,0.90715,0.71873
418.71049,0.26808,0.29286,0.31297,0.38658,0.56172,0.90638,0.71067
418.81639,0.26942,0.29505,0.31535,0.39078,0.55948,0.90527,0.7027
418.92234,0.27079,0.29732,0.31779,0.39511,0.55766,0.90383,0.69483
419.02834,0.27219,0.29966,0.3203,0.39957,0.55627,0.90207,0.68705
419.1344,0.27363,0.30208,0.32287,0.40416,0.55534,0.90001,0.67937
419.24051,0.27511,0.30458,0.3255,0.40889,0.55487,0.89767,0.67179
419.34667,0.27663,0.30718,0.3282,0.41375,0.55488,0.89506,0.66433
419.45289,0.27819,0.30986,0.33098,0.41876,0.55538,0.89221,0.65698
419.55916,0.27979,0.31264,0.33382,0.42391,0.55638,0.88914,0.64974
419.66548,0.28143,0.31551,0.33674,0.4292,0.55788,0.88586,0.64261
419.77186,0.28312,0.31849,0.33973,0.43464,0.55988,0.8824,0.6356
419.8783,0.28485,0.32159,0.3428,0.44022,0.56239,0.87878,0.62871
419.98478,0.28662,0.32479,0.34595,0.44596,0.56541,0.87503,0.62194
420.09132,0.28844,0.32812,0.34919,0.45185,0.56893,0.87118,0.6153
420.19792,0.29031,0.33157,0.35251,0.4579,0.57296,0.86724,0.60877
420.30457,0.29223,0.33515,0.35591,0.46411,0.5775,0.86325,0.60237
420.41127,0.2942,0.33888,0.3594,0.47047,0.58253,0.85922,0.5961
420.51803,0.29622,0.34275,0.36299,0.477,0.58806,0.8552,0.58996
420.62484,0.29829,0.34677,0.36667,0.48369,0.59408,0.8512,0.58394
420.73171,0.30042,0.35096,0.37044,0.49055,0.60058,0.84724,0.57806
420.83863,0.3026,0.35533,0.37431,0.49758,0.60755,0.84337,0.57231
420.9456,0.30484,0.35987,0.37828,0.50477,0.61498,0.8396,0.56669
421.05263,0.30714,0.36461,0.38236,0.51214,0.62287,0.83597,0.56121
421.15972,0.3095,0.36955,0.38654,0.51969,0.63121,0.83249,0.55586
421.26685,0.31192,0.3747,0.39083,0.5274,0.63997,0.82919,0.55066
421.37405,0.31441,0.38009,0.39523,0.53529,0.64914,0.82611,0.54559
421.48129,0.31696,0.38571,0.39975,0.54336,0.65872,0.82326,0.54067
421.58859,0.31958,0.39159,0.40438,0.55161,0.66867,0.82067,0.53589
421.69595,0.32227,0.39774,0.40913,0.56003,0.67899,0.81837,0.53125
421.80336,0.32503,0.40418,0.41401,0.56863,0.68965,0.81637,0.52677
421.91083,0.32786,0.41092,0.41901,0.5774,0.70063,0.8147,0.52244
422.01835,0.33077,0.41798,0.42413,0.58635,0.71191,0.81339,0.51827
422.12592,0.33376,0.42538,0.42939,0.59547,0.72345,0.81244,0.51425
422.23355,0.33683,0.43313,0.43479,0.60476,0.73524,0.8119,0.5104
422.34124,0.33998,0.44126,0.44031,0.61422,0.74724,0.81176,0.50672
422.44898,0.34321,0.44978,0.44598,0.62384,0.75941,0.81204,0.50321
422.55677,0.34653,0.45871,0.45179,0.63363,0.77173,0.81277,0.49988
422.66462,0.34994,0.46805,0.45775,0.64356,0.78416,0.81395,0.49673
422.77253,0.35344,0.47783,0.46385,0.65365,0.79665,0.8156,0.49378
422.88049,0.35704,0.48804,0.47011,0.66388,0.80916,0.81771,0.49102
422.98851,0.36073,0.49869,0.47652,0.67425,0.82166,0.8203,0.48846
423.09658,0.36452,0.50975,0.48308,0.68474,0.8341,0.82337,0.48612
423.2047,0.36842,0.52121,0.4898,0.69535,0.84643,0.8269,0.48399
423.31288,0.37242,0.533,0.49669,0.70606,0.8586,0.8309,0.4821
423.42112,0.37653,0.54507,0.50373,0.71687,0.87056,0.83535,0.48045
423.52941,0.38075,0.55731,0.51094,0.72776,0.88226,0.84022,0.47904
423.63776,0.38509,0.56959,0.51832,0.73871,0.89366,0.8455,0.4779
423.74616,0.38954,0.58171,0.52587,0.74972,0.90469,0.85116,0.47702
423.85462,0.39412,0.59344,0.53358,0.76076,0.91532,0.85715,0.47643
423.96313,0.39882,0.6045,0.54147,0.77182,0.92548,0.86344,0.47613
424.0717,0.40364,0.61454,0.54953,0.78288,0.93513,0.86996,0.47614
424.18033,0.4086,0.62318,0.55776,0.79391,0.94423,0.87666,0.47646
424.28901,0.41369,0.63001,0.56616,0.8049,0.95272,0.88347,0.47711
424.39774,0.41893,0.63462,0.57474,0.81582,0.96057,0.89032,0.4781
424.50654,0.4243,0.63664,0.58348,0.82664,0.96773,0.89712,0.47943
424.61538,0.42982,0.63584,0.59239,0.83734,0.97417,0.9038,0.48113
424.72429,0.43549,0.63207,0.60147,0.8479,0.97985,0.91025,0.48319
424.83325,0.44131,0.62542,0.61072,0.85829,0.98475,0.91639,0.48562
424.94226,0.44729,0.61614,0.62013,0.86847,0.98885,0.92211,0.48843
425.05133,0.45343,0.60469,0.62969,0.87842,0.99212,0.92732,0.49162
425.16046,0.45973,0.59164,0.6394,0.88811,0.99455,0.93193,0.49518
425.26965,0.4662,0.57766,0.64927,0.8975,0.99613,0.93584,0.49911
425.37889,0.47284,0.56341,0.65927,0.90658,0.99686,0.93898,0.5034
425.48818,0.47966,0.5495,0.6694,0.9153,0.99675,0.94125,0.50803
425.59753,0.48666,0.53645,0.67966,0.92363,0.99579,0.9426,0.51299
425.70694,0.49385,0.52464,0.69004,0.93155,0.994,0.94297,0.51826
425.81641,0.50121,0.51433,0.70051,0.93903,0.99139,0.94231,0.52379
425.92593,0.50877,0.50568,0.71108,0.94603,0.98799,0.94061,0.52957
426.0355,0.51652,0.49875,0.72172,0.95254,0.98383,0.93784,0.53555
426.14514,0.52447,0.49352,0.73243,0.95852,0.97892,0.93401,0.54168
426.25483,0.53262,0.48994,0.74319,0.96394,0.9733,0.92913,0.54791
426.36457,0.54096,0.48791,0.75398,0.9688,0.967,0.92322,0.5542
426.47438,0.54951,0.48733,0.76478,0.97307,0.96007,0.91634,0.56048
426.58423,0.55827,0.48809,0.77557,0.97672,0.95254,0.90852,0.56671
426.69415,0.56723,0.49006,0.78633,0.97975,0.94444,0.89983,0.57283
426.80412,0.5764,0.49315,0.79704,0.98214,0.93583,0.89034,0.57877
426.91415,0.58578,0.49724,0.80768,0.98388,0.92674,0.88012,0.58448
427.02424,0.59537,0.50226,0.81821,0.98497,0.91721,0.86924,0.58992
427.13438,0.60516,0.50811,0.82862,0.98541,0.90729,0.85778,0.59504
427.24458,0.61517,0.51472,0.83887,0.98518,0.89702,0.84583,0.5998
427.35484,0.62537,0.52204,0.84894,0.9843,0.88643,0.83346,0.60416
427.46515,0.63577,0.52999,0.8588,0.98277,0.87557,0.82074,0.60809
427.57552,0.64638,0.53853,0.86842,0.98059,0.86447,0.80776,0.61158
427.68595,0.65717,0.54762,0.87777,0.97779,0.85318,0.79456,0.61462
427.79644,0.66815,0.55722,0.88682,0.97437,0.84172,0.78123,0.61718
427.90698,0.6793,0.56729,0.89554,0.97036,0.83013,0.76781,0.61929
428.01758,0.69063,0.57781,0.90389,0.96577,0.81844,0.75437,0.62093
428.12823,0.70211,0.58873,0.91185,0.96062,0.80668,0.74094,0.62212
428.23894,0.71374,0.60004,0.9194,0.95493,0.79488,0.72758,0.62289
428.34972,0.7255,0.61171,0.92649,0.94875,0.78306,0.71432,0.62324
428.46054,0.73738,0.62372,0.93311,0.94208,0.77125,0.7012,0.6232
428.57143,0.74936,0.63604,0.93924,0.93496,0.75947,0.68825,0.6228
428.68237,0.76143,0.64865,0.94484,0.92742,0.74774,0.67548,0.62206
428.79337,0.77355,0.66152,0.9499,0.91948,0.73608,0.66293,0.62101
428.90443,0.78571,0.67463,0.95439,0.91119,0.7245,0.65061,0.61968
429.01554,0.79789,0.68796,0.95831,0.90257,0.71302,0.63853,0.61809
429.12672,0.81004,0.70147,0.96164,0.89365,0.70166,0.62671,0.61627
429.23795,0.82216,0.71515,0.96438,0.88447,0.69042,0.61516,0.61426
429.34924,0.8342,0.72894,0.96651,0.87505,0.67932,0.60388,0.61206
429.46058,0.84613,0.74284,0.96803,0.86543,0.66837,0.59289,0.60971
429.57198,0.85791,0.75679,0.96894,0.85563,0.65757,0.58218,0.60723
429.68345,0.86951,0.77077,0.96926,0.84569,0.64693,0.57175,0.60464
429.79496,0.88089,0.78473,0.96897,0.83564,0.63646,0.56161,0.60196
429.90654,0.892,0.79863,0.96811,0.8255,0.62616,0.55175,0.5992
430.01818,0.90281,0.81243,0.96668,0.8153,0.61604,0.54216,0.59638
430.12987,0.91327,0.82609,0.9647,0.80507,0.6061,0.53285,0.59353
430.24162,0.92333,0.83954,0.96219,0.79483,0.59635,0.5238,0.59064
430.35343,0.93296,0.85275,0.95918,0.7846,0.58678,0.51501,0.58773
430.4653,0.94209,0.86565,0.9557,0.77442,0.5774,0.50646,0.58481
430.57722,0.9507,0.87821,0.95177,0.7643,0.56821,0.49815,0.58189
430.68921,0.95874,0.89035,0.94743,0.75426,0.55921,0.49005,0.57898
430.80125,0.96615,0.90204,0.94272,0.74433,0.55041,0.48216,0.57609
430.91335,0.97291,0.91322,0.93767,0.73452,0.5418,0.47446,0.57322
431.02551,0.97897,0.92382,0.93232,0.72486,0.53339,0.46694,0.57037
431.13772,0.9843,0.93382,0.92671,0.71537,0.52517,0.45959,0.56756
431.25,0.98886,0.94315,0.92088,0.70605,0.51716,0.45238,0.56479
431.36233,0.99263,0.95177,0.91488,0.69694,0.50934,0.44531,0.56205
431.47473,0.99557,0.95965,0.90875,0.68805,0.50173,0.43835,0.55936
431.58718,0.99767,0.96675,0.90253,0.67939,0.49433,0.43151,0.55672
431.69969,0.99891,0.97304,0.89628,0.671,0.48714,0.42476,0.55412
431.81226,0.99928,0.9785,0.89002,0.66288,0.48018,0.41809,0.55157
431.92488,0.99877,0.98311,0.88381,0.65506,0.47344,0.41151,0.54907
432.03757,0.99739,0.98686,0.87769,0.64756,0.46694,0.40499,0.54662
432.15031,0.99513,0.98975,0.8717,0.64041,0.4607,0.39856,0.54422
432.26312,0.99201,0.99179,0.8659,0.63363,0.45473,0.39223,0.54188
432.37598,0.98804,0.99298,0.8603,0.62724,0.44906,0.38605,0.53959
432.4889,0.98324,0.99335,0.85497,0.62127,0.44371,0.38011,0.53735
432.60188,0.97764,0.9929,0.84992,0.61577,0.43873,0.37461,0.53516
432.71492,0.97127,0.99168,0.84521,0.61077,0.43416,0.36989,0.53303
432.82802,0.96415,0.9897,0.84086,0.6063,0.43007,0.36657,0.53095
432.94118,0.95633,0.98699,0.83689,0.60241,0.42652,0.36575,0.52892
433.05439,0.94785,0.98359,0.83334,0.59916,0.42362,0.36923,0.52694
433.16767,0.93875,0.97953,0.83021,0.5966,0.42148,0.37952,0.52502
433.281,0.92907,0.97484,0.82752,0.59479,0.42027,0.39871,0.52314
433.3944,0.91887,0.96954,0.82528,0.5938,0.42018,0.42522,0.52131
433.50785,0.90818,0.96368,0.82347,0.59371,0.42144,0.45103,0.51954
433.62137,0.89705,0.95727,0.82208,0.59458,0.42434,0.4666,0.51781
433.73494,0.88554,0.95035,0.82107,0.5965,0.42925,0.46932,0.51613
433.84857,0.87369,0.94294,0.8204,0.59955,0.43654,0.46318,0.51449
433.96226,0.86154,0.93508,0.82001,0.6038,0.44664,0.45303,0.51291
434.07602,0.84915,0.92678,0.81983,0.60931,0.45995,0.44191,0.51136
434.18983,0.83656,0.91808,0.81977,0.61612,0.47669,0.43121,0.50987
434.3037,0.8238,0.909,0.81971,0.62421,0.49682,0.42144,0.50841
434.41763,0.81093,0.89957,0.81954,0.63355,0.51975,0.41267,0.507
434.53162,0.79797,0.88981,0.81914,0.64399,0.5442,0.40485,0.50563
434.64567,0.78498,0.87977,0.81836,0.65532,0.56815,0.39785,0.50431
434.75978,0.77197,0.86946,0.81708,0.66721,0.58912,0.39156,0.50302
434.87395,0.75898,0.85891,0.81516,0.67921,0.60474,0.38587,0.50178
434.98818,0.74605,0.84816,0.81247,0.69078,0.61346,0.38071,0.50057
435.10247,0.7332,0.83724,0.80893,0.70129,0.61492,0.37599,0.4994
435.21682,0.72044,0.82617,0.80445,0.71007,0.6099,0.37165,0.49827
435.33123,0.70782,0.81499,0.79899,0.7165,0.59988,0.36764,0.49718
435.4457,0.69534,0.80373,0.79252,0.7201,0.58653,0.36394,0.49613
435.56023,0.68303,0.7924,0.78505,0.72053,0.57134,0.36049,0.49511
435.67482,0.6709,0.78105,0.77664,0.71771,0.55546,0.35728,0.49413
435.78947,0.65896,0.76968,0.76733,0.71177,0.53969,0.35428,0.49318
435.90419,0.64723,0.75834,0.75723,0.70301,0.52451,0.35147,0.49227
436.01896,0.63572,0.74704,0.74643,0.69191,0.51019,0.34884,0.49139
436.13379,0.62443,0.7358,0.73506,0.67897,0.49685,0.34637,0.49055
436.24868,0.61338,0.72465,0.72323,0.66474,0.48453,0.34405,0.48974
436.36364,0.60257,0.7136,0.71106,0.64971,0.47319,0.34187,0.48896
436.47865,0.592,0.70267,0.69866,0.63429,0.46279,0.33983,0.48821
436.59373,0.58168,0.69187,0.68615,0.61885,0.45324,0.33791,0.4875
436.70886,0.57161,0.68122,0.67361,0.60365,0.44448,0.33611,0.48681
436.82406,0.56179,0.67074,0.66113,0.58888,0.43644,0.33442,0.48616
436.93931,0.55223,0.66042,0.6488,0.57468,0.42904,0.33284,0.48554
437.05463,0.54291,0.65029,0.63666,0.56112,0.42223,0.33136,0.48494
437.17001,0.53385,0.64035,0.62477,0.54827,0.41594,0.32999,0.48438
437.28545,0.52504,0.63061,0.61317,0.53612,0.41013,0.32871,0.48385
437.40095,0.51648,0.62107,0.60189,0.52469,0.40476,0.32752,0.48334
437.51651,0.50816,0.61174,0.59096,0.51394,0.39979,0.32643,0.48286
437.63214,0.50009,0.60263,0.58038,0.50386,0.39517,0.32542,0.48242
437.74782,0.49226,0.59373,0.57018,0.49441,0.39089,0.3245,0.482
437.86356,0.48466,0.58506,0.56035,0.48556,0.38691,0.32367,0.48161
437.97937,0.47729,0.57661,0.55089,0.47727,0.38321,0.32292,0.48124
438.09524,0.47015,0.56839,0.54181,0.4695,0.37977,0.32226,0.48091
438.21117,0.46324,0.56039,0.5331,0.46223,0.37657,0.32168,0.4806
438.32716,0.45654,0.55262,0.52475,0.45542,0.3736,0.32118,0.48032
438.44321,0.45006,0.54508,0.51676,0.44904,0.37084,0.32075,0.48006
438.55932,0.44379,0.53776,0.50911,0.44305,0.36828,0.32041,0.47984
438.6755,0.43773,0.53067,0.5018,0.43744,0.3659,0.32015,0.47963
438.79173,0.43186,0.52381,0.49482,0.43219,0.36371,0.31997,0.47946
438.90803,0.4262,0.51717,0.48815,0.42726,0.36168,0.31987,0.47931
439.02439,0.42072,0.51075,0.48178,0.42263,0.35981,0.31984,0.47919
439.14081,0.41543,0.50455,0.47571,0.4183,0.3581,0.3199,0.4791
439.25729,0.41033,0.49858,0.46993,0.41424,0.35654,0.32003,0.47903
439.37384,0.4054,0.49282,0.46442,0.41044,0.35512,0.32025,0.47899
439.49045,0.40065,0.48728,0.45917,0.40688,0.35383,0.32055,0.47897
439.60711,0.39606,0.48196,0.45418,0.40355,0.35268,0.32093,0.47898
439.72384,0.39164,0.47685,0.44944,0.40044,0.35166,0.32139,0.47902
439.84064,0.38738,0.47195,0.44494,0.39754,0.35077,0.32193,0.47909
439.95749,0.38328,0.46726,0.44066,0.39484,0.35,0.32256,0.47918
440.07441,0.37933,0.46278,0.43662,0.39233,0.34935,0.32327,0.4793
440.19139,0.37552,0.45851,0.43279,0.39001,0.34883,0.32407,0.47944
440.30843,0.37186,0.45444,0.42917,0.38786,0.34841,0.32495,0.47961
440.42553,0.36834,0.45058,0.42575,0.38588,0.34812,0.32593,0.47981
440.5427,0.36496,0.44692,0.42254,0.38407,0.34794,0.32699,0.48004
440.65993,0.36171,0.44346,0.41951,0.38242,0.34788,0.32815,0.48029
440.77722,0.35859,0.44021,0.41668,0.38093,0.34793,0.3294,0.48057
440.89457,0.35559,0.43715,0.41403,0.37959,0.34809,0.33075,0.48088
441.01198,0.35271,0.4343,0.41157,0.37839,0.34837,0.33219,0.48122
441.12946,0.34996,0.43164,0.40928,0.37735,0.34876,0.33373,0.48158
441.247,0.34732,0.42919,0.40716,0.37645,0.34926,0.33538,0.48198
441.36461,0.34479,0.42693,0.40522,0.37569,0.34988,0.33713,0.4824
441.48227,0.34237,0.42488,0.40344,0.37507,0.35061,0.33899,0.48286
441.6,0.34006,0.42302,0.40183,0.37459,0.35146,0.34095,0.48334
441.71779,0.33786,0.42136,0.40038,0.37425,0.35243,0.34303,0.48385
441.83565,0.33575,0.4199,0.3991,0.37405,0.35352,0.34523,0.4844
441.95356,0.33374,0.41864,0.39798,0.37398,0.35472,0.34754,0.48497
442.07154,0.33183,0.41758,0.39702,0.37405,0.35605,0.34997,0.48558
442.18959,0.33001,0.41673,0.39622,0.37426,0.3575,0.35253,0.48621
442.30769,0.32828,0.41608,0.39557,0.3746,0.35908,0.35522,0.48688
442.42586,0.32664,0.41563,0.39509,0.37508,0.36079,0.35804,0.48759
442.54409,0.32509,0.41539,0.39476,0.37571,0.36263,0.361,0.48832
442.66239,0.32362,0.41536,0.3946,0.37647,0.3646,0.36409,0.48909
442.78075,0.32223,0.41553,0.39459,0.37737,0.36671,0.36733,0.4899
442.89917,0.32092,0.41591,0.39474,0.37842,0.36896,0.37073,0.49074
443.01766,0.31969,0.4165,0.39505,0.37962,0.37135,0.37427,0.49161
443.13621,0.31854,0.4173,0.39553,0.38096,0.37389,0.37797,0.49252
443.25482,0.31745,0.41831,0.39617,0.38246,0.37658,0.38184,0.49347
443.37349,0.31645,0.41953,0.39698,0.38411,0.37943,0.38588,0.49446
443.49223,0.31551,0.42096,0.39795,0.38591,0.38243,0.39009,0.49549
443.61104,0.31463,0.4226,0.39909,0.38788,0.38559,0.39448,0.49655
443.7299,0.31383,0.42445,0.40041,0.39001,0.38893,0.39905,0.49766
443.84883,0.31309,0.4265,0.40189,0.3923,0.39243,0.40382,0.49881
443.96783,0.31242,0.42875,0.40356,0.39477,0.39611,0.40879,0.5
444.08689,0.3118,0.43119,0.4054,0.39741,0.39997,0.41395,0.50123
444.20601,0.31125,0.43382,0.40743,0.40023,0.40403,0.41933,0.50251
444.32519,0.31075,0.43664,0.40964,0.40324,0.40827,0.42493,0.50383
444.44444,0.31032,0.43962,0.41203,0.40643,0.41271,0.43075,0.5052
444.56376,0.30994,0.44276,0.41462,0.40982,0.41736,0.4368,0.50662
444.68314,0.30961,0.44605,0.4174,0.4134,0.42222,0.44309,0.50809
444.80258,0.30934,0.44946,0.42038,0.41719,0.42729,0.44962,0.5096
444.92208,0.30912,0.45298,0.42356,0.42118,0.43259,0.4564,0.51117
445.04166,0.30895,0.45659,0.42694,0.42539,0.43812,0.46344,0.51279
445.16129,0.30883,0.46026,0.43052,0.42981,0.44388,0.47074,0.51446
445.28099,0.30877,0.46397,0.43432,0.43446,0.44989,0.47831,0.51619
445.40075,0.30874,0.46768,0.43832,0.43933,0.45614,0.48615,0.51797
445.52058,0.30877,0.47137,0.44253,0.44444,0.46265,0.49427,0.51982
445.64047,0.30884,0.475,0.44696,0.44978,0.46942,0.50267,0.52172
445.76043,0.30896,0.47855,0.4516,0.45537,0.47645,0.51135,0.52368
445.88045,0.30912,0.48196,0.45645,0.4612,0.48376,0.52033,0.52571
446.00054,0.30932,0.48522,0.46152,0.46728,0.49134,0.52959,0.5278
446.12069,0.30956,0.48829,0.4668,0.47361,0.4992,0.53914,0.52995
446.24091,0.30985,0.49114,0.47229,0.4802,0.50735,0.54897,0.53218
446.36119,0.31017,0.49375,0.47798,0.48704,0.51578,0.55907,0.53447
446.48153,0.31054,0.49609,0.48389,0.49414,0.5245,0.56945,0.53684
446.60194,0.31094,0.49815,0.48999,0.5015,0.53351,0.58008,0.53927
446.72242,0.31138,0.49991,0.49628,0.50911,0.5428,0.59096,0.54179
446.84296,0.31186,0.50139,0.50276,0.51697,0.55238,0.60207,0.54438
446.96356,0.31237,0.50257,0.50942,0.52508,0.56223,0.61337,0.54705
447.08423,0.31292,0.50347,0.51624,0.53343,0.57235,0.62485,0.54981
447.20497,0.3135,0.5041,0.52322,0.54202,0.58273,0.63647,0.55264
447.32577,0.31412,0.5045,0.53034,0.55083,0.59335,0.64818,0.55557
447.44664,0.31477,0.50469,0.53759,0.55985,0.6042,0.65996,0.55858
447.56757,0.31545,0.5047,0.54495,0.56906,0.61526,0.67173,0.56168
447.68856,0.31616,0.50457,0.55241,0.57846,0.62649,0.68344,0.56488
447.80963,0.31691,0.50434,0.55994,0.58802,0.63788,0.69502,0.56817
447.93075,0.31768,0.50405,0.56753,0.59772,0.64937,0.7064,0.57156
448.05195,0.31848,0.50373,0.57516,0.60754,0.66094,0.71749,0.57505
448.17321,0.31932,0.50343,0.5828,0.61744,0.67254,0.7282,0.57864
448.29453,0.32018,0.50319,0.59043,0.6274,0.68411,0.73844,0.58234
448.41592,0.32107,0.50304,0.59804,0.63739,0.6956,0.7481,0.58615
448.53738,0.32199,0.50301,0.6056,0.64736,0.70695,0.75708,0.59006
448.6589,0.32293,0.50313,0.61309,0.65728,0.71808,0.76528,0.59409
448.78049,0.3239,0.50344,0.62048,0.66712,0.72892,0.77259,0.59824
448.90214,0.32489,0.50394,0.62776,0.67682,0.7394,0.77891,0.6025
449.02386,0.32592,0.50466,0.63491,0.68635,0.74943,0.78414,0.60688
449.14565,0.32696,0.50562,0.6419,0.69567,0.75893,0.7882,0.61139
449.2675,0.32803,0.50683,0.64873,0.70471,0.76782,0.79103,0.61602
449.38942,0.32912,0.50829,0.65538,0.71346,0.77601,0.79255,0.62078
449.5114,0.33024,0.51003,0.66183,0.72185,0.78343,0.79275,0.62567
449.63345,0.33138,0.51203,0.66808,0.72984,0.78999,0.7916,0.63069
449.75557,0.33254,0.51431,0.67412,0.7374,0.79563,0.78911,0.63585
449.87775,0.33372,0.51687,0.67993,0.74449,0.8003,0.78532,0.64114
450,0.33492,0.51969,0.68552,0.75107,0.80393,0.78028,0.64656
450.12232,0.33615,0.52279,0.69088,0.75712,0.80649,0.77407,0.65213
450.2447,0.33739,0.52616,0.69601,0.7626,0.80797,0.76678,0.65783
450.36715,0.33866,0.52979,0.70092,0.76749,0.80834,0.75854,0.66368
450.48966,0.33994,0.53368,0.70559,0.77177,0.80762,0.74947,0.66966
450.61224,0.34125,0.53781,0.71004,0.77544,0.80584,0.73971,0.67579
450.73489,0.34257,0.54218,0.71428,0.77849,0.80301,0.72941,0.68206
450.85761,0.34391,0.54678,0.71829,0.78092,0.79921,0.71871,0.68847
450.98039,0.34527,0.5516,0.72209,0.78272,0.79449,0.70778,0.69501
451.10324,0.34664,0.55663,0.72569,0.78392,0.78892,0.69674,0.7017
451.22616,0.34803,0.56185,0.72908,0.78451,0.78259,0.68574,0.70852
451.34914,0.34944,0.56725,0.73226,0.78453,0.7756,0.67489,0.71547
451.47219,0.35087,0.57282,0.73525,0.78399,0.76804,0.66433,0.72255
451.59531,0.35231,0.57854,0.73805,0.78292,0.76001,0.65414,0.72976
451.71849,0.35377,0.58439,0.74065,0.78135,0.7516,0.64441,0.73709
451.84175,0.35524,0.59035,0.74305,0.77931,0.74293,0.63524,0.74454
451.96507,0.35673,0.59642,0.74525,0.77683,0.73407,0.62666,0.75209
452.08845,0.35823,0.60256,0.74726,0.77394,0.72512,0.61875,0.75975
452.21191,0.35975,0.60876,0.74906,0.77068,0.71617,0.61153,0.7675
452.33543,0.36128,0.615,0.75065,0.76709,0.70729,0.60505,0.77534
452.45902,0.36282,0.62125,0.75202,0.7632,0.69855,0.59931,0.78325
452.58267,0.36438,0.62748,0.75317,0.75904,0.69003,0.59434,0.79123
452.7064,0.36595,0.63368,0.75408,0.75465,0.68177,0.59013,0.79926
452.83019,0.36753,0.63981,0.75475,0.75006,0.67382,0.58669,0.80733
452.95405,0.36913,0.64584,0.75517,0.74531,0.66623,0.58402,0.81543
453.07798,0.37074,0.65176,0.75532,0.74042,0.65902,0.5821,0.82353
453.20197,0.37236,0.65752,0.75519,0.73542,0.65224,0.58093,0.83163
453.32603,0.37399,0.66309,0.75478,0.73034,0.6459,0.58048,0.83971
453.45016,0.37563,0.66846,0.75406,0.72521,0.64003,0.58073,0.84775
453.57436,0.37728,0.67357,0.75304,0.72005,0.63462,0.58168,0.85574
453.69863,0.37894,0.6784,0.75169,0.71487,0.6297,0.58329,0.86364
453.82297,0.38062,0.68292,0.75002,0.7097,0.62527,0.58555,0.87144
453.94737,0.3823,0.6871,0.748,0.70457,0.62133,0.58843,0.87913
454.07184,0.38399,0.69089,0.74564,0.69947,0.61788,0.5919,0.88668
454.19638,0.3857,0.69427,0.74293,0.69444,0.61492,0.59596,0.89406
454.32099,0.38741,0.6972,0.73987,0.68948,0.61244,0.60056,0.90126
454.44566,0.38913,0.69966,0.73645,0.68461,0.61044,0.6057,0.90825
454.57041,0.39086,0.70162,0.73267,0.67983,0.60891,0.61134,0.91501
454.69522,0.39259,0.70304,0.72855,0.67516,0.60783,0.61746,0.92153
454.8201,0.39434,0.70391,0.72408,0.67061,0.60721,0.62403,0.92777
454.94505,0.39609,0.70421,0.71928,0.66618,0.60703,0.63104,0.93372
455.07007,0.39785,0.7039,0.71415,0.66188,0.60727,0.63845,0.93936
455.19516,0.39962,0.70298,0.7087,0.65772,0.60794,0.64625,0.94468
455.32032,0.4014,0.70144,0.70297,0.6537,0.60901,0.65441,0.94964
455.44554,0.40318,0.69927,0.69695,0.64982,0.61048,0.66291,0.95424
455.57084,0.40497,0.69647,0.69069,0.6461,0.61233,0.67171,0.95846
455.6962,0.40677,0.69303,0.68418,0.64254,0.61455,0.6808,0.96229
455.82164,0.40857,0.68897,0.67747,0.63913,0.61713,0.69015,0.96572
455.94714,0.41038,0.6843,0.67058,0.63589,0.62006,0.69974,0.96874
456.07271,0.41219,0.67904,0.66354,0.63281,0.62333,0.70953,0.97134
456.19835,0.41401,0.67321,0.65637,0.6299,0.62693,0.71951,0.97352
456.32406,0.41584,0.66684,0.64912,0.62716,0.63084,0.72965,0.97527
456.44983,0.41767,0.65996,0.64181,0.62459,0.63505,0.73991,0.97659
456.57568,0.4195,0.65261,0.63447,0.6222,0.63955,0.75028,0.97748
456.7016,0.42134,0.64484,0.62715,0.61999,0.64434,0.76073,0.97796
456.82759,0.42319,0.63669,0.61987,0.61796,0.6494,0.77123,0.97801
456.95364,0.42504,0.62822,0.61267,0.61612,0.65472,0.78175,0.97765
457.07977,0.42689,0.61947,0.60559,0.61446,0.66029,0.79226,0.97689
457.20596,0.42875,0.61052,0.59866,0.61299,0.6661,0.80274,0.97574
457.33223,0.43061,0.60141,0.59192,0.61172,0.67214,0.81316,0.9742
457.45856,0.43247,0.59222,0.58541,0.61065,0.6784,0.8235,0.9723
457.58497,0.43434,0.58299,0.57915,0.60979,0.68487,0.83371,0.97005
457.71144,0.43621,0.57381,0.57319,0.60913,0.69154,0.84378,0.96746
457.83799,0.43808,0.56472,0.56757,0.60869,0.69839,0.85368,0.96455
457.9646,0.43996,0.5558,0.56231,0.60847,0.70543,0.86338,0.96134
458.09129,0.44184,0.5471,0.55746,0.60848,0.71263,0.87286,0.95784
458.21804,0.44372,0.53869,0.55304,0.60873,0.71999,0.88209,0.95408
458.34487,0.4456,0.53061,0.54909,0.60922,0.72751,0.89104,0.95006
458.47176,0.44749,0.52293,0.54566,0.60997,0.73516,0.8997,0.94582
458.59873,0.44937,0.51569,0.54277,0.61098,0.74293,0.90804,0.94136
458.72576,0.45126,0.50894,0.54045,0.61227,0.75083,0.91603,0.93671
458.85287,0.45315,0.50272,0.53874,0.61384,0.75883,0.92366,0.93189
458.98004,0.45505,0.49707,0.53768,0.61572,0.76692,0.93091,0.9269
459.10729,0.45694,0.49203,0.53729,0.61792,0.7751,0.93776,0.92178
459.23461,0.45884,0.48763,0.53762,0.62045,0.78336,0.9442,0.91653
459.362,0.46073,0.48389,0.53868,0.62333,0.79167,0.95021,0.91117
459.48946,0.46263,0.48083,0.54052,0.62658,0.80003,0.95577,0.90572
459.61699,0.46453,0.47848,0.54315,0.63022,0.80843,0.96087,0.9002
459.74459,0.46642,0.47683,0.54662,0.63428,0.81685,0.96552,0.89461
459.87226,0.46832,0.4759,0.55093,0.63877,0.82527,0.96969,0.88897
460,0.47022,0.4757,0.55613,0.64371,0.83369,0.97338,0.88329
