Wavelength (nm),0 deg,14 deg,28 deg,42 deg,56 deg,70 deg,84 deg
360,0.49544,0.60756,0.65054,0.66632,0.65587,0.64725,0.64926
360.07828,0.49304,0.60146,0.64348,0.65946,0.64996,0.64214,0.6445
360.15659,0.49067,0.5955,0.63658,0.65274,0.64415,0.63709,0.63979
360.23494,0.48834,0.58968,0.62982,0.64616,0.63844,0.63211,0.63512
360.31332,0.48604,0.584,0.62322,0.63973,0.63283,0.6272,0.6305
360.39173,0.48379,0.57845,0.61678,0.63343,0.62732,0.62237,0.62593
360.47018,0.48157,0.57304,0.61048,0.62727,0.62191,0.6176,0.62141
360.54866,0.47939,0.56777,0.60433,0.62124,0.6166,0.61291,0.61694
360.62718,0.47725,0.56262,0.59833,0.61535,0.61139,0.60828,0.61252
360.70573,0.47514,0.55761,0.59248,0.6096,0.60628,0.60373,0.60815
360.78431,0.47307,0.55272,0.58678,0.60398,0.60126,0.59925,0.60383
360.86293,0.47103,0.54796,0.58121,0.59849,0.59635,0.59484,0.59957
360.94159,0.46902,0.54332,0.57579,0.59312,0.59153,0.5905,0.59535
361.02027,0.46705,0.5388,0.57051,0.58789,0.5868,0.58623,0.59119
361.099,0.46512,0.5344,0.56537,0.58277,0.58217,0.58203,0.58708
361.17775,0.46321,0.53012,0.56035,0.57778,0.57763,0.5779,0.58303
361.25654,0.46134,0.52595,0.55548,0.57291,0.57318,0.57384,0.57902
361.33537,0.4595,0.52189,0.55073,0.56816,0.56883,0.56985,0.57507
361.41423,0.45769,0.51795,0.5461,0.56352,0.56456,0.56592,0.57117
361.49312,0.45592,0.5141,0.5416,0.559,0.56039,0.56206,0.56733
361.57205,0.45417,0.51037,0.53723,0.55459,0.5563,0.55827,0.56354
361.65102,0.45246,0.50673,0.53297,0.55028,0.55229,0.55455,0.5598
361.73001,0.45077,0.50319,0.52882,0.54609,0.54838,0.55089,0.55611
361.80905,0.44912,0.49975,0.52479,0.54199,0.54454,0.54729,0.55247
361.88811,0.44749,0.49641,0.52087,0.538,0.54079,0.54376,0.54889
361.96721,0.4459,0.49315,0.51706,0.5341,0.53712,0.5403,0.54535
362.04635,0.44433,0.48999,0.51335,0.53031,0.53352,0.53689,0.54187
362.12552,0.44279,0.48692,0.50975,0.52661,0.53001,0.53355,0.53844
362.20472,0.44128,0.48393,0.50625,0.523,0.52657,0.53027,0.53506
362.28396,0.43979,0.48102,0.50284,0.51948,0.52321,0.52705,0.53173
362.36324,0.43834,0.4782,0.49953,0.51605,0.51992,0.5239,0.52845
362.44255,0.43691,0.47545,0.49632,0.51271,0.51671,0.5208,0.52523
362.52189,0.43551,0.47278,0.49319,0.50945,0.51357,0.51776,0.52205
362.60127,0.43413,0.47019,0.49015,0.50628,0.5105,0.51478,0.51892
362.68068,0.43279,0.46767,0.4872,0.50319,0.5075,0.51185,0.51584
362.76013,0.43146,0.46522,0.48433,0.50017,0.50456,0.50899,0.5128
362.83961,0.43017,0.46285,0.48154,0.49723,0.5017,0.50618,0.50982
362.91913,0.4289,0.46054,0.47884,0.49437,0.4989,0.50343,0.50688
362.99868,0.42765,0.45829,0.47621,0.49159,0.49617,0.50073,0.504
363.07827,0.42643,0.45612,0.47366,0.48887,0.4935,0.49809,0.50116
363.15789,0.42524,0.454,0.47118,0.48623,0.49089,0.4955,0.49836
363.23755,0.42407,0.45195,0.46877,0.48366,0.48835,0.49296,0.49562
363.31724,0.42292,0.44996,0.46643,0.48115,0.48586,0.49048,0.49292
363.39697,0.4218,0.44802,0.46417,0.47871,0.48344,0.48805,0.49026
363.47673,0.4207,0.44615,0.46197,0.47634,0.48108,0.48568,0.48765
363.55653,0.41963,0.44433,0.45983,0.47402,0.47877,0.48335,0.48509
363.63636,0.41858,0.44256,0.45776,0.47178,0.47652,0.48108,0.48258
363.71623,0.41755,0.44085,0.45575,0.46959,0.47433,0.47886,0.4801
363.79613,0.41655,0.43919,0.4538,0.46746,0.4722,0.47669,0.47768
363.87607,0.41557,0.43758,0.45191,0.4654,0.47012,0.47457,0.4753
363.95604,0.41462,0.43602,0.45008,0.46339,0.4681,0.47249,0.47296
364.03605,0.41368,0.43451,0.44831,0.46144,0.46612,0.47047,0.47067
364.11609,0.41277,0.43305,0.44659,0.45954,0.46421,0.4685,0.46842
364.19617,0.41189,0.43163,0.44493,0.4577,0.46234,0.46657,0.46622
364.27629,0.41102,0.43026,0.44331,0.45591,0.46053,0.4647,0.46406
364.35644,0.41018,0.42894,0.44176,0.45418,0.45877,0.46287,0.46194
364.43662,0.40936,0.42766,0.44025,0.4525,0.45706,0.46109,0.45987
364.51684,0.40856,0.42642,0.43879,0.45087,0.4554,0.45936,0.45784
364.59709,0.40779,0.42523,0.43739,0.44929,0.45379,0.45768,0.45586
364.67738,0.40703,0.42407,0.43603,0.44776,0.45223,0.45604,0.45392
364.75771,0.4063,0.42296,0.43472,0.44628,0.45072,0.45446,0.45203
364.83807,0.4056,0.42189,0.43345,0.44485,0.44926,0.45292,0.45018
364.91847,0.40491,0.42086,0.43223,0.44347,0.44784,0.45143,0.44837
364.9989,0.40424,0.41986,0.43106,0.44214,0.44648,0.44998,0.44661
365.07937,0.4036,0.41891,0.42993,0.44085,0.44516,0.44858,0.4449
365.15987,0.40298,0.41799,0.42884,0.43961,0.44389,0.44723,0.44323
365.24041,0.40238,0.41711,0.4278,0.43842,0.44267,0.44593,0.4416
365.32098,0.4018,0.41626,0.4268,0.43728,0.4415,0.44468,0.44002
365.40159,0.40124,0.41546,0.42584,0.43617,0.44037,0.44347,0.43849
365.48223,0.40071,0.41468,0.42492,0.43512,0.43929,0.44232,0.43701
365.56291,0.4002,0.41395,0.42405,0.43411,0.43826,0.44121,0.43557
365.64363,0.39971,0.41324,0.42321,0.43314,0.43727,0.44015,0.43418
365.72438,0.39924,0.41257,0.42242,0.43222,0.43633,0.43914,0.43284
365.80517,0.39879,0.41194,0.42166,0.43135,0.43544,0.43818,0.43155
365.88599,0.39836,0.41134,0.42094,0.43051,0.4346,0.43727,0.43031
365.96685,0.39796,0.41077,0.42026,0.42972,0.43381,0.4364,0.42912
366.04775,0.39757,0.41024,0.41963,0.42898,0.43306,0.43559,0.42798
366.12868,0.39721,0.40974,0.41902,0.42828,0.43236,0.43484,0.4269
366.20964,0.39687,0.40927,0.41846,0.42762,0.43171,0.43413,0.42587
366.29064,0.39655,0.40883,0.41794,0.42701,0.43111,0.43348,0.4249
366.37168,0.39626,0.40843,0.41745,0.42644,0.43055,0.43288,0.42398
366.45276,0.39598,0.40806,0.417,0.42592,0.43005,0.43233,0.42313
366.53386,0.39573,0.40772,0.41659,0.42543,0.42959,0.43184,0.42233
366.61501,0.3955,0.40741,0.41621,0.425,0.42919,0.43141,0.42159
366.69619,0.3953,0.40713,0.41587,0.42461,0.42883,0.43103,0.42092
366.77741,0.39511,0.40688,0.41557,0.42426,0.42853,0.43071,0.42031
366.85866,0.39495,0.40667,0.41531,0.42396,0.42828,0.43045,0.41977
366.93995,0.39481,0.40649,0.41509,0.4237,0.42808,0.43025,0.4193
367.02128,0.39469,0.40634,0.4149,0.42349,0.42794,0.43011,0.41891
367.10264,0.3946,0.40622,0.41475,0.42332,0.42785,0.43003,0.41858
367.18404,0.39452,0.40613,0.41463,0.4232,0.42781,0.43002,0.41833
367.26547,0.39448,0.40607,0.41456,0.42313,0.42783,0.43007,0.41816
367.34694,0.39445,0.40605,0.41452,0.4231,0.42791,0.4302,0.41807
367.42844,0.39445,0.40606,0.41452,0.42312,0.42804,0.43038,0.41807
367.50999,0.39447,0.4061,0.41456,0.42319,0.42824,0.43064,0.41816
367.59156,0.39452,0.40617,0.41463,0.42331,0.42849,0.43098,0.41833
367.67318,0.39459,0.40627,0.41475,0.42348,0.4288,0.43138,0.4186
367.75483,0.39468,0.40641,0.4149,0.4237,0.42918,0.43186,0.41897
367.83652,0.3948,0.40658,0.4151,0.42397,0.42962,0.43242,0.41943
367.91824,0.39494,0.40678,0.41533,0.42429,0.43012,0.43306,0.42
368,0.39511,0.40701,0.41561,0.42466,0.4307,0.43379,0.42068
368.0818,0.3953,0.40728,0.41592,0.42509,0.43134,0.4346,0.42147
368.16363,0.39552,0.40758,0.41628,0.42557,0.43204,0.43549,0.42237
368.2455,0.39576,0.40791,0.41667,0.42611,0.43282,0.43648,0.42339
368.3274,0.39603,0.40828,0.41711,0.4267,0.43368,0.43756,0.42452
368.40934,0.39633,0.40869,0.4176,0.42735,0.43461,0.43874,0.42578
368.49132,0.39665,0.40913,0.41812,0.42805,0.43561,0.44001,0.42717
368.57334,0.397,0.4096,0.41869,0.42882,0.43669,0.44139,0.42868
368.65539,0.39737,0.41011,0.41931,0.42965,0.43786,0.44287,0.43032
368.73747,0.39778,0.41066,0.41997,0.43054,0.43911,0.44447,0.43208
368.8196,0.39821,0.41124,0.42067,0.43149,0.44044,0.44617,0.43397
368.90176,0.39867,0.41187,0.42143,0.43251,0.44186,0.448,0.43598
368.98396,0.39916,0.41252,0.42223,0.43359,0.44337,0.44994,0.43811
369.06619,0.39968,0.41322,0.42308,0.43474,0.44498,0.45201,0.44036
369.14846,0.40022,0.41396,0.42398,0.43597,0.44668,0.45421,0.44272
369.23077,0.4008,0.41474,0.42493,0.43726,0.44848,0.45654,0.44517
369.31311,0.40141,0.41555,0.42593,0.43862,0.45038,0.45901,0.44771
369.39549,0.40204,0.41641,0.42698,0.44006,0.45239,0.46162,0.45032
369.47791,0.40271,0.41731,0.42809,0.44157,0.4545,0.46438,0.45299
369.56037,0.40341,0.41825,0.42926,0.44317,0.45673,0.46728,0.45569
369.64286,0.40415,0.41924,0.43047,0.44484,0.45907,0.47035,0.4584
369.72539,0.40491,0.42027,0.43175,0.4466,0.46152,0.47357,0.4611
369.80795,0.40571,0.42134,0.43308,0.44844,0.4641,0.47696,0.46375
369.89055,0.40655,0.42246,0.43448,0.45036,0.46681,0.48053,0.46632
369.97319,0.40741,0.42363,0.43593,0.45238,0.46964,0.48426,0.46878
370.05587,0.40832,0.42484,0.43745,0.45448,0.47261,0.48818,0.47108
370.13858,0.40925,0.42611,0.43903,0.45669,0.47571,0.49228,0.4732
370.22133,0.41023,0.42742,0.44068,0.45898,0.47896,0.49657,0.47509
370.30411,0.41124,0.42879,0.4424,0.46138,0.48235,0.50105,0.47671
370.38694,0.41229,0.4302,0.44418,0.46388,0.48589,0.50572,0.47803
370.4698,0.41337,0.43167,0.44603,0.46648,0.48959,0.5106,0.47901
370.5527,0.4145,0.43319,0.44796,0.46919,0.49344,0.51567,0.47963
370.63563,0.41567,0.43477,0.44996,0.47201,0.49745,0.52095,0.47985
370.7186,0.41687,0.4364,0.45204,0.47495,0.50164,0.52643,0.47966
370.80161,0.41812,0.4381,0.45419,0.478,0.50599,0.53212,0.47906
370.88466,0.41941,0.43985,0.45643,0.48117,0.51052,0.53801,0.47802
370.96774,0.42075,0.44166,0.45874,0.48447,0.51522,0.54409,0.47657
371.05086,0.42212,0.44354,0.46114,0.48789,0.52011,0.55038,0.4747
371.13402,0.42354,0.44547,0.46363,0.49145,0.52519,0.55685,0.47244
371.21722,0.42501,0.44748,0.46621,0.49513,0.53046,0.56351,0.4698
371.30045,0.42653,0.44955,0.46888,0.49896,0.53592,0.57034,0.46682
371.38372,0.42809,0.45168,0.47164,0.50292,0.54158,0.57734,0.46354
371.46703,0.4297,0.45389,0.4745,0.50703,0.54744,0.58448,0.45997
371.55037,0.43136,0.45617,0.47745,0.51129,0.5535,0.59175,0.45617
371.63375,0.43307,0.45852,0.48051,0.5157,0.55976,0.59913,0.45218
371.71717,0.43483,0.46095,0.48367,0.52027,0.56622,0.6066,0.44801
371.80063,0.43665,0.46346,0.48694,0.52499,0.57288,0.61413,0.44373
371.88412,0.43852,0.46604,0.49032,0.52988,0.57975,0.62168,0.43935
371.96765,0.44045,0.46871,0.49381,0.53493,0.58682,0.62924,0.43491
372.05122,0.44243,0.47145,0.49742,0.54016,0.59408,0.63675,0.43044
372.13483,0.44447,0.47429,0.50114,0.54555,0.60153,0.64418,0.42597
372.21848,0.44657,0.47721,0.50499,0.55112,0.60916,0.65149,0.42152
372.30216,0.44873,0.48022,0.50896,0.55687,0.61697,0.65863,0.41711
372.38588,0.45096,0.48332,0.51305,0.5628,0.62495,0.66555,0.41276
372.46964,0.45324,0.48652,0.51728,0.56892,0.63308,0.67219,0.40848
372.55343,0.45559,0.48981,0.52165,0.57522,0.64136,0.67851,0.40429
372.63726,0.45801,0.4932,0.52615,0.58171,0.64975,0.68446,0.40018
372.72113,0.4605,0.4967,0.53079,0.58838,0.65826,0.68997,0.39618
372.80504,0.46305,0.5003,0.53557,0.59524,0.66685,0.695,0.39229
372.88899,0.46568,0.504,0.5405,0.60229,0.6755,0.6995,0.3885
372.97297,0.46838,0.50782,0.54558,0.60953,0.68418,0.70342,0.38483
373.05699,0.47116,0.51174,0.55082,0.61695,0.69287,0.70672,0.38127
373.14105,0.47401,0.51578,0.5562,0.62456,0.70153,0.70936,0.37783
373.22515,0.47694,0.51994,0.56175,0.63235,0.71014,0.71131,0.37449
373.30929,0.47995,0.52422,0.56746,0.64031,0.71864,0.71254,0.37127
373.39346,0.48304,0.52862,0.57333,0.64844,0.727,0.71303,0.36816
373.47767,0.48621,0.53315,0.57937,0.65673,0.73518,0.71278,0.36516
373.56192,0.48948,0.5378,0.58558,0.66517,0.74314,0.71179,0.36226
373.64621,0.49283,0.54259,0.59196,0.67376,0.75082,0.71005,0.35946
373.73053,0.49627,0.5475,0.59851,0.68249,0.75819,0.70758,0.35676
373.8149,0.4998,0.55256,0.60523,0.69133,0.76519,0.70442,0.35415
373.8993,0.50342,0.55776,0.61213,0.70027,0.77177,0.70057,0.35164
373.98374,0.50715,0.56309,0.6192,0.7093,0.77789,0.69608,0.34922
374.06822,0.51097,0.56857,0.62644,0.7184,0.7835,0.691,0.34688
374.15273,0.51489,0.5742,0.63386,0.72754,0.78856,0.68535,0.34462
374.23729,0.51892,0.57998,0.64146,0.7367,0.79303,0.6792,0.34244
374.32188,0.52305,0.58591,0.64922,0.74587,0.79686,0.67259,0.34033
374.40651,0.52729,0.59199,0.65715,0.755,0.80003,0.66558,0.3383
374.49118,0.53164,0.59822,0.66524,0.76407,0.8025,0.65821,0.33633
374.57589,0.5361,0.60461,0.67349,0.77305,0.80426,0.65053,0.33443
374.66063,0.54068,0.61116,0.6819,0.7819,0.80528,0.64261,0.3326
374.74542,0.54537,0.61787,0.69046,0.79058,0.80556,0.63449,0.33082
374.83024,0.55019,0.62474,0.69915,0.79907,0.80508,0.6262,0.32911
374.9151,0.55512,0.63177,0.70798,0.80732,0.80386,0.61781,0.32744
375,0.56018,0.63896,0.71692,0.81529,0.8019,0.60935,0.32584
375.08494,0.56537,0.6463,0.72597,0.82294,0.79921,0.60085,0.32428
375.16991,0.57069,0.65381,0.73512,0.83023,0.79581,0.59236,0.32277
375.25493,0.57614,0.66148,0.74435,0.83712,0.79173,0.5839,0.3213
375.33998,0.58172,0.66929,0.75364,0.84356,0.78701,0.57549,0.31989
375.42507,0.58744,0.67727,0.76298,0.84952,0.78167,0.56718,0.31851
375.5102,0.59329,0.68539,0.77234,0.85497,0.77576,0.55896,0.31718
375.59537,0.59928,0.69366,0.7817,0.85986,0.76932,0.55088,0.31588
375.68058,0.60542,0.70207,0.79105,0.86416,0.76239,0.54293,0.31462
375.76583,0.6117,0.71062,0.80034,0.86784,0.75502,0.53513,0.3134
375.85111,0.61812,0.7193,0.80957,0.87087,0.74726,0.5275,0.31222
375.93644,0.62469,0.72811,0.81869,0.87324,0.73916,0.52004,0.31106
376.0218,0.63141,0.73703,0.82768,0.87492,0.73075,0.51276,0.30994
376.1072,0.63827,0.74607,0.83651,0.8759,0.72209,0.50566,0.30885
376.19264,0.64528,0.7552,0.84513,0.87618,0.71323,0.49875,0.30779
376.27812,0.65244,0.76441,0.85353,0.87574,0.70419,0.49203,0.30676
376.36364,0.65975,0.7737,0.86166,0.87459,0.69503,0.4855,0.30576
376.44919,0.6672,0.78305,0.86949,0.87275,0.68578,0.47915,0.30478
376.53479,0.67481,0.79243,0.87698,0.87021,0.67648,0.473,0.30383
376.62042,0.68255,0.80185,0.88409,0.86699,0.66717,0.46703,0.3029
376.7061,0.69045,0.81126,0.89079,0.86313,0.65786,0.46124,0.302
376.79181,0.69848,0.82067,0.89705,0.85863,0.64859,0.45563,0.30112
376.87756,0.70665,0.83003,0.90283,0.85354,0.63938,0.45021,0.30027
376.96335,0.71496,0.83932,0.9081,0.84789,0.63026,0.44495,0.29943
377.04918,0.7234,0.84853,0.91282,0.8417,0.62124,0.43987,0.29862
377.13505,0.73196,0.85762,0.91698,0.83502,0.61234,0.43495,0.29782
377.22096,0.74064,0.86657,0.92054,0.82789,0.60358,0.43019,0.29705
377.3069,0.74944,0.87534,0.92348,0.82034,0.59497,0.42559,0.2963
377.39289,0.75834,0.8839,0.92579,0.81242,0.58652,0.42113,0.29556
377.47891,0.76734,0.89223,0.92744,0.80417,0.57823,0.41683,0.29484
377.56498,0.77642,0.90028,0.92844,0.79563,0.57011,0.41267,0.29414
377.65108,0.78559,0.90804,0.92876,0.78683,0.56217,0.40865,0.29346
377.73723,0.79481,0.91546,0.92842,0.77783,0.55441,0.40476,0.29279
377.82341,0.80409,0.92251,0.9274,0.76865,0.54681,0.401,0.29214
377.90963,0.81341,0.92916,0.92572,0.75933,0.53936,0.39736,0.29151
377.99589,0.82274,0.93537,0.92339,0.74992,0.53202,0.39385,0.29089
378.08219,0.83208,0.94113,0.92042,0.74043,0.52469,0.39045,0.29029
378.16853,0.84141,0.9464,0.91683,0.7309,0.51714,0.38716,0.2897
378.25491,0.85071,0.95114,0.91264,0.72137,0.50914,0.38398,0.28912
378.34133,0.85996,0.95535,0.90787,0.71184,0.50172,0.38091,0.28856
378.42779,0.86912,0.95898,0.90256,0.70236,0.49623,0.37794,0.28802
378.51429,0.87819,0.96203,0.89673,0.69294,0.49124,0.37506,0.28748
378.60082,0.88714,0.96448,0.89042,0.68361,0.48606,0.37228,0.28696
378.6874,0.89594,0.9663,0.88365,0.67437,0.48078,0.36959,0.28646
378.77402,0.90456,0.9675,0.87647,0.66525,0.47552,0.36698,0.28596
378.86067,0.91298,0.96807,0.86892,0.65626,0.47035,0.36446,0.28548
378.94737,0.92117,0.96799,0.86102,0.64741,0.4653,0.36202,0.28501
379.0341,0.9291,0.96727,0.85282,0.63871,0.46038,0.35966,0.28455
379.12088,0.93673,0.96593,0.84435,0.63017,0.4556,0.35738,0.28411
379.20769,0.94405,0.96395,0.83565,0.62181,0.45096,0.35516,0.28367
379.29455,0.95101,0.96136,0.82675,0.61362,0.44645,0.35302,0.28325
379.38144,0.95759,0.95816,0.81769,0.60561,0.44209,0.35095,0.28284
379.46838,0.96375,0.95439,0.80851,0.59779,0.43787,0.34894,0.28244
379.55535,0.96948,0.95005,0.79923,0.59015,0.43378,0.347,0.28205
379.64237,0.97473,0.94518,0.78988,0.5827,0.42982,0.34512,0.28167
379.72942,0.97949,0.93979,0.78049,0.57545,0.42599,0.34329,0.28131
379.81651,0.98373,0.93393,0.7711,0.56839,0.42228,0.34153,0.28095
379.90365,0.98741,0.92761,0.76171,0.56152,0.4187,0.33982,0.2806
379.99082,0.99053,0.92087,0.75237,0.55484,0.41523,0.33816,0.28027
380.07804,0.99305,0.91375,0.74308,0.54835,0.41188,0.33656,0.27994
380.16529,0.99497,0.90627,0.73388,0.54206,0.40864,0.335,0.27962
380.25258,0.99627,0.89848,0.72477,0.53594,0.40551,0.3335,0.27932
380.33992,0.99693,0.89041,0.71577,0.53002,0.40249,0.33204,0.27902
380.42729,0.99695,0.88208,0.7069,0.52427,0.39956,0.33063,0.27874
380.51471,0.99632,0.87355,0.69817,0.51871,0.39674,0.32926,0.27846
380.60216,0.99504,0.86483,0.68959,0.51332,0.39402,0.32794,0.2782
380.68966,0.99311,0.85597,0.68118,0.50811,0.39139,0.32666,0.27794
380.77719,0.99053,0.84699,0.67293,0.50307,0.38885,0.32542,0.27769
380.86477,0.98732,0.83792,0.66486,0.4982,0.3864,0.32422,0.27746
380.95238,0.98348,0.8288,0.65698,0.49349,0.38404,0.32306,0.27723
381.04004,0.97903,0.81965,0.64929,0.48895,0.38177,0.32194,0.27701
381.12773,0.97398,0.81051,0.6418,0.48456,0.37957,0.32086,0.27681
381.21547,0.96836,0.80138,0.6345,0.48033,0.37746,0.31981,0.27661
381.30325,0.96219,0.7923,0.62741,0.47625,0.37543,0.3188,0.27642
381.39106,0.95549,0.78329,0.62052,0.47232,0.37347,0.31782,0.27624
381.47892,0.94829,0.77437,0.61384,0.46854,0.37159,0.31688,0.27607
381.56682,0.94062,0.76555,0.60736,0.4649,0.36978,0.31597,0.27592
381.65476,0.93252,0.75686,0.60109,0.4614,0.36804,0.31509,0.27577
381.74274,0.924,0.74831,0.59504,0.45804,0.36637,0.31424,0.27563
381.83076,0.91511,0.73991,0.58919,0.45482,0.36477,0.31343,0.2755
381.91882,0.90587,0.73168,0.58354,0.45173,0.36324,0.31264,0.27538
382.00692,0.89632,0.72363,0.57811,0.44877,0.36178,0.31189,0.27527
382.09506,0.8865,0.71577,0.57288,0.44594,0.36038,0.31117,0.27517
382.18324,0.87644,0.7081,0.56786,0.44323,0.35905,0.31047,0.27508
382.27147,0.86616,0.70064,0.56304,0.44065,0.35778,0.30981,0.275
382.35973,0.85571,0.69339,0.55842,0.43819,0.35657,0.30917,0.27493
382.44804,0.84511,0.68635,0.554,0.43585,0.35542,0.30857,0.27487
382.53638,0.83439,0.67954,0.54979,0.43363,0.35434,0.30799,0.27482
382.62477,0.82358,0.67296,0.54577,0.43152,0.35331,0.30744,0.27478
382.7132,0.81271,0.66661,0.54196,0.42953,0.35235,0.30692,0.27475
382.80166,0.80181,0.66049,0.53833,0.42766,0.35145,0.30643,0.27473
382.89017,0.7909,0.65461,0.5349,0.4259,0.3506,0.30596,0.27473
382.97872,0.78001,0.64896,0.53167,0.42426,0.34982,0.30552,0.27473
383.06731,0.76915,0.64355,0.52863,0.42272,0.34909,0.30512,0.27475
383.15595,0.75835,0.63837,0.52577,0.4213,0.34842,0.30474,0.27477
383.24462,0.74762,0.63343,0.52311,0.41999,0.34782,0.30438,0.27481
383.33333,0.73698,0.62873,0.52064,0.41879,0.34727,0.30406,0.27486
383.42209,0.72646,0.62425,0.51835,0.4177,0.34678,0.30377,0.27492
383.51088,0.71606,0.62001,0.51625,0.41672,0.34636,0.3035,0.275
383.59972,0.70579,0.61599,0.51433,0.41585,0.34599,0.30327,0.27508
383.6886,0.69568,0.61219,0.5126,0.41509,0.34569,0.30306,0.27518
383.77752,0.68572,0.60861,0.51105,0.41445,0.34545,0.30289,0.27529
383.86648,0.67593,0.60524,0.50968,0.41391,0.34527,0.30274,0.27542
383.95548,0.66632,0.60207,0.50849,0.41349,0.34516,0.30263,0.27556
384.04453,0.65689,0.59909,0.50748,0.41319,0.34511,0.30255,0.27571
384.13361,0.64765,0.5963,0.50665,0.413,0.34514,0.30251,0.27587
384.22274,0.6386,0.59369,0.50599,0.41292,0.34523,0.3025,0.27605
384.31191,0.62976,0.59124,0.50551,0.41296,0.34539,0.30252,0.27624
384.40111,0.62112,0.58893,0.50519,0.41312,0.34562,0.30258,0.27645
384.49036,0.61268,0.58676,0.50504,0.4134,0.34593,0.30268,0.27667
384.57966,0.60445,0.58471,0.50505,0.4138,0.34631,0.30282,0.27691
384.66899,0.59643,0.58275,0.50521,0.41432,0.34677,0.303,0.27717
384.75836,0.58862,0.58087,0.50552,0.41496,0.34731,0.30322,0.27744
384.84778,0.58102,0.57904,0.50597,0.41572,0.34794,0.30349,0.27773
384.93724,0.57363,0.57725,0.50655,0.41661,0.34865,0.3038,0.27803
385.02674,0.56646,0.57546,0.50724,0.41761,0.34944,0.30416,0.27835
385.11628,0.55949,0.57365,0.50805,0.41874,0.35033,0.30457,0.27869
385.20586,0.55274,0.57178,0.50893,0.41998,0.3513,0.30503,0.27905
385.29549,0.54619,0.56984,0.50989,0.42134,0.35237,0.30555,0.27942
385.38515,0.53985,0.56779,0.51089,0.42281,0.35353,0.30612,0.27982
385.47486,0.53372,0.5656,0.51192,0.42438,0.35478,0.30676,0.28023
385.56461,0.52779,0.56325,0.51293,0.42604,0.35613,0.30745,0.28067
385.6544,0.52206,0.56071,0.51391,0.42778,0.35757,0.30821,0.28112
385.74423,0.51653,0.55795,0.51482,0.4296,0.3591,0.30904,0.28159
385.83411,0.5112,0.55496,0.51562,0.43146,0.36072,0.30994,0.28208
385.92403,0.50607,0.55173,0.51626,0.43336,0.36241,0.3109,0.28259
386.01399,0.50114,0.54824,0.51671,0.43526,0.36418,0.31194,0.28313
386.10399,0.4964,0.54449,0.51693,0.43713,0.366,0.31305,0.28367
386.19403,0.49185,0.54048,0.51686,0.43895,0.36786,0.31423,0.28424
386.28411,0.48749,0.53622,0.51648,0.44067,0.36975,0.31548,0.28483
386.37424,0.48332,0.53172,0.51573,0.44225,0.37163,0.3168,0.28543
386.46441,0.47933,0.52701,0.51458,0.44364,0.37348,0.31817,0.28604
386.55462,0.47554,0.5221,0.513,0.44478,0.37526,0.3196,0.28667
386.64488,0.47192,0.51704,0.51098,0.44564,0.37693,0.32106,0.28731
386.73517,0.46849,0.51185,0.50851,0.44615,0.37845,0.32254,0.28796
386.82551,0.46524,0.50657,0.50557,0.44627,0.37976,0.32403,0.2886
386.91589,0.46217,0.50124,0.50219,0.44595,0.38081,0.32548,0.28925
387.00631,0.45928,0.4959,0.49839,0.44515,0.38155,0.32688,0.28989
387.09677,0.45657,0.49058,0.49419,0.44386,0.38192,0.32819,0.29052
387.18728,0.45405,0.48533,0.48965,0.44206,0.3819,0.32936,0.29113
387.27783,0.4517,0.48018,0.48481,0.43975,0.38144,0.33035,0.29172
387.36842,0.44953,0.47516,0.47974,0.43695,0.38052,0.33112,0.29227
387.45905,0.44754,0.47031,0.47449,0.4337,0.37914,0.33163,0.29278
387.54973,0.44573,0.46564,0.46914,0.43006,0.37732,0.33184,0.29324
387.64045,0.4441,0.46118,0.46374,0.42608,0.37508,0.33173,0.29364
387.73121,0.44265,0.45695,0.45836,0.42184,0.37247,0.33127,0.29397
387.82201,0.44139,0.45297,0.45306,0.41742,0.36957,0.33048,0.29422
387.91286,0.44031,0.44925,0.44788,0.41289,0.36642,0.32936,0.2944
388.00375,0.43941,0.4458,0.44288,0.40834,0.36312,0.32795,0.29448
388.09468,0.43871,0.44263,0.4381,0.40383,0.35974,0.32629,0.29448
388.18565,0.4382,0.43975,0.43356,0.39942,0.35634,0.32443,0.29439
388.27667,0.43788,0.43715,0.4293,0.39519,0.353,0.32243,0.29422
388.36773,0.43776,0.43484,0.42533,0.39116,0.34976,0.32034,0.29396
388.45883,0.43784,0.43282,0.42168,0.38737,0.34667,0.31823,0.29363
388.54998,0.43813,0.43109,0.41834,0.38386,0.34376,0.31612,0.29324
388.64116,0.43863,0.42966,0.41534,0.38063,0.34107,0.31408,0.29281
388.73239,0.43933,0.42851,0.41266,0.37771,0.33859,0.31212,0.29233
388.82367,0.44026,0.42765,0.41031,0.37509,0.33635,0.31027,0.29185
388.91498,0.44142,0.42707,0.40828,0.37278,0.33434,0.30856,0.29135
389.00634,0.4428,0.42679,0.40658,0.37078,0.33257,0.30698,0.29087
389.09774,0.44442,0.42678,0.40519,0.36907,0.33103,0.30555,0.29041
389.18919,0.44629,0.42705,0.40411,0.36764,0.3297,0.30427,0.28999
389.28068,0.44841,0.42761,0.40334,0.3665,0.32859,0.30313,0.28961
389.37221,0.45078,0.42844,0.40285,0.36562,0.32768,0.30213,0.28928
389.46378,0.45343,0.42956,0.40266,0.36499,0.32696,0.30126,0.28902
389.5554,0.45635,0.43095,0.40275,0.36461,0.32642,0.30052,0.28882
389.64706,0.45956,0.43263,0.40311,0.36447,0.32605,0.29991,0.28869
389.73876,0.46307,0.43458,0.40374,0.36455,0.32584,0.2994,0.28863
389.83051,0.46689,0.43683,0.40463,0.36484,0.32578,0.29901,0.28864
389.9223,0.47103,0.43935,0.40578,0.36534,0.32586,0.29871,0.28872
390.01413,0.4755,0.44217,0.40719,0.36604,0.32608,0.2985,0.28887
390.10601,0.48031,0.44528,0.40885,0.36692,0.32642,0.29839,0.28909
390.19793,0.48549,0.44869,0.41075,0.368,0.32689,0.29835,0.28938
390.28989,0.49103,0.45241,0.4129,0.36925,0.32747,0.2984,0.28973
390.3819,0.49696,0.45643,0.4153,0.37067,0.32816,0.29851,0.29015
390.47394,0.5033,0.46077,0.41794,0.37226,0.32896,0.29869,0.29063
390.56604,0.51004,0.46543,0.42082,0.37402,0.32986,0.29894,0.29117
390.65817,0.51723,0.47042,0.42395,0.37595,0.33086,0.29925,0.29176
390.75035,0.52485,0.47575,0.42733,0.37803,0.33196,0.29962,0.29241
390.84258,0.53295,0.48142,0.43096,0.38027,0.33315,0.30004,0.29312
390.93484,0.54152,0.48745,0.43483,0.38268,0.33444,0.30052,0.29387
391.02715,0.55058,0.49384,0.43897,0.38524,0.33582,0.30105,0.29468
391.11951,0.56016,0.50061,0.44336,0.38796,0.33728,0.30163,0.29554
391.21191,0.57026,0.50776,0.44801,0.39084,0.33884,0.30226,0.29645
391.30435,0.58089,0.5153,0.45294,0.39389,0.34049,0.30293,0.29741
391.39683,0.59208,0.52325,0.45813,0.39709,0.34223,0.30366,0.29842
391.48936,0.60382,0.53161,0.46361,0.40047,0.34406,0.30443,0.29948
391.58193,0.61612,0.5404,0.46937,0.40401,0.34598,0.30525,0.30059
391.67455,0.62899,0.54961,0.47542,0.40772,0.34799,0.30611,0.30174
391.76721,0.64243,0.55927,0.48178,0.4116,0.3501,0.30702,0.30294
391.85991,0.65644,0.56938,0.48844,0.41567,0.3523,0.30797,0.3042
391.95266,0.67099,0.57995,0.49541,0.41991,0.3546,0.30897,0.3055
392.04545,0.68609,0.59098,0.50271,0.42435,0.357,0.31002,0.30685
392.13829,0.70169,0.60247,0.51034,0.42897,0.35951,0.31111,0.30826
392.23117,0.71778,0.61443,0.51831,0.4338,0.36211,0.31225,0.30972
392.32409,0.7343,0.62686,0.52662,0.43882,0.36483,0.31343,0.31123
392.41706,0.75122,0.63976,0.53528,0.44406,0.36765,0.31467,0.31279
392.51007,0.76846,0.65311,0.54431,0.44951,0.37059,0.31595,0.31442
392.60313,0.78595,0.6669,0.5537,0.45519,0.37365,0.31729,0.3161
392.69623,0.8036,0.68113,0.56347,0.46109,0.37682,0.31868,0.31784
392.78937,0.82131,0.69576,0.57361,0.46723,0.38013,0.32012,0.31964
392.88256,0.83898,0.71078,0.58414,0.47361,0.38356,0.32161,0.32151
392.97579,0.85646,0.72614,0.59505,0.48025,0.38712,0.32316,0.32344
393.06907,0.87362,0.74181,0.60635,0.48714,0.39083,0.32477,0.32544
393.16239,0.89031,0.75774,0.61803,0.4943,0.39468,0.32644,0.32751
393.25576,0.90637,0.77388,0.6301,0.50174,0.39868,0.32817,0.32966
393.34917,0.92164,0.79014,0.64254,0.50945,0.40283,0.32996,0.33188
393.44262,0.93595,0.80648,0.65536,0.51746,0.40715,0.33182,0.33417
393.53612,0.94912,0.82279,0.66853,0.52576,0.41163,0.33374,0.33655
393.62966,0.961,0.83898,0.68205,0.53437,0.41629,0.33574,0.33902
393.72325,0.97144,0.85496,0.69588,0.54329,0.42113,0.3378,0.34157
393.81688,0.98029,0.87062,0.71002,0.55253,0.42616,0.33995,0.34422
393.91056,0.98743,0.88583,0.72442,0.56209,0.43138,0.34217,0.34695
394.00428,0.99277,0.90048,0.73905,0.57198,0.4368,0.34447,0.34979
394.09805,0.99623,0.91444,0.75388,0.5822,0.44243,0.34686,0.35273
394.19186,0.99777,0.92758,0.76885,0.59275,0.44829,0.34933,0.35577
394.28571,0.99737,0.93978,0.7839,0.60364,0.45436,0.3519,0.35892
394.37961,0.99504,0.9509,0.79898,0.61486,0.46068,0.35456,0.36217
394.47356,0.99084,0.96083,0.81402,0.62641,0.46723,0.35732,0.36555
394.56755,0.98482,0.96946,0.82894,0.63828,0.47403,0.36019,0.36903
394.66158,0.97709,0.97669,0.84366,0.65047,0.4811,0.36316,0.37264
394.75566,0.96776,0.98244,0.85809,0.66296,0.48843,0.36625,0.37637
394.84979,0.95695,0.98663,0.87213,0.67573,0.49604,0.36945,0.38022
394.94395,0.94482,0.98922,0.88568,0.68878,0.50392,0.37278,0.38419
395.03817,0.93152,0.99017,0.89865,0.70206,0.5121,0.37623,0.38828
395.13243,0.91721,0.98949,0.91092,0.71556,0.52058,0.37982,0.39249
395.22673,0.90203,0.98718,0.92239,0.72924,0.52935,0.38354,0.39682
395.32108,0.88615,0.98327,0.93296,0.74305,0.53843,0.38741,0.40127
395.41547,0.86971,0.97782,0.94251,0.75696,0.54783,0.39143,0.40583
395.50991,0.85286,0.9709,0.95097,0.7709,0.55753,0.39561,0.41048
395.6044,0.83571,0.96259,0.95823,0.78483,0.56755,0.39995,0.41523
395.69892,0.81839,0.95299,0.96422,0.79867,0.57787,0.40445,0.42006
395.7935,0.80101,0.94221,0.96888,0.81235,0.5885,0.40913,0.42495
395.88812,0.78367,0.93036,0.97214,0.82579,0.59943,0.414,0.42989
395.98278,0.76644,0.91757,0.97397,0.83891,0.61064,0.41905,0.43485
396.07749,0.74939,0.90396,0.97435,0.85163,0.62213,0.42429,0.43982
396.17225,0.7326,0.88965,0.97328,0.86384,0.63387,0.42973,0.44476
396.26705,0.71611,0.87477,0.97076,0.87545,0.64584,0.43537,0.44965
396.3619,0.69996,0.85942,0.96682,0.88637,0.658,0.44122,0.45445
396.45679,0.68418,0.84371,0.9615,0.89649,0.67033,0.44728,0.45913
396.55172,0.66881,0.82776,0.95487,0.90572,0.68279,0.45355,0.46365
396.64671,0.65386,0.81165,0.94699,0.91398,0.69531,0.46003,0.46798
396.74173,0.63934,0.79547,0.93794,0.92116,0.70786,0.46672,0.47207
396.83681,0.62527,0.7793,0.92782,0.9272,0.72036,0.47362,0.47589
396.93193,0.61165,0.76321,0.91673,0.93203,0.73274,0.48072,0.4794
397.02709,0.59848,0.74726,0.90476,0.93558,0.74494,0.48801,0.48257
397.1223,0.58576,0.7315,0.89203,0.93782,0.75685,0.49548,0.48538
397.21756,0.57348,0.71599,0.87863,0.93872,0.7684,0.50311,0.4878
397.31286,0.56163,0.70074,0.86467,0.93825,0.77949,0.51087,0.48983
397.40821,0.55022,0.68581,0.85026,0.93643,0.79002,0.51876,0.49144
397.5036,0.53922,0.67122,0.83549,0.93327,0.79988,0.52672,0.49266
397.59904,0.52862,0.65697,0.82046,0.92881,0.80898,0.53473,0.49347
397.69452,0.51842,0.6431,0.80524,0.92308,0.81721,0.54274,0.49391
397.79006,0.5086,0.62962,0.78993,0.91616,0.82448,0.55069,0.494
397.88563,0.49915,0.61652,0.77459,0.9081,0.8307,0.55854,0.49376
397.98125,0.49006,0.60381,0.7593,0.899,0.83579,0.56622,0.49324
398.07692,0.48131,0.5915,0.7441,0.88895,0.83968,0.57366,0.49246
398.17264,0.4729,0.57959,0.72906,0.87803,0.84231,0.58079,0.49149
398.2684,0.4648,0.56806,0.71421,0.86635,0.84365,0.58754,0.49035
398.3642,0.45701,0.55692,0.6996,0.85401,0.84368,0.59382,0.48909
398.46006,0.44951,0.54616,0.68526,0.84111,0.8424,0.59958,0.48776
398.55596,0.44229,0.53578,0.67121,0.82775,0.83982,0.60472,0.48639
398.6519,0.43534,0.52575,0.65749,0.81402,0.83597,0.6092,0.48502
398.74789,0.42865,0.51609,0.6441,0.80002,0.83092,0.61295,0.48368
398.84393,0.42221,0.50677,0.63106,0.78583,0.82472,0.61594,0.48241
398.94001,0.41601,0.49778,0.61839,0.77153,0.81747,0.61814,0.48124
399.03614,0.41003,0.48912,0.60609,0.7572,0.80924,0.61952,0.48018
399.13232,0.40428,0.48077,0.59415,0.7429,0.80016,0.6201,0.47925
399.22854,0.39873,0.47273,0.58259,0.72869,0.79032,0.6199,0.47848
399.32481,0.39338,0.46498,0.57141,0.71463,0.77984,0.61895,0.47788
399.42113,0.38822,0.45752,0.5606,0.70077,0.76882,0.6173,0.47745
399.51749,0.38324,0.45033,0.55015,0.68713,0.75739,0.61501,0.47721
399.6139,0.37844,0.4434,0.54006,0.67377,0.74565,0.61217,0.47717
399.71035,0.37381,0.43673,0.53033,0.6607,0.7337,0.60885,0.47732
399.80686,0.36934,0.4303,0.52095,0.64795,0.72163,0.60513,0.47767
399.9034,0.36502,0.42411,0.51191,0.63554,0.70954,0.60111,0.47822
400,0.36085,0.41814,0.5032,0.62349,0.6975,0.59688,0.47897
400.09664,0.35682,0.41239,0.49481,0.61181,0.68559,0.5925,0.47992
400.19333,0.35293,0.40685,0.48674,0.6005,0.67387,0.58808,0.48108
400.29007,0.34916,0.40151,0.47897,0.58956,0.66239,0.58367,0.48243
400.38685,0.34552,0.39636,0.47149,0.57901,0.6512,0.57934,0.48398
400.48368,0.342,0.3914,0.46431,0.56884,0.64035,0.57516,0.48572
400.58055,0.3386,0.38662,0.45739,0.55906,0.62985,0.57116,0.48766
400.67747,0.3353,0.382,0.45075,0.54965,0.61975,0.5674,0.48978
400.77444,0.33211,0.37756,0.44437,0.54061,0.61005,0.56391,0.4921
400.87146,0.32902,0.37326,0.43823,0.53194,0.60078,0.56071,0.4946
400.96852,0.32603,0.36913,0.43234,0.52363,0.59194,0.55783,0.49728
401.06563,0.32313,0.36513,0.42667,0.51567,0.58355,0.55528,0.50014
401.16279,0.32033,0.36128,0.42124,0.50806,0.57559,0.55308,0.50317
401.26,0.3176,0.35757,0.41601,0.50079,0.56809,0.55123,0.50639
401.35725,0.31497,0.35398,0.411,0.49385,0.56102,0.54974,0.50977
401.45455,0.31241,0.35052,0.40619,0.48722,0.5544,0.54861,0.51333
401.55189,0.30992,0.34718,0.40157,0.48091,0.54821,0.54784,0.51706
401.64928,0.30752,0.34395,0.39714,0.47491,0.54245,0.54743,0.52096
401.74672,0.30518,0.34084,0.39289,0.4692,0.5371,0.54737,0.52502
401.84421,0.30291,0.33783,0.38881,0.46378,0.53217,0.54765,0.52925
401.94175,0.30071,0.33493,0.38491,0.45863,0.52764,0.54828,0.53364
402.03933,0.29857,0.33213,0.38116,0.45376,0.52351,0.54924,0.5382
402.13696,0.2965,0.32943,0.37757,0.44915,0.51976,0.55053,0.54292
402.23464,0.29448,0.32682,0.37414,0.44479,0.51638,0.55214,0.5478
402.33236,0.29252,0.3243,0.37085,0.44069,0.51338,0.55407,0.55284
402.43013,0.29061,0.32186,0.3677,0.43682,0.51073,0.5563,0.55804
402.52795,0.28876,0.31951,0.36469,0.43319,0.50843,0.55883,0.5634
402.62582,0.28696,0.31724,0.36181,0.42979,0.50647,0.56165,0.56891
402.72374,0.28521,0.31505,0.35906,0.4266,0.50484,0.56476,0.57459
402.8217,0.28351,0.31294,0.35644,0.42364,0.50354,0.56815,0.58042
402.91971,0.28186,0.3109,0.35393,0.42089,0.50256,0.57181,0.5864
403.01777,0.28025,0.30893,0.35155,0.41834,0.50189,0.57574,0.59254
403.11587,0.27868,0.30704,0.34928,0.41599,0.50152,0.57994,0.59883
403.21402,0.27716,0.30521,0.34712,0.41384,0.50146,0.58439,0.60527
403.31223,0.27568,0.30344,0.34506,0.41188,0.50168,0.58909,0.61187
403.41048,0.27423,0.30174,0.34312,0.41011,0.5022,0.59404,0.61861
403.50877,0.27283,0.3001,0.34128,0.40852,0.503,0.59924,0.6255
403.60712,0.27146,0.29852,0.33953,0.40711,0.50409,0.60467,0.63254
403.70551,0.27013,0.297,0.33789,0.40589,0.50545,0.61033,0.63971
403.80395,0.26883,0.29553,0.33634,0.40484,0.50709,0.61622,0.64703
403.90244,0.26757,0.29412,0.33489,0.40396,0.50899,0.62234,0.65449
404.00098,0.26634,0.29277,0.33353,0.40325,0.51117,0.62867,0.66208
404.09956,0.26515,0.29147,0.33226,0.40271,0.51361,0.63522,0.6698
404.19819,0.26398,0.29022,0.33107,0.40234,0.51632,0.64198,0.67765
404.29688,0.26285,0.28902,0.32998,0.40214,0.5193,0.64895,0.68562
404.3956,0.26174,0.28787,0.32897,0.4021,0.52253,0.65611,0.69371
404.49438,0.26066,0.28677,0.32805,0.40222,0.52603,0.66347,0.70191
404.59321,0.25961,0.28572,0.32721,0.40251,0.52979,0.67102,0.71021
404.69208,0.25859,0.28471,0.32646,0.40296,0.53382,0.67875,0.71862
404.791,0.25759,0.28375,0.32579,0.40358,0.5381,0.68665,0.72712
404.88998,0.25662,0.28283,0.3252,0.40436,0.54265,0.69472,0.7357
404.98899,0.25568,0.28196,0.32469,0.4053,0.54746,0.70296,0.74436
405.08806,0.25476,0.28113,0.32427,0.40641,0.55253,0.71135,0.75309
405.18718,0.25386,0.28035,0.32392,0.40769,0.55787,0.71988,0.76188
405.28634,0.25299,0.27961,0.32366,0.40913,0.56346,0.72854,0.77071
405.38556,0.25214,0.27891,0.32348,0.41074,0.56933,0.73733,0.77958
405.48482,0.25131,0.27825,0.32338,0.41252,0.57545,0.74624,0.78847
405.58413,0.2505,0.27764,0.32336,0.41447,0.58185,0.75524,0.79738
405.68349,0.24971,0.27706,0.32342,0.4166,0.5885,0.76434,0.80628
405.7829,0.24895,0.27653,0.32356,0.41891,0.59543,0.77351,0.81517
405.88235,0.2482,0.27604,0.32379,0.4214,0.60261,0.78274,0.82402
405.98186,0.24748,0.27558,0.3241,0.42407,0.61007,0.79202,0.83283
406.08141,0.24677,0.27517,0.3245,0.42693,0.61778,0.80132,0.84157
406.18102,0.24608,0.2748,0.32498,0.42998,0.62576,0.81065,0.85023
406.28067,0.24542,0.27447,0.32555,0.43322,0.634,0.81996,0.85879
406.38037,0.24476,0.27418,0.3262,0.43667,0.64249,0.82925,0.86723
406.48012,0.24413,0.27393,0.32695,0.44031,0.65124,0.8385,0.87553
406.57992,0.24352,0.27372,0.32779,0.44417,0.66025,0.84768,0.88368
406.67976,0.24292,0.27355,0.32872,0.44824,0.66949,0.85677,0.89165
406.77966,0.24234,0.27342,0.32975,0.45252,0.67898,0.86575,0.89942
406.87961,0.24177,0.27333,0.33087,0.45703,0.6887,0.8746,0.90697
406.9796,0.24122,0.27328,0.3321,0.46177,0.69864,0.8833,0.91428
407.07965,0.24069,0.27328,0.33342,0.46675,0.7088,0.89181,0.92133
407.17974,0.24017,0.27332,0.33485,0.47197,0.71916,0.90011,0.9281
407.27988,0.23967,0.2734,0.33639,0.47744,0.72972,0.90818,0.93457
407.38007,0.23918,0.27353,0.33805,0.48316,0.74045,0.91599,0.94071
407.48031,0.23871,0.2737,0.33981,0.48915,0.75134,0.92352,0.94651
407.58061,0.23825,0.27392,0.3417,0.4954,0.76238,0.93073,0.95195
407.68095,0.23781,0.27418,0.3437,0.50193,0.77354,0.93761,0.95701
407.78133,0.23738,0.27449,0.34584,0.50875,0.7848,0.94413,0.96166
407.88177,0.23697,0.27485,0.3481,0.51585,0.79613,0.95026,0.9659
407.98226,0.23657,0.27525,0.3505,0.52326,0.80753,0.95598,0.96971
408.0828,0.23618,0.27571,0.35304,0.53096,0.81894,0.96127,0.97307
408.18339,0.2358,0.27622,0.35573,0.53899,0.83034,0.96611,0.97598
408.28402,0.23544,0.27678,0.35857,0.54733,0.84171,0.97047,0.97841
408.38471,0.2351,0.2774,0.36156,0.55599,0.853,0.97433,0.98036
408.48545,0.23476,0.27807,0.36472,0.56499,0.86418,0.97769,0.98182
408.58623,0.23444,0.27881,0.36806,0.57433,0.8752,0.98052,0.98279
408.68707,0.23413,0.2796,0.37157,0.584,0.88604,0.98281,0.98325
408.78795,0.23383,0.28045,0.37526,0.59403,0.89664,0.98455,0.98322
408.88889,0.23355,0.28137,0.37915,0.6044,0.90695,0.98573,0.98267
408.98987,0.23328,0.28236,0.38324,0.61512,0.91695,0.98634,0.98163
409.09091,0.23302,0.28341,0.38755,0.62619,0.92657,0.98638,0.98009
409.19199,0.23277,0.28454,0.39207,0.63762,0.93578,0.98585,0.97805
409.29313,0.23254,0.28574,0.39683,0.64939,0.94452,0.98475,0.97553
409.39431,0.23231,0.28702,0.40183,0.66149,0.95276,0.98308,0.97252
409.49555,0.2321,0.28838,0.40708,0.67394,0.96043,0.98084,0.96905
409.59683,0.2319,0.28983,0.41259,0.6867,0.96752,0.97805,0.96512
409.69817,0.23171,0.29136,0.41838,0.69977,0.97396,0.97472,0.96074
409.79955,0.23154,0.29299,0.42446,0.71313,0.97972,0.97085,0.95594
409.90099,0.23137,0.29472,0.43085,0.72676,0.98477,0.96646,0.95072
410.00248,0.23122,0.29654,0.43755,0.74063,0.98907,0.96157,0.94511
410.10401,0.23108,0.29848,0.44458,0.75471,0.9926,0.9562,0.93912
410.2056,0.23095,0.30053,0.45196,0.76897,0.99532,0.95036,0.93277
410.30723,0.23083,0.30269,0.4597,0.78337,0.99722,0.94407,0.92608
410.40892,0.23072,0.30498,0.46781,0.79786,0.99829,0.93737,0.91908
410.51066,0.23063,0.3074,0.47632,0.81239,0.9985,0.93026,0.91177
410.61245,0.23054,0.30996,0.48524,0.8269,0.99787,0.92278,0.90419
410.71429,0.23047,0.31267,0.49459,0.84132,0.99639,0.91495,0.89635
410.81617,0.23041,0.31553,0.50437,0.8556,0.99407,0.90679,0.88828
410.91811,0.23036,0.31856,0.51462,0.86965,0.99092,0.89833,0.87999
411.0201,0.23032,0.32175,0.52534,0.88339,0.98695,0.8896,0.87152
411.12214,0.23029,0.32514,0.53655,0.89675,0.98219,0.88061,0.86287
411.22424,0.23028,0.32871,0.54826,0.90962,0.97666,0.8714,0.85407
411.32638,0.23027,0.3325,0.56048,0.92193,0.97039,0.86199,0.84514
411.42857,0.23028,0.3365,0.57323,0.93357,0.96343,0.85241,0.8361
411.53082,0.2303,0.34074,0.58651,0.94446,0.95579,0.84267,0.82697
411.63311,0.23033,0.34522,0.60032,0.95449,0.94753,0.8328,0.81776
411.73545,0.23037,0.34997,0.61466,0.96359,0.93869,0.82282,0.8085
411.83785,0.23042,0.355,0.62953,0.97166,0.92931,0.81275,0.79919
411.9403,0.23049,0.36033,0.64492,0.97863,0.91943,0.80262,0.78987
412.0428,0.23056,0.36598,0.66079,0.98442,0.9091,0.79245,0.78053
412.14535,0.23065,0.37197,0.67714,0.98897,0.89837,0.78224,0.7712
412.24795,0.23075,0.37832,0.69391,0.99223,0.88728,0.77202,0.76189
412.3506,0.23087,0.38505,0.71107,0.99415,0.87588,0.76181,0.75261
412.4533,0.23099,0.3922,0.72855,0.99472,0.8642,0.75162,0.74338
412.55605,0.23113,0.39978,0.74627,0.99391,0.85231,0.74146,0.7342
412.65886,0.23128,0.40783,0.76415,0.99173,0.84022,0.73135,0.72509
412.76171,0.23144,0.41637,0.78208,0.98819,0.82799,0.7213,0.71606
412.86462,0.23161,0.42544,0.79995,0.98333,0.81566,0.71132,0.70711
412.96758,0.2318,0.43506,0.81761,0.97717,0.80325,0.70142,0.69825
413.07059,0.232,0.44526,0.83491,0.96979,0.7908,0.69162,0.6895
413.17365,0.23221,0.45608,0.85169,0.96124,0.77834,0.68191,0.68086
413.27677,0.23243,0.46754,0.86777,0.95159,0.76591,0.67231,0.67234
413.37993,0.23267,0.47968,0.88295,0.94094,0.75352,0.66283,0.66393
413.48315,0.23292,0.49252,0.89704,0.92936,0.74121,0.65347,0.65566
413.58641,0.23319,0.50608,0.90985,0.91696,0.72898,0.64423,0.64751
413.68973,0.23347,0.52037,0.92118,0.90381,0.71688,0.63512,0.63951
413.7931,0.23376,0.5354,0.93084,0.89003,0.7049,0.62615,0.63165
413.89653,0.23406,0.55117,0.93867,0.87571,0.69307,0.61732,0.62393
414,0.23438,0.56764,0.94453,0.86093,0.68141,0.60863,0.61636
414.10353,0.23472,0.5848,0.94829,0.84579,0.66992,0.60008,0.60894
414.2071,0.23507,0.60257,0.94987,0.83038,0.65862,0.59167,0.60168
414.31073,0.23543,0.62087,0.94923,0.81477,0.64751,0.58342,0.59458
414.41441,0.23581,0.63958,0.94637,0.79904,0.6366,0.57531,0.58764
414.51815,0.2362,0.65854,0.9413,0.78327,0.6259,0.56735,0.58086
414.62193,0.23661,0.67756,0.93412,0.7675,0.61542,0.55954,0.57424
414.72577,0.23703,0.6964,0.92491,0.75182,0.60515,0.55188,0.5678
414.82966,0.23747,0.7148,0.91383,0.73625,0.5951,0.54437,0.56152
414.9336,0.23793,0.73242,0.90104,0.72086,0.58528,0.53701,0.55541
415.03759,0.2384,0.74893,0.88673,0.70568,0.57567,0.5298,0.54948
415.14164,0.23889,0.76395,0.87108,0.69074,0.56629,0.52273,0.54372
415.24574,0.2394,0.7771,0.85432,0.67608,0.55713,0.5158,0.53814
415.34989,0.23992,0.78801,0.83664,0.66171,0.54819,0.50902,0.53274
415.45409,0.24046,0.79635,0.81825,0.64766,0.53946,0.50239,0.52752
415.55834,0.24102,0.80182,0.79934,0.63395,0.53096,0.49589,0.52248
415.66265,0.2416,0.80424,0.7801,0.62059,0.52266,0.48954,0.51763
415.76701,0.24219,0.80347,0.76068,0.60758,0.51458,0.48332,0.51298
415.87142,0.2428,0.79952,0.74124,0.59494,0.5067,0.47723,0.50851
415.97589,0.24344,0.79247,0.7219,0.58266,0.49903,0.47128,0.50424
416.0804,0.24409,0.78251,0.70279,0.57075,0.49156,0.46546,0.50018
416.18497,0.24476,0.76993,0.684,0.55922,0.48429,0.45977,0.49632
416.28959,0.24545,0.75506,0.6656,0.54804,0.47721,0.45421,0.49267
416.39427,0.24617,0.73829,0.64767,0.53724,0.47032,0.44877,0.48923
416.49899,0.2469,0.72003,0.63026,0.52678,0.46361,0.44345,0.48602
416.60377,0.24766,0.70067,0.6134,0.51669,0.45709,0.43825,0.48304
416.70861,0.24843,0.6806,0.59713,0.50694,0.45074,0.43318,0.4803
416.81349,0.24923,0.66016,0.58146,0.49752,0.44457,0.42821,0.47781
416.91843,0.25006,0.63967,0.5664,0.48844,0.43857,0.42336,0.47557
417.02342,0.2509,0.61938,0.55196,0.47969,0.43274,0.41862,0.47359
417.12846,0.25177,0.59951,0.53814,0.47125,0.42707,0.414,0.4719
417.23356,0.25267,0.58022,0.52493,0.46311,0.42156,0.40947,0.47049
417.33871,0.25359,0.56165,0.51231,0.45528,0.4162,0.40505,0.46939
417.44391,0.25453,0.54387,0.50029,0.44773,0.411,0.40074,0.46862
417.54917,0.2555,0.52697,0.48883,0.44047,0.40594,0.39652,0.46818
417.65448,0.2565,0.51095,0.47793,0.43347,0.40102,0.39241,0.4681
417.75984,0.25753,0.49585,0.46756,0.42675,0.39625,0.38838,0.4684
417.86525,0.25858,0.48166,0.4577,0.42027,0.39161,0.38446,0.4691
417.97072,0.25966,0.46836,0.44835,0.41404,0.38711,0.38062,0.47023
418.07624,0.26077,0.45592,0.43947,0.40806,0.38273,0.37688,0.47182
418.18182,0.26191,0.44432,0.43105,0.4023,0.37849,0.37322,0.47389
418.28745,0.26308,0.43352,0.42307,0.39677,0.37437,0.36965,0.47647
418.39313,0.26428,0.42348,0.41551,0.39145,0.37036,0.36616,0.47961
418.49886,0.26551,0.41415,0.40834,0.38635,0.36648,0.36276,0.48333
418.60465,0.26678,0.40551,0.40157,0.38144,0.36271,0.35943,0.48768
418.71049,0.26808,0.39752,0.39515,0.37674,0.35906,0.35619,0.49268
418.81639,0.26942,0.39012,0.38909,0.37222,0.35551,0.35302,0.49839
418.92234,0.27079,0.38329,0.38336,0.36788,0.35207,0.34993,0.50484
419.02834,0.27219,0.37699,0.37795,0.36373,0.34873,0.34691,0.51205
419.1344,0.27363,0.37119,0.37285,0.35974,0.3455,0.34396,0.52008
419.24051,0.27511,0.36586,0.36804,0.35593,0.34237,0.34109,0.52893
419.34667,0.27663,0.36096,0.3635,0.35227,0.33933,0.33828,0.53862
419.45289,0.27819,0.35648,0.35923,0.34877,0.3364,0.33555,0.54916
419.55916,0.27979,0.35238,0.35522,0.34543,0.33355,0.33288,0.56052
419.66548,0.28143,0.34864,0.35145,0.34223,0.3308,0.33027,0.57266
419.77186,0.28312,0.34524,0.34792,0.33918,0.32814,0.32773,0.5855
419.8783,0.28485,0.34216,0.34461,0.33627,0.32556,0.32525,0.59893
419.98478,0.28662,0.33938,0.34152,0.33349,0.32307,0.32283,0.6128
420.09132,0.28844,0.33689,0.33863,0.33085,0.32067,0.32047,0.62688
420.19792,0.29031,0.33467,0.33595,0.32834,0.31835,0.31817,0.64093
420.30457,0.29223,0.3327,0.33345,0.32595,0.31612,0.31593,0.65464
420.41127,0.2942,0.33097,0.33115,0.32369,0.31396,0.31374,0.66765
420.51803,0.29622,0.32947,0.32902,0.32156,0.31189,0.31161,0.67958
420.62484,0.29829,0.32819,0.32707,0.31954,0.3099,0.30953,0.69002
420.73171,0.30042,0.32712,0.32529,0.31763,0.30798,0.30751,0.6986
420.83863,0.3026,0.32625,0.32367,0.31585,0.30614,0.30554,0.70496
420.9456,0.30484,0.32557,0.32221,0.31417,0.30438,0.30362,0.70882
421.05263,0.30714,0.32507,0.3209,0.31261,0.30269,0.30175,0.71
421.15972,0.3095,0.32476,0.31975,0.31116,0.30108,0.29993,0.7084
421.26685,0.31192,0.32461,0.31874,0.30981,0.29954,0.29816,0.70408
421.37405,0.31441,0.32463,0.31788,0.30857,0.29808,0.29644,0.69716
421.48129,0.31696,0.32481,0.31717,0.30744,0.29669,0.29476,0.68791
421.58859,0.31958,0.32515,0.31659,0.30642,0.29538,0.29314,0.67661
421.69595,0.32227,0.32564,0.31615,0.3055,0.29414,0.29155,0.66363
421.80336,0.32503,0.32628,0.31584,0.30468,0.29297,0.29001,0.64934
421.91083,0.32786,0.32706,0.31567,0.30397,0.29188,0.28852,0.63411
422.01835,0.33077,0.32799,0.31564,0.30336,0.29086,0.28707,0.61827
422.12592,0.33376,0.32907,0.31573,0.30286,0.28992,0.28566,0.60213
422.23355,0.33683,0.33028,0.31596,0.30246,0.28905,0.28429,0.58595
422.34124,0.33998,0.33163,0.31632,0.30216,0.28826,0.28297,0.56994
422.44898,0.34321,0.33312,0.3168,0.30197,0.28755,0.28168,0.55426
422.55677,0.34653,0.33475,0.31742,0.30189,0.28691,0.28044,0.53906
422.66462,0.34994,0.33652,0.31817,0.30191,0.28635,0.27924,0.52441
422.77253,0.35344,0.33842,0.31905,0.30204,0.28587,0.27808,0.51038
422.88049,0.35704,0.34046,0.32006,0.30228,0.28547,0.27695,0.49701
422.98851,0.36073,0.34264,0.3212,0.30263,0.28515,0.27587,0.48432
423.09658,0.36452,0.34496,0.32247,0.30309,0.28491,0.27482,0.4723
423.2047,0.36842,0.34742,0.32388,0.30367,0.28476,0.27381,0.46095
423.31288,0.37242,0.35002,0.32543,0.30436,0.2847,0.27284,0.45025
423.42112,0.37653,0.35276,0.32711,0.30517,0.28473,0.27191,0.44019
423.52941,0.38075,0.35565,0.32893,0.3061,0.28485,0.27101,0.43072
423.63776,0.38509,0.35868,0.33089,0.30715,0.28507,0.27016,0.42183
423.74616,0.38954,0.36186,0.33299,0.30833,0.28538,0.26933,0.41348
423.85462,0.39412,0.36519,0.33524,0.30964,0.28579,0.26855,0.40564
423.96313,0.39882,0.36868,0.33764,0.31108,0.2863,0.2678,0.39829
424.0717,0.40364,0.37232,0.34019,0.31266,0.28692,0.26708,0.3914
424.18033,0.4086,0.37612,0.34289,0.31438,0.28765,0.26641,0.38493
424.28901,0.41369,0.38009,0.34575,0.31624,0.2885,0.26577,0.37886
424.39774,0.41893,0.38422,0.34877,0.31825,0.28946,0.26516,0.37317
424.50654,0.4243,0.38852,0.35195,0.32042,0.29055,0.26459,0.36784
424.61538,0.42982,0.39299,0.3553,0.32274,0.29177,0.26406,0.36283
424.72429,0.43549,0.39765,0.35883,0.32522,0.29312,0.26356,0.35815
424.83325,0.44131,0.40248,0.36253,0.32788,0.2946,0.2631,0.35375
424.94226,0.44729,0.4075,0.36641,0.33071,0.29624,0.26267,0.34964
425.05133,0.45343,0.41271,0.37048,0.33372,0.29802,0.26228,0.34579
425.16046,0.45973,0.41812,0.37475,0.33692,0.29996,0.26192,0.34218
425.26965,0.4662,0.42373,0.37921,0.34031,0.30207,0.26161,0.33881
425.37889,0.47284,0.42954,0.38387,0.3439,0.30435,0.26133,0.33567
425.48818,0.47966,0.43556,0.38875,0.34771,0.30681,0.26108,0.33274
425.59753,0.48666,0.4418,0.39384,0.35173,0.30945,0.26087,0.33001
425.70694,0.49385,0.44826,0.39915,0.35597,0.3123,0.2607,0.32747
425.81641,0.50121,0.45494,0.4047,0.36045,0.31535,0.26057,0.32512
425.92593,0.50877,0.46185,0.41047,0.36516,0.31861,0.26047,0.32295
426.0355,0.51652,0.469,0.4165,0.37013,0.3221,0.26042,0.32095
426.14514,0.52447,0.47638,0.42277,0.37536,0.32583,0.2604,0.31912
426.25483,0.53262,0.48402,0.4293,0.38086,0.3298,0.26042,0.31744
426.36457,0.54096,0.4919,0.43609,0.38663,0.33403,0.26048,0.31592
426.47438,0.54951,0.50003,0.44316,0.3927,0.33851,0.26059,0.31455
426.58423,0.55827,0.50843,0.4505,0.39906,0.34328,0.26073,0.31333
426.69415,0.56723,0.51708,0.45813,0.40572,0.34833,0.26092,0.31225
426.80412,0.5764,0.52601,0.46606,0.4127,0.35367,0.26114,0.31131
426.91415,0.58578,0.5352,0.47428,0.42001,0.35931,0.26142,0.31051
427.02424,0.59537,0.54466,0.48282,0.42765,0.36525,0.26173,0.30985
427.13438,0.60516,0.55439,0.49166,0.43563,0.37151,0.26209,0.30932
427.24458,0.61517,0.5644,0.50082,0.44396,0.37808,0.2625,0.30893
427.35484,0.62537,0.57468,0.51029,0.45265,0.38497,0.26296,0.30867
427.46515,0.63577,0.58524,0.5201,0.46169,0.39216,0.26346,0.30854
427.57552,0.64638,0.59607,0.53022,0.47109,0.39965,0.26401,0.30855
427.68595,0.65717,0.60716,0.54068,0.48086,0.40744,0.26462,0.30869
427.79644,0.66815,0.61851,0.55146,0.491,0.41549,0.26527,0.30896
427.90698,0.6793,0.63013,0.56257,0.50149,0.42379,0.26598,0.30937
428.01758,0.69063,0.64199,0.57399,0.51234,0.4323,0.26675,0.30991
428.12823,0.70211,0.65409,0.58573,0.52353,0.44099,0.26757,0.31058
428.23894,0.71374,0.66641,0.59778,0.53506,0.44979,0.26845,0.3114
428.34972,0.7255,0.67895,0.61012,0.54689,0.45866,0.26939,0.31235
428.46054,0.73738,0.69168,0.62274,0.55902,0.46752,0.27039,0.31344
428.57143,0.74936,0.70459,0.63562,0.57141,0.47629,0.27146,0.31468
428.68237,0.76143,0.71765,0.64875,0.58402,0.48488,0.27259,0.31607
428.79337,0.77355,0.73084,0.66209,0.59683,0.49319,0.2738,0.3176
428.90443,0.78571,0.74413,0.67563,0.60977,0.50112,0.27507,0.31929
429.01554,0.79789,0.75749,0.68932,0.6228,0.50856,0.27642,0.32113
429.12672,0.81004,0.77089,0.70313,0.63586,0.5154,0.27785,0.32314
429.23795,0.82216,0.78428,0.71702,0.64887,0.52151,0.27936,0.3253
429.34924,0.8342,0.79764,0.73094,0.66176,0.52681,0.28095,0.32763
429.46058,0.84613,0.81091,0.74484,0.67446,0.53118,0.28263,0.33013
429.57198,0.85791,0.82404,0.75866,0.68686,0.53457,0.28439,0.33281
429.68345,0.86951,0.837,0.77234,0.69888,0.53688,0.28626,0.33566
429.79496,0.88089,0.84972,0.78583,0.71043,0.53809,0.28822,0.33869
429.90654,0.892,0.86216,0.79905,0.7214,0.53817,0.29028,0.34192
430.01818,0.90281,0.87424,0.81192,0.73169,0.53713,0.29245,0.34533
430.12987,0.91327,0.88593,0.82438,0.74121,0.535,0.29473,0.34894
430.24162,0.92333,0.89716,0.83635,0.74986,0.53182,0.29714,0.35274
430.35343,0.93296,0.90787,0.84775,0.75755,0.52767,0.29966,0.35675
430.4653,0.94209,0.91799,0.8585,0.7642,0.52263,0.30231,0.36096
430.57722,0.9507,0.92748,0.86854,0.76974,0.51682,0.3051,0.36539
430.68921,0.95874,0.93628,0.87778,0.77411,0.51034,0.30803,0.37002
430.80125,0.96615,0.94434,0.88615,0.77726,0.50331,0.31112,0.37487
430.91335,0.97291,0.9516,0.8936,0.77917,0.49584,0.31436,0.37993
431.02551,0.97897,0.95801,0.90007,0.77981,0.48805,0.31776,0.38521
431.13772,0.9843,0.96354,0.9055,0.7792,0.48005,0.32134,0.3907
431.25,0.98886,0.96816,0.90985,0.77734,0.47193,0.3251,0.3964
431.36233,0.99263,0.97182,0.9131,0.77428,0.4638,0.32905,0.4023
431.47473,0.99557,0.97451,0.91521,0.77005,0.45573,0.3332,0.40841
431.58718,0.99767,0.97621,0.91617,0.76472,0.4478,0.33757,0.41471
431.69969,0.99891,0.97691,0.91598,0.75836,0.44007,0.34216,0.4212
431.81226,0.99928,0.97661,0.91466,0.75104,0.43259,0.34698,0.42786
431.92488,0.99877,0.97531,0.91222,0.74287,0.4254,0.35205,0.43467
432.03757,0.99739,0.97303,0.90868,0.73391,0.41855,0.35738,0.44162
432.15031,0.99513,0.96978,0.90409,0.72428,0.41205,0.36298,0.44869
432.26312,0.99201,0.96559,0.89849,0.71407,0.40594,0.36888,0.45584
432.37598,0.98804,0.9605,0.89194,0.70336,0.40022,0.37507,0.46306
432.4889,0.98324,0.95453,0.8845,0.69226,0.39491,0.38158,0.4703
432.60188,0.97764,0.94774,0.87622,0.68084,0.39002,0.38843,0.47752
432.71492,0.97127,0.94017,0.86719,0.6692,0.38555,0.39563,0.48469
432.82802,0.96415,0.93186,0.85746,0.6574,0.38151,0.40319,0.49176
432.94118,0.95633,0.92287,0.84712,0.64552,0.3779,0.41114,0.49868
433.05439,0.94785,0.91326,0.83623,0.63363,0.37472,0.41949,0.50538
433.16767,0.93875,0.90308,0.82486,0.62177,0.37197,0.42825,0.51182
433.281,0.92907,0.89239,0.8131,0.61001,0.36965,0.43745,0.51793
433.3944,0.91887,0.88124,0.801,0.59839,0.36775,0.4471,0.52366
433.50785,0.90818,0.86969,0.78862,0.58695,0.36629,0.45721,0.52893
433.62137,0.89705,0.8578,0.77605,0.57572,0.36525,0.4678,0.53369
433.73494,0.88554,0.84561,0.76332,0.56473,0.36465,0.47886,0.53788
433.84857,0.87369,0.83317,0.7505,0.55401,0.36448,0.49042,0.54145
433.96226,0.86154,0.82055,0.73763,0.54358,0.36474,0.50247,0.54434
434.07602,0.84915,0.80777,0.72476,0.53345,0.36544,0.51501,0.54651
434.18983,0.83656,0.79489,0.71194,0.52364,0.36659,0.52802,0.54793
434.3037,0.8238,0.78195,0.6992,0.51415,0.36819,0.5415,0.54857
434.41763,0.81093,0.76897,0.68657,0.505,0.37026,0.55541,0.54843
434.53162,0.79797,0.75601,0.67408,0.49618,0.37279,0.56971,0.54749
434.64567,0.78498,0.74308,0.66176,0.48771,0.3758,0.58437,0.54576
434.75978,0.77197,0.73022,0.64963,0.47958,0.37931,0.59931,0.54328
434.87395,0.75898,0.71745,0.63772,0.4718,0.38333,0.61446,0.54007
434.98818,0.74605,0.70479,0.62603,0.46436,0.38787,0.62973,0.53616
435.10247,0.7332,0.69227,0.61458,0.45726,0.39295,0.64499,0.53163
435.21682,0.72044,0.67991,0.60338,0.4505,0.39859,0.66013,0.52651
435.33123,0.70782,0.66771,0.59244,0.44408,0.40481,0.675,0.52088
435.4457,0.69534,0.65569,0.58177,0.43799,0.41163,0.68943,0.51481
435.56023,0.68303,0.64387,0.57137,0.43224,0.41908,0.70325,0.50836
435.67482,0.6709,0.63225,0.56124,0.42682,0.42716,0.71627,0.50161
435.78947,0.65896,0.62084,0.55139,0.42173,0.43592,0.7283,0.49463
435.90419,0.64723,0.60965,0.54181,0.41697,0.44536,0.73913,0.48748
436.01896,0.63572,0.59868,0.53252,0.41253,0.4555,0.74859,0.48022
436.13379,0.62443,0.58794,0.52349,0.40842,0.46638,0.75649,0.47292
436.24868,0.61338,0.57742,0.51475,0.40463,0.47798,0.76269,0.46563
436.36364,0.60257,0.56713,0.50627,0.40117,0.49034,0.76705,0.4584
436.47865,0.592,0.55708,0.49805,0.39804,0.50345,0.76948,0.45126
436.59373,0.58168,0.54725,0.49011,0.39525,0.51731,0.76992,0.44425
436.70886,0.57161,0.53765,0.48242,0.39278,0.53189,0.76837,0.43739
436.82406,0.56179,0.52829,0.47498,0.39066,0.54718,0.76486,0.43072
436.93931,0.55223,0.51914,0.4678,0.38888,0.56313,0.75944,0.42425
437.05463,0.54291,0.51023,0.46086,0.38745,0.57967,0.75225,0.41799
437.17001,0.53385,0.50153,0.45417,0.38639,0.59672,0.74341,0.41195
437.28545,0.52504,0.49306,0.44771,0.38569,0.61418,0.73309,0.40613
437.40095,0.51648,0.4848,0.44148,0.38538,0.6319,0.72148,0.40053
437.51651,0.50816,0.47677,0.43549,0.38547,0.64973,0.70879,0.39515
437.63214,0.50009,0.46894,0.42972,0.38596,0.66746,0.6952,0.39
437.74782,0.49226,0.46133,0.42417,0.38689,0.68487,0.68092,0.38505
437.86356,0.48466,0.45393,0.41883,0.38825,0.70171,0.66613,0.38031
437.97937,0.47729,0.44674,0.41372,0.39008,0.71769,0.65102,0.37576
438.09524,0.47015,0.43977,0.40881,0.3924,0.73253,0.63573,0.37139
438.21117,0.46324,0.433,0.40411,0.39522,0.74592,0.62043,0.3672
438.32716,0.45654,0.42645,0.39962,0.39857,0.75756,0.60522,0.36318
438.44321,0.45006,0.42011,0.39533,0.40247,0.76717,0.59022,0.3593
438.55932,0.44379,0.41398,0.39125,0.40695,0.77451,0.57552,0.35558
438.6755,0.43773,0.40808,0.38737,0.41203,0.77936,0.56118,0.35199
438.79173,0.43186,0.40241,0.3837,0.41773,0.78159,0.54726,0.34852
438.90803,0.4262,0.39697,0.38023,0.42407,0.7811,0.53381,0.34518
439.02439,0.42072,0.39177,0.37696,0.43106,0.77791,0.52086,0.34194
439.14081,0.41543,0.38682,0.37391,0.43872,0.77206,0.50842,0.33881
439.25729,0.41033,0.38213,0.37106,0.44703,0.76371,0.49651,0.33578
439.37384,0.4054,0.37771,0.36843,0.456,0.75303,0.48514,0.33284
439.49045,0.40065,0.37357,0.36602,0.46559,0.74029,0.47429,0.32998
439.60711,0.39606,0.36974,0.36384,0.47576,0.72575,0.46398,0.32721
439.72384,0.39164,0.36621,0.36189,0.48646,0.70972,0.45417,0.32452
439.84064,0.38738,0.36301,0.36018,0.4976,0.69251,0.44487,0.32191
439.95749,0.38328,0.36015,0.35872,0.50907,0.67441,0.43605,0.31938
440.07441,0.37933,0.35764,0.35753,0.52074,0.65571,0.4277,0.31691
440.19139,0.37552,0.3555,0.3566,0.53244,0.63667,0.4198,0.31452
440.30843,0.37186,0.35372,0.35595,0.54399,0.61753,0.41233,0.3122
440.42553,0.36834,0.3523,0.3556,0.55519,0.59849,0.40527,0.30996
440.5427,0.36496,0.35126,0.35556,0.5658,0.57971,0.3986,0.30778
440.65993,0.36171,0.35058,0.35583,0.57561,0.56136,0.39231,0.30567
440.77722,0.35859,0.35023,0.35644,0.58439,0.54353,0.38638,0.30364
440.89457,0.35559,0.35021,0.35738,0.59194,0.52631,0.38078,0.30168
441.01198,0.35271,0.35048,0.35866,0.59808,0.50977,0.3755,0.2998
441.12946,0.34996,0.35101,0.36028,0.60268,0.49395,0.37052,0.29799
441.247,0.34732,0.35175,0.36225,0.60564,0.47889,0.36583,0.29626
441.36461,0.34479,0.35266,0.36453,0.60694,0.46459,0.3614,0.2946
441.48227,0.34237,0.3537,0.36711,0.60658,0.45106,0.35723,0.29303
441.6,0.34006,0.3548,0.36996,0.60465,0.43829,0.35331,0.29154
441.71779,0.33786,0.35593,0.37301,0.60124,0.42628,0.3496,0.29014
441.83565,0.33575,0.35704,0.3762,0.59652,0.415,0.34611,0.28882
441.95356,0.33374,0.3581,0.37946,0.59064,0.40443,0.34282,0.2876
442.07154,0.33183,0.35906,0.38268,0.58378,0.39455,0.33972,0.28646
442.18959,0.33001,0.35991,0.38577,0.57614,0.38534,0.33679,0.28543
442.30769,0.32828,0.36061,0.38862,0.5679,0.37677,0.33403,0.28449
442.42586,0.32664,0.36117,0.39112,0.55922,0.3688,0.33143,0.28365
442.54409,0.32509,0.36157,0.39317,0.55026,0.36142,0.32896,0.28292
442.66239,0.32362,0.3618,0.39469,0.54115,0.35461,0.32664,0.28229
442.78075,0.32223,0.36188,0.39563,0.53202,0.34833,0.32444,0.28178
442.89917,0.32092,0.36181,0.39596,0.52296,0.34256,0.32236,0.28138
443.01766,0.31969,0.36159,0.39566,0.51405,0.33728,0.32039,0.2811
443.13621,0.31854,0.36124,0.39477,0.50536,0.33246,0.31852,0.28094
443.25482,0.31745,0.36078,0.39333,0.49694,0.3281,0.31675,0.2809
443.37349,0.31645,0.3602,0.3914,0.48882,0.32416,0.31507,0.281
443.49223,0.31551,0.35954,0.38905,0.48103,0.32063,0.31348,0.28124
443.61104,0.31463,0.35881,0.38637,0.47359,0.31749,0.31197,0.28161
443.7299,0.31383,0.358,0.38342,0.4665,0.31473,0.31055,0.28213
443.84883,0.31309,0.35715,0.3803,0.45978,0.31233,0.30921,0.2828
443.96783,0.31242,0.35626,0.37706,0.45343,0.31028,0.30795,0.28363
444.08689,0.3118,0.35535,0.37377,0.44743,0.30857,0.30679,0.28462
444.20601,0.31125,0.35442,0.37047,0.44178,0.30718,0.30572,0.28577
444.32519,0.31075,0.35349,0.36721,0.43648,0.30609,0.30476,0.2871
444.44444,0.31032,0.35256,0.36403,0.4315,0.30531,0.30392,0.28861
444.56376,0.30994,0.35164,0.36095,0.42685,0.30482,0.30322,0.2903
444.68314,0.30961,0.35076,0.35799,0.42251,0.30461,0.30269,0.29219
444.80258,0.30934,0.3499,0.35517,0.41847,0.30466,0.30233,0.29428
444.92208,0.30912,0.34909,0.35249,0.41471,0.30498,0.3022,0.29658
445.04166,0.30895,0.34833,0.34997,0.41122,0.30555,0.3023,0.29908
445.16129,0.30883,0.34763,0.3476,0.408,0.30636,0.30266,0.30181
445.28099,0.30877,0.347,0.34539,0.40502,0.30741,0.30332,0.30477
445.40075,0.30874,0.34646,0.34333,0.40229,0.30868,0.3043,0.30796
445.52058,0.30877,0.34603,0.34143,0.39978,0.31016,0.3056,0.3114
445.64047,0.30884,0.34571,0.33968,0.39749,0.31185,0.30724,0.31508
445.76043,0.30896,0.34554,0.33809,0.39541,0.31374,0.30922,0.31901
445.88045,0.30912,0.34554,0.33663,0.39353,0.31582,0.31153,0.32319
446.00054,0.30932,0.34575,0.33532,0.39184,0.31807,0.31416,0.32764
446.12069,0.30956,0.34623,0.33414,0.39033,0.32049,0.3171,0.33235
446.24091,0.30985,0.34706,0.3331,0.389,0.32306,0.3203,0.33732
446.36119,0.31017,0.34834,0.33219,0.38783,0.32578,0.32375,0.34256
446.48153,0.31054,0.35022,0.3314,0.38682,0.32863,0.32742,0.34805
446.60194,0.31094,0.35295,0.33073,0.38596,0.33161,0.33127,0.3538
446.72242,0.31138,0.35689,0.33018,0.38524,0.33469,0.33528,0.35979
446.84296,0.31186,0.36261,0.32975,0.38467,0.33786,0.33943,0.36601
446.96356,0.31237,0.37106,0.32943,0.38423,0.34112,0.34368,0.37245
447.08423,0.31292,0.38386,0.32922,0.38391,0.34445,0.34803,0.37909
447.20497,0.3135,0.40373,0.32911,0.38371,0.34782,0.35245,0.3859
447.32577,0.31412,0.435,0.32911,0.38363,0.35124,0.35693,0.39286
447.44664,0.31477,0.48269,0.32921,0.38365,0.35468,0.36146,0.39993
447.56757,0.31545,0.544,0.32941,0.38378,0.35812,0.36603,0.40707
447.68856,0.31616,0.58799,0.32972,0.384,0.36156,0.37062,0.41425
447.80963,0.31691,0.574,0.33011,0.38432,0.36498,0.37522,0.42141
447.93075,0.31768,0.52058,0.33061,0.38472,0.36837,0.37982,0.4285
448.05195,0.31848,0.4688,0.3312,0.3852,0.3717,0.38442,0.43546
448.17321,0.31932,0.43172,0.33189,0.38575,0.37497,0.38899,0.44224
448.29453,0.32018,0.40712,0.33267,0.38637,0.37817,0.39352,0.44878
448.41592,0.32107,0.39083,0.33354,0.38705,0.38127,0.39799,0.45501
448.53738,0.32199,0.37983,0.33451,0.38779,0.38428,0.40238,0.46088
448.6589,0.32293,0.37224,0.33556,0.38858,0.38717,0.40668,0.46631
448.78049,0.3239,0.36692,0.33672,0.38942,0.38994,0.41086,0.47127
448.90214,0.32489,0.36315,0.33796,0.3903,0.39259,0.41489,0.47569
449.02386,0.32592,0.36048,0.3393,0.39121,0.39509,0.41875,0.47953
449.14565,0.32696,0.35863,0.34074,0.39216,0.39746,0.42241,0.48276
449.2675,0.32803,0.35739,0.34226,0.39313,0.39968,0.42584,0.48535
449.38942,0.32912,0.35663,0.34389,0.39412,0.40175,0.42901,0.48728
449.5114,0.33024,0.35626,0.34561,0.39514,0.40367,0.4319,0.48854
449.63345,0.33138,0.35621,0.34742,0.39617,0.40544,0.43448,0.48913
449.75557,0.33254,0.35643,0.34934,0.39722,0.40706,0.43672,0.48907
449.87775,0.33372,0.35689,0.35135,0.39829,0.40853,0.43861,0.48838
450,0.33492,0.35755,0.35347,0.39937,0.40986,0.44013,0.48707
450.12232,0.33615,0.35841,0.35568,0.40047,0.41105,0.44127,0.48521
450.2447,0.33739,0.35943,0.358,0.40158,0.4121,0.44203,0.48281
450.36715,0.33866,0.36062,0.36043,0.40272,0.41303,0.4424,0.47994
450.48966,0.33994,0.36197,0.36296,0.40388,0.41384,0.44239,0.47663
450.61224,0.34125,0.36346,0.3656,0.40507,0.41454,0.44202,0.47295
450.73489,0.34257,0.3651,0.36835,0.40629,0.41514,0.44131,0.46895
450.85761,0.34391,0.36688,0.37121,0.40756,0.41565,0.44027,0.46467
450.98039,0.34527,0.3688,0.37419,0.40887,0.41607,0.43894,0.46017
451.10324,0.34664,0.37086,0.37728,0.41024,0.41643,0.43736,0.4555
451.22616,0.34803,0.37306,0.38049,0.41167,0.41674,0.43555,0.45071
451.34914,0.34944,0.3754,0.38383,0.41318,0.41699,0.43356,0.44583
451.47219,0.35087,0.37788,0.38729,0.41476,0.41722,0.43143,0.44091
451.59531,0.35231,0.3805,0.39087,0.41643,0.41742,0.42919,0.43598
451.71849,0.35377,0.38327,0.39459,0.4182,0.41761,0.42689,0.43108
451.84175,0.35524,0.38619,0.39844,0.42007,0.41781,0.42456,0.42624
451.96507,0.35673,0.38927,0.40242,0.42205,0.41802,0.42223,0.42148
452.08845,0.35823,0.3925,0.40654,0.42416,0.41826,0.41995,0.41683
452.21191,0.35975,0.39588,0.4108,0.42639,0.41854,0.41774,0.4123
452.33543,0.36128,0.39944,0.41521,0.42876,0.41888,0.41563,0.40792
452.45902,0.36282,0.40316,0.41976,0.43127,0.41928,0.41365,0.4037
452.58267,0.36438,0.40705,0.42446,0.43393,0.41975,0.41181,0.39965
452.7064,0.36595,0.41112,0.42932,0.43674,0.42031,0.41014,0.39578
452.83019,0.36753,0.41537,0.43433,0.43971,0.42098,0.40865,0.3921
452.95405,0.36913,0.41981,0.43951,0.44285,0.42176,0.40736,0.38863
453.07798,0.37074,0.42445,0.44484,0.44615,0.42266,0.40628,0.38536
453.20197,0.37236,0.42928,0.45035,0.44963,0.42369,0.40543,0.38231
453.32603,0.37399,0.43432,0.45602,0.45329,0.42487,0.4048,0.37948
453.45016,0.37563,0.43956,0.46187,0.45714,0.42622,0.40441,0.37687
453.57436,0.37728,0.44503,0.46789,0.46117,0.42773,0.40427,0.3745
453.69863,0.37894,0.45071,0.4741,0.46539,0.42942,0.40438,0.37235
453.82297,0.38062,0.45663,0.48048,0.46981,0.4313,0.40474,0.37045
453.94737,0.3823,0.46278,0.48705,0.47443,0.43339,0.40537,0.36879
454.07184,0.38399,0.46917,0.49382,0.47925,0.4357,0.40626,0.36737
454.19638,0.3857,0.47581,0.50077,0.48428,0.43823,0.40743,0.36621
454.32099,0.38741,0.4827,0.50792,0.48951,0.441,0.40887,0.3653
454.44566,0.38913,0.48985,0.51526,0.49496,0.44402,0.41059,0.36466
454.57041,0.39086,0.49726,0.52281,0.50062,0.4473,0.4126,0.36429
454.69522,0.39259,0.50494,0.53055,0.5065,0.45085,0.4149,0.3642
454.8201,0.39434,0.5129,0.5385,0.51261,0.45469,0.4175,0.3644
454.94505,0.39609,0.52114,0.54665,0.51893,0.45883,0.42041,0.36489
455.07007,0.39785,0.52966,0.55501,0.52549,0.46328,0.42363,0.3657
455.19516,0.39962,0.53846,0.56357,0.53227,0.46805,0.42718,0.36682
455.32032,0.4014,0.54756,0.57233,0.53929,0.47315,0.43106,0.36828
455.44554,0.40318,0.55694,0.5813,0.54655,0.47859,0.43528,0.37009
455.57084,0.40497,0.56662,0.59048,0.55405,0.4844,0.43985,0.37227
455.6962,0.40677,0.57659,0.59985,0.56179,0.49056,0.44479,0.37484
455.82164,0.40857,0.58685,0.60943,0.56977,0.49711,0.45011,0.37782
455.94714,0.41038,0.5974,0.6192,0.578,0.50405,0.45582,0.38123
456.07271,0.41219,0.60823,0.62916,0.58648,0.51139,0.46193,0.3851
456.19835,0.41401,0.61934,0.63931,0.59521,0.51914,0.46847,0.38946
456.32406,0.41584,0.63072,0.64963,0.60419,0.52731,0.47545,0.39434
456.44983,0.41767,0.64237,0.66013,0.61343,0.5359,0.48288,0.39978
456.57568,0.4195,0.65427,0.6708,0.62291,0.54493,0.49078,0.4058
456.7016,0.42134,0.66641,0.68162,0.63264,0.5544,0.49918,0.41245
456.82759,0.42319,0.67877,0.69258,0.64262,0.56431,0.50808,0.41978
456.95364,0.42504,0.69133,0.70368,0.65285,0.57467,0.51751,0.42782
457.07977,0.42689,0.70408,0.7149,0.66331,0.58548,0.52748,0.43663
457.20596,0.42875,0.717,0.72622,0.67401,0.59673,0.53801,0.44626
457.33223,0.43061,0.73005,0.73763,0.68494,0.60842,0.54911,0.45675
457.45856,0.43247,0.74321,0.7491,0.69608,0.62055,0.56081,0.46815
457.58497,0.43434,0.75645,0.76064,0.70744,0.6331,0.5731,0.48053
457.71144,0.43621,0.76973,0.7722,0.71899,0.64605,0.58601,0.49392
457.83799,0.43808,0.78303,0.78377,0.73072,0.6594,0.59953,0.50836
457.9646,0.43996,0.7963,0.79532,0.74262,0.67312,0.61366,0.52389
458.09129,0.44184,0.8095,0.80684,0.75467,0.68719,0.62839,0.54053
458.21804,0.44372,0.82259,0.81829,0.76685,0.70156,0.64373,0.55829
458.34487,0.4456,0.83553,0.82964,0.77912,0.71621,0.65963,0.57714
458.47176,0.44749,0.84827,0.84087,0.79147,0.7311,0.67609,0.59705
458.59873,0.44937,0.86076,0.85195,0.80387,0.74618,0.69304,0.61794
458.72576,0.45126,0.87297,0.86284,0.81628,0.7614,0.71045,0.63968
458.85287,0.45315,0.88484,0.87352,0.82867,0.7767,0.72825,0.66213
458.98004,0.45505,0.89632,0.88395,0.841,0.79203,0.74636,0.68506
459.10729,0.45694,0.90738,0.8941,0.85323,0.80732,0.76469,0.70822
459.23461,0.45884,0.91796,0.90393,0.8653,0.8225,0.78314,0.73129
459.362,0.46073,0.92804,0.91342,0.87719,0.83749,0.80158,0.7539
459.48946,0.46263,0.93756,0.92253,0.88883,0.85224,0.81988,0.77566
459.61699,0.46453,0.94649,0.93123,0.90017,0.86665,0.83791,0.79614
459.74459,0.46642,0.95479,0.93949,0.91116,0.88066,0.8555,0.81491
459.87226,0.46832,0.96245,0.94728,0.92174,0.89418,0.8725,0.83158
460,0.47022,0.96943,0.95457,0.93186,0.90713,0.88875,0.84578
