WL,Inf. Array,3x3,12x12,6x6,27x27
360,0.49281,0.49654,0.49479,0.49417,0.50256
360.07828,0.49039,0.49281,0.49244,0.49157,0.50087
360.15659,0.48802,0.49039,0.49013,0.48902,0.49527
360.23494,0.48568,0.48802,0.48784,0.48652,0.49265
360.31332,0.48338,0.48568,0.48559,0.48407,0.49013
360.39173,0.48113,0.48338,0.48338,0.48167,0.48784
360.47018,0.47891,0.48113,0.48119,0.47932,0.48559
360.54866,0.47672,0.47891,0.47904,0.47701,0.48338
360.62718,0.47458,0.47672,0.47692,0.47475,0.48119
360.70573,0.47247,0.47458,0.47483,0.47254,0.47904
360.78431,0.4704,0.47247,0.47277,0.47037,0.47692
360.86293,0.46836,0.4704,0.47074,0.46824,0.47483
360.94159,0.46636,0.46836,0.46875,0.46615,0.47277
361.02027,0.46439,0.46636,0.46678,0.46411,0.47074
361.099,0.46246,0.46439,0.46485,0.46211,0.46875
361.17775,0.46056,0.46246,0.46294,0.46014,0.46678
361.25654,0.45869,0.46056,0.46107,0.45822,0.46485
361.33537,0.45686,0.45869,0.45922,0.45634,0.46294
361.41423,0.45506,0.45686,0.45741,0.45449,0.46107
361.49312,0.45329,0.45506,0.45562,0.45268,0.45922
361.57205,0.45155,0.45329,0.45386,0.4509,0.45741
361.65102,0.44984,0.45155,0.45213,0.44917,0.45562
361.73001,0.44817,0.44984,0.45043,0.44746,0.45386
361.80905,0.44652,0.44817,0.44876,0.44579,0.45213
361.88811,0.44491,0.44652,0.44712,0.44416,0.45043
361.96721,0.44332,0.44491,0.4455,0.44256,0.44876
362.04635,0.44177,0.44332,0.44392,0.44099,0.44712
362.12552,0.44024,0.44177,0.44236,0.43945,0.4455
362.20472,0.43874,0.44024,0.44083,0.43794,0.44392
362.28396,0.43727,0.43874,0.43932,0.43647,0.44236
362.36324,0.43583,0.43727,0.43784,0.43502,0.44083
362.44255,0.43441,0.43583,0.43639,0.43361,0.43932
362.52189,0.43302,0.43441,0.43497,0.43223,0.43784
362.60127,0.43166,0.43302,0.43357,0.43087,0.43639
362.68068,0.43033,0.43166,0.4322,0.42954,0.43497
362.76013,0.42902,0.43033,0.43086,0.42824,0.43357
362.83961,0.42774,0.42902,0.42954,0.42697,0.4322
362.91913,0.42648,0.42774,0.42824,0.42573,0.43086
362.99868,0.42526,0.42648,0.42698,0.42451,0.42954
363.07827,0.42405,0.42526,0.42573,0.42332,0.42824
363.15789,0.42287,0.42405,0.42452,0.42216,0.42698
363.23755,0.42172,0.42287,0.42333,0.42102,0.42573
363.31724,0.42059,0.42172,0.42216,0.41991,0.42452
363.39697,0.41948,0.42059,0.42102,0.41883,0.42333
363.47673,0.4184,0.41948,0.4199,0.41776,0.42216
363.55653,0.41735,0.4184,0.41881,0.41673,0.42102
363.63636,0.41631,0.41735,0.41774,0.41572,0.4199
363.71623,0.4153,0.41631,0.4167,0.41473,0.41881
363.79613,0.41432,0.4153,0.41568,0.41377,0.41774
363.87607,0.41336,0.41432,0.41469,0.41283,0.4167
363.95604,0.41242,0.41336,0.41372,0.41191,0.41568
364.03605,0.4115,0.41242,0.41277,0.41102,0.41469
364.11609,0.41061,0.4115,0.41185,0.41015,0.41372
364.19617,0.40974,0.41061,0.41095,0.4093,0.41277
364.27629,0.40889,0.40974,0.41007,0.40848,0.41185
364.35644,0.40807,0.40889,0.40922,0.40767,0.41095
364.43662,0.40727,0.40807,0.40839,0.40689,0.41007
364.51684,0.40649,0.40727,0.40758,0.40614,0.40922
364.59709,0.40573,0.40649,0.4068,0.4054,0.40839
364.67738,0.405,0.40573,0.40604,0.40469,0.40758
364.75771,0.40428,0.405,0.40531,0.404,0.4068
364.83807,0.40359,0.40428,0.4046,0.40333,0.40604
364.91847,0.40292,0.40359,0.40391,0.40268,0.40531
364.9989,0.40228,0.40292,0.40324,0.40206,0.4046
365.07937,0.40165,0.40228,0.4026,0.40145,0.40391
365.15987,0.40105,0.40165,0.40197,0.40087,0.40324
365.24041,0.40047,0.40105,0.40138,0.40031,0.4026
365.32098,0.39991,0.40047,0.4008,0.39977,0.40197
365.40159,0.39937,0.39991,0.40025,0.39925,0.40138
365.48223,0.39885,0.39937,0.39972,0.39876,0.4008
365.56291,0.39836,0.39885,0.39921,0.39828,0.40025
365.64363,0.39788,0.39836,0.39873,0.39783,0.39972
365.72438,0.39743,0.39788,0.39827,0.39739,0.39921
365.80517,0.397,0.39743,0.39783,0.39698,0.39873
365.88599,0.39659,0.397,0.39742,0.39659,0.39827
365.96685,0.39621,0.39659,0.39702,0.39622,0.39783
366.04775,0.39584,0.39621,0.39665,0.39587,0.39742
366.12868,0.3955,0.39584,0.39631,0.39555,0.39702
366.20964,0.39518,0.3955,0.39598,0.39524,0.39665
366.29064,0.39488,0.39518,0.39568,0.39496,0.39631
366.37168,0.39461,0.39488,0.39541,0.39469,0.39598
366.45276,0.39435,0.39461,0.39515,0.39445,0.39568
366.53386,0.39412,0.39435,0.39492,0.39424,0.39541
366.61501,0.39391,0.39412,0.39471,0.39404,0.39515
366.69619,0.39372,0.39391,0.39453,0.39386,0.39492
366.77741,0.39356,0.39372,0.39437,0.39371,0.39471
366.85866,0.39341,0.39356,0.39423,0.39358,0.39453
366.93995,0.39329,0.39341,0.39412,0.39347,0.39437
367.02128,0.3932,0.39329,0.39403,0.39339,0.39423
367.10264,0.39313,0.3932,0.39396,0.39332,0.39412
367.18404,0.39308,0.39313,0.39392,0.39328,0.39403
367.26547,0.39305,0.39308,0.39391,0.39327,0.39396
367.34694,0.39305,0.39305,0.39391,0.39327,0.39392
367.42844,0.39307,0.39305,0.39395,0.3933,0.39391
367.50999,0.39311,0.39307,0.394,0.39335,0.39391
367.59156,0.39318,0.39311,0.39409,0.39343,0.39395
367.67318,0.39327,0.39318,0.39419,0.39353,0.394
367.75483,0.39339,0.39327,0.39432,0.39365,0.39409
367.83652,0.39354,0.39339,0.39448,0.3938,0.39419
367.91824,0.3937,0.39354,0.39467,0.39398,0.39432
368,0.3939,0.3937,0.39488,0.39418,0.39448
368.0818,0.39412,0.3939,0.39511,0.3944,0.39467
368.16363,0.39436,0.39412,0.39538,0.39465,0.39488
368.2455,0.39464,0.39436,0.39567,0.39493,0.39511
368.3274,0.39493,0.39464,0.39598,0.39523,0.39538
368.40934,0.39526,0.39493,0.39633,0.39556,0.39567
368.49132,0.39561,0.39526,0.3967,0.39591,0.39598
368.57334,0.39599,0.39561,0.3971,0.39629,0.39633
368.65539,0.3964,0.39599,0.39753,0.3967,0.3967
368.73747,0.39684,0.3964,0.39799,0.39714,0.3971
368.8196,0.3973,0.39684,0.39847,0.39761,0.39753
368.90176,0.3978,0.3973,0.39899,0.3981,0.39799
368.98396,0.39832,0.3978,0.39954,0.39863,0.39847
369.06619,0.39888,0.39832,0.40011,0.39918,0.39899
369.14846,0.39946,0.39888,0.40072,0.39977,0.39954
369.23077,0.40008,0.39946,0.40136,0.40038,0.40011
369.31311,0.40072,0.40008,0.40203,0.40103,0.40072
369.39549,0.4014,0.40072,0.40273,0.40171,0.40136
369.47791,0.40212,0.4014,0.40346,0.40242,0.40203
369.56037,0.40286,0.40212,0.40423,0.40316,0.40273
369.64286,0.40364,0.40286,0.40503,0.40394,0.40346
369.72539,0.40445,0.40364,0.40586,0.40475,0.40423
369.80795,0.4053,0.40445,0.40673,0.40559,0.40503
369.89055,0.40618,0.4053,0.40764,0.40647,0.40586
369.97319,0.4071,0.40618,0.40857,0.40738,0.40673
370.05587,0.40805,0.4071,0.40955,0.40834,0.40764
370.13858,0.40904,0.40805,0.41056,0.40932,0.40857
370.22133,0.41007,0.40904,0.41161,0.41035,0.40955
370.30411,0.41114,0.41007,0.4127,0.41141,0.41056
370.38694,0.41225,0.41114,0.41383,0.41252,0.41161
370.4698,0.4134,0.41225,0.415,0.41366,0.4127
370.5527,0.41459,0.4134,0.41621,0.41485,0.41383
370.63563,0.41582,0.41459,0.41746,0.41607,0.415
370.7186,0.41709,0.41582,0.41875,0.41734,0.41621
370.80161,0.41841,0.41709,0.42008,0.41865,0.41746
370.88466,0.41977,0.41841,0.42146,0.42,0.41875
370.96774,0.42117,0.41977,0.42288,0.42141,0.42008
371.05086,0.42263,0.42117,0.42435,0.42285,0.42146
371.13402,0.42413,0.42263,0.42586,0.42434,0.42288
371.21722,0.42567,0.42413,0.42742,0.42589,0.42435
371.30045,0.42727,0.42567,0.42903,0.42748,0.42586
371.38372,0.42892,0.42727,0.43069,0.42911,0.42742
371.46703,0.43061,0.42892,0.43239,0.43081,0.42903
371.55037,0.43237,0.43061,0.43415,0.43255,0.43069
371.63375,0.43417,0.43237,0.43596,0.43435,0.43239
371.71717,0.43603,0.43417,0.43783,0.4362,0.43415
371.80063,0.43794,0.43603,0.43975,0.4381,0.43596
371.88412,0.43991,0.43794,0.44172,0.44007,0.43783
371.96765,0.44195,0.43991,0.44376,0.44209,0.43975
372.05122,0.44404,0.44195,0.44585,0.44417,0.44172
372.13483,0.44619,0.44404,0.448,0.44631,0.44376
372.21848,0.4484,0.44619,0.45021,0.44852,0.44585
372.30216,0.45068,0.4484,0.45248,0.45079,0.448
372.38588,0.45302,0.45068,0.45482,0.45312,0.45021
372.46964,0.45543,0.45302,0.45722,0.45553,0.45248
372.55343,0.45791,0.45543,0.45969,0.458,0.45482
372.63726,0.46046,0.45791,0.46222,0.46054,0.45722
372.72113,0.46308,0.46046,0.46483,0.46315,0.45969
372.80504,0.46578,0.46308,0.46751,0.46583,0.46222
372.88899,0.46855,0.46578,0.47026,0.46859,0.46483
372.97297,0.4714,0.46855,0.47309,0.47143,0.46751
373.05699,0.47432,0.4714,0.47599,0.47434,0.47026
373.14105,0.47733,0.47432,0.47897,0.47734,0.47309
373.22515,0.48042,0.47733,0.48203,0.48042,0.47599
373.30929,0.4836,0.48042,0.48517,0.48358,0.47897
373.39346,0.48686,0.4836,0.4884,0.48683,0.48203
373.47767,0.49021,0.48686,0.49171,0.49017,0.48517
373.56192,0.49365,0.49021,0.49511,0.4936,0.4884
373.64621,0.49718,0.49365,0.49859,0.49712,0.49171
373.73053,0.50081,0.49718,0.50217,0.50073,0.49511
373.8149,0.50453,0.50081,0.50585,0.50444,0.49859
373.8993,0.50836,0.50453,0.50962,0.50825,0.50217
373.98374,0.51228,0.50836,0.51349,0.51217,0.50585
374.06822,0.51631,0.51228,0.51745,0.51618,0.50962
374.15273,0.52045,0.51631,0.52153,0.5203,0.51349
374.23729,0.52469,0.52045,0.5257,0.52453,0.51745
374.32188,0.52905,0.52469,0.52998,0.52887,0.52153
374.40651,0.53352,0.52905,0.53438,0.53332,0.5257
374.49118,0.5381,0.53352,0.53888,0.53789,0.52998
374.57589,0.54281,0.5381,0.5435,0.54258,0.53438
374.66063,0.54763,0.54281,0.54823,0.54738,0.53888
374.74542,0.55257,0.54763,0.55308,0.55231,0.5435
374.83024,0.55764,0.55257,0.55805,0.55736,0.54823
374.9151,0.56284,0.55764,0.56315,0.56254,0.55308
375,0.56817,0.56284,0.56837,0.56785,0.55805
375.08494,0.57363,0.56817,0.57372,0.57329,0.56315
375.16991,0.57922,0.57363,0.5792,0.57886,0.56837
375.25493,0.58495,0.57922,0.58481,0.58457,0.57372
375.33998,0.59082,0.58495,0.59055,0.59042,0.5792
375.42507,0.59683,0.59082,0.59643,0.59641,0.58481
375.5102,0.60298,0.59683,0.60245,0.60253,0.59055
375.59537,0.60927,0.60298,0.6086,0.6088,0.59643
375.68058,0.61571,0.60927,0.6149,0.61522,0.60245
375.76583,0.6223,0.61571,0.62134,0.62178,0.6086
375.85111,0.62903,0.6223,0.62792,0.62849,0.6149
375.93644,0.63591,0.62903,0.63465,0.63534,0.62134
376.0218,0.64294,0.63591,0.64152,0.64235,0.62792
376.1072,0.65012,0.64294,0.64854,0.6495,0.63465
376.19264,0.65745,0.65012,0.65571,0.6568,0.64152
376.27812,0.66493,0.65745,0.66302,0.66425,0.64854
376.36364,0.67255,0.66493,0.67047,0.67185,0.65571
376.44919,0.68033,0.67255,0.67807,0.67959,0.66302
376.53479,0.68824,0.68033,0.68582,0.68748,0.67047
376.62042,0.6963,0.68824,0.6937,0.69551,0.67807
376.7061,0.7045,0.6963,0.70172,0.70368,0.68582
376.79181,0.71283,0.7045,0.70988,0.71198,0.6937
376.87756,0.7213,0.71283,0.71817,0.72042,0.70172
376.96335,0.72989,0.7213,0.72659,0.72898,0.70988
377.04918,0.73861,0.72989,0.73514,0.73767,0.71817
377.13505,0.74744,0.73861,0.7438,0.74647,0.72659
377.22096,0.75637,0.74744,0.75257,0.75537,0.73514
377.3069,0.7654,0.75637,0.76144,0.76438,0.7438
377.39289,0.77453,0.7654,0.77041,0.77347,0.75257
377.47891,0.78373,0.77453,0.77947,0.78265,0.76144
377.56498,0.79299,0.78373,0.78859,0.79189,0.77041
377.65108,0.80232,0.79299,0.79779,0.80119,0.77947
377.73723,0.81168,0.80232,0.80703,0.81053,0.78859
377.82341,0.82106,0.81168,0.81631,0.81989,0.79779
377.90963,0.83045,0.82106,0.8256,0.82927,0.80703
377.99589,0.83984,0.83045,0.83491,0.83863,0.81631
378.08219,0.84919,0.83984,0.84419,0.84797,0.8256
378.16853,0.85849,0.84919,0.85345,0.85727,0.83491
378.25491,0.86772,0.85849,0.86265,0.86649,0.84419
378.34133,0.87685,0.86772,0.87177,0.87562,0.85345
378.42779,0.88587,0.87685,0.8808,0.88464,0.86265
378.51429,0.89474,0.88587,0.8897,0.89351,0.87177
378.60082,0.90343,0.89474,0.89845,0.90222,0.8808
378.6874,0.91193,0.90343,0.90702,0.91073,0.8897
378.77402,0.9202,0.91193,0.91539,0.91903,0.89845
378.86067,0.92821,0.9202,0.92353,0.92706,0.90702
378.94737,0.93594,0.92821,0.9314,0.93482,0.91539
379.0341,0.94334,0.93594,0.93898,0.94227,0.92353
379.12088,0.9504,0.94334,0.94624,0.94937,0.9314
379.20769,0.95708,0.9504,0.95314,0.9561,0.93898
379.29455,0.96335,0.95708,0.95965,0.96243,0.94624
379.38144,0.96918,0.96335,0.96576,0.96833,0.95314
379.46838,0.97454,0.96918,0.97141,0.97376,0.95965
379.55535,0.97941,0.97454,0.97659,0.97871,0.96576
379.64237,0.98375,0.97941,0.98127,0.98315,0.97141
379.72942,0.98755,0.98375,0.98542,0.98704,0.97659
379.81651,0.99078,0.98755,0.98902,0.99037,0.98127
379.90365,0.99342,0.99078,0.99205,0.99312,0.98542
379.99082,0.99546,0.99342,0.99448,0.99527,0.98902
380.07804,0.99687,0.99546,0.9963,0.9968,0.99205
380.16529,0.99764,0.99687,0.9975,0.9977,0.99448
380.25258,0.99777,0.99764,0.99806,0.99796,0.9963
380.33992,0.99725,0.99777,0.99798,0.99757,0.9975
380.42729,0.99607,0.99725,0.99724,0.99653,0.99806
380.51471,0.99425,0.99607,0.99586,0.99484,0.99798
380.60216,0.99177,0.99425,0.99383,0.9925,0.99724
380.68966,0.98865,0.99177,0.99116,0.98953,0.99586
380.77719,0.98489,0.98865,0.98785,0.98592,0.99383
380.86477,0.98052,0.98489,0.98392,0.98169,0.99116
380.95238,0.97555,0.98052,0.97939,0.97686,0.98785
381.04004,0.97,0.97555,0.97426,0.97144,0.98392
381.12773,0.96388,0.97,0.96857,0.96547,0.97939
381.21547,0.95723,0.96388,0.96234,0.95895,0.97426
381.30325,0.95008,0.95723,0.95559,0.95193,0.96857
381.39106,0.94244,0.95008,0.94834,0.94442,0.96234
381.47892,0.93436,0.94244,0.94064,0.93645,0.95559
381.56682,0.92586,0.93436,0.9325,0.92806,0.94834
381.65476,0.91697,0.92586,0.92396,0.91929,0.94064
381.74274,0.90773,0.91697,0.91506,0.91015,0.9325
381.83076,0.89817,0.90773,0.90581,0.90069,0.92396
381.91882,0.88833,0.89817,0.89627,0.89093,0.91506
382.00692,0.87823,0.88833,0.88645,0.88092,0.90581
382.09506,0.86792,0.87823,0.87639,0.87068,0.89627
382.18324,0.85742,0.86792,0.86613,0.86025,0.88645
382.27147,0.84676,0.85742,0.85569,0.84965,0.87639
382.35973,0.83598,0.84676,0.84511,0.83893,0.86613
382.44804,0.82511,0.83598,0.83442,0.8281,0.85569
382.53638,0.81417,0.82511,0.82363,0.81719,0.84511
382.62477,0.80319,0.81417,0.81279,0.80624,0.83442
382.7132,0.79219,0.80319,0.80191,0.79527,0.82363
382.80166,0.7812,0.79219,0.79102,0.7843,0.81279
382.89017,0.77025,0.7812,0.78014,0.77336,0.80191
382.97872,0.75934,0.77025,0.7693,0.76246,0.79102
383.06731,0.74851,0.75934,0.75851,0.75163,0.78014
383.15595,0.73777,0.74851,0.74779,0.74089,0.7693
383.24462,0.72713,0.73777,0.73716,0.73024,0.75851
383.33333,0.71662,0.72713,0.72664,0.71971,0.74779
383.42209,0.70624,0.71662,0.71623,0.70932,0.73716
383.51088,0.696,0.70624,0.70596,0.69906,0.72664
383.59972,0.68592,0.696,0.69584,0.68896,0.71623
383.6886,0.67601,0.68592,0.68586,0.67902,0.70596
383.77752,0.66628,0.67601,0.67606,0.66925,0.69584
383.86648,0.65672,0.66628,0.66642,0.65966,0.68586
383.95548,0.64736,0.65672,0.65696,0.65026,0.67606
384.04453,0.63819,0.64736,0.64769,0.64105,0.66642
384.13361,0.62921,0.63819,0.63861,0.63204,0.65696
384.22274,0.62044,0.62921,0.62972,0.62322,0.64769
384.31191,0.61188,0.62044,0.62104,0.61461,0.63861
384.40111,0.60352,0.61188,0.61255,0.60621,0.62972
384.49036,0.59538,0.60352,0.60427,0.59802,0.62104
384.57966,0.58744,0.59538,0.5962,0.59003,0.61255
384.66899,0.57971,0.58744,0.58833,0.58226,0.60427
384.75836,0.5722,0.57971,0.58067,0.5747,0.5962
384.84778,0.5649,0.5722,0.57322,0.56734,0.58833
384.93724,0.5578,0.5649,0.56598,0.5602,0.58067
385.02674,0.55092,0.5578,0.55894,0.55327,0.57322
385.11628,0.54425,0.55092,0.55211,0.54654,0.56598
385.20586,0.53778,0.54425,0.54549,0.54002,0.55894
385.29549,0.53152,0.53778,0.53907,0.53371,0.55211
385.38515,0.52546,0.53152,0.53286,0.5276,0.54549
385.47486,0.5196,0.52546,0.52684,0.5217,0.53907
385.56461,0.51395,0.5196,0.52103,0.51599,0.53286
385.6544,0.50849,0.51395,0.51542,0.51048,0.52684
385.74423,0.50323,0.50849,0.51,0.50517,0.52103
385.83411,0.49816,0.50323,0.50478,0.50006,0.51542
385.92403,0.49329,0.49816,0.49975,0.49513,0.51
386.01399,0.4886,0.49329,0.49491,0.4904,0.50478
386.10399,0.48411,0.4886,0.49027,0.48586,0.49975
386.19403,0.4798,0.48411,0.48581,0.4815,0.49491
386.28411,0.47567,0.4798,0.48153,0.47733,0.49027
386.37424,0.47173,0.47567,0.47744,0.47335,0.48581
386.46441,0.46797,0.47173,0.47354,0.46954,0.48153
386.55462,0.46439,0.46797,0.46981,0.46592,0.47744
386.64488,0.46099,0.46439,0.46627,0.46247,0.47354
386.73517,0.45777,0.46099,0.46291,0.45921,0.46981
386.82551,0.45472,0.45777,0.45972,0.45612,0.46627
386.91589,0.45185,0.45472,0.45671,0.45321,0.46291
387.00631,0.44915,0.45185,0.45388,0.45047,0.45972
387.09677,0.44663,0.44915,0.45122,0.44791,0.45671
387.18728,0.44428,0.44663,0.44874,0.44552,0.45388
387.27783,0.44211,0.44428,0.44644,0.44331,0.45122
387.36842,0.44011,0.44211,0.44431,0.44128,0.44874
387.45905,0.43829,0.44011,0.44236,0.43942,0.44644
387.54973,0.43664,0.43829,0.44058,0.43773,0.44431
387.64045,0.43517,0.43664,0.43898,0.43623,0.44236
387.73121,0.43387,0.43517,0.43756,0.4349,0.44058
387.82201,0.43276,0.43387,0.43632,0.43375,0.43898
387.91286,0.43182,0.43276,0.43526,0.43278,0.43756
388.00375,0.43107,0.43182,0.43439,0.43199,0.43632
388.09468,0.4305,0.43107,0.4337,0.43139,0.43526
388.18565,0.43012,0.4305,0.4332,0.43098,0.43439
388.27667,0.42992,0.43012,0.43288,0.43076,0.4337
388.36773,0.42992,0.42992,0.43277,0.43073,0.4332
388.45883,0.43012,0.42992,0.43285,0.4309,0.43288
388.54998,0.43052,0.43012,0.43313,0.43127,0.43277
388.64116,0.43112,0.43052,0.43361,0.43185,0.43285
388.73239,0.43194,0.43112,0.43431,0.43264,0.43313
388.82367,0.43296,0.43194,0.43522,0.43364,0.43361
388.91498,0.43421,0.43296,0.43636,0.43487,0.43431
389.00634,0.43569,0.43421,0.43772,0.43633,0.43522
389.09774,0.4374,0.43569,0.43931,0.43802,0.43636
389.18919,0.43935,0.4374,0.44114,0.43995,0.43772
389.28068,0.44155,0.43935,0.44323,0.44213,0.43931
389.37221,0.444,0.44155,0.44556,0.44457,0.44114
389.46378,0.44672,0.444,0.44816,0.44728,0.44323
389.5554,0.44972,0.44672,0.45104,0.45026,0.44556
389.64706,0.453,0.44972,0.4542,0.45353,0.44816
389.73876,0.45657,0.453,0.45765,0.4571,0.45104
389.83051,0.46045,0.45657,0.46141,0.46097,0.4542
389.9223,0.46465,0.46045,0.46548,0.46517,0.45765
390.01413,0.46918,0.46465,0.46988,0.46969,0.46141
390.10601,0.47405,0.46918,0.47462,0.47456,0.46548
390.19793,0.47927,0.47405,0.47972,0.47979,0.46988
390.28989,0.48487,0.47927,0.48518,0.4854,0.47462
390.3819,0.49086,0.48487,0.49103,0.49139,0.47972
390.47394,0.49724,0.49086,0.49727,0.49778,0.48518
390.56604,0.50404,0.49724,0.50393,0.5046,0.49103
390.65817,0.51127,0.50404,0.51102,0.51184,0.49727
390.75035,0.51895,0.51127,0.51855,0.51954,0.50393
390.84258,0.52709,0.51895,0.52654,0.52771,0.51102
390.93484,0.53572,0.52709,0.53501,0.53636,0.51855
391.02715,0.54484,0.53572,0.54398,0.54552,0.52654
391.11951,0.55448,0.54484,0.55345,0.55519,0.53501
391.21191,0.56465,0.55448,0.56345,0.56539,0.54398
391.30435,0.57535,0.56465,0.57399,0.57613,0.55345
391.39683,0.58661,0.57535,0.58508,0.58743,0.56345
391.48936,0.59844,0.58661,0.59673,0.59931,0.57399
391.58193,0.61084,0.59844,0.60895,0.61175,0.58508
391.67455,0.62381,0.61084,0.62175,0.62478,0.59673
391.76721,0.63737,0.62381,0.63512,0.63838,0.60895
391.85991,0.6515,0.63737,0.64907,0.65257,0.62175
391.95266,0.66619,0.6515,0.66359,0.66732,0.63512
392.04545,0.68144,0.66619,0.67867,0.68262,0.64907
392.13829,0.69722,0.68144,0.69427,0.69844,0.66359
392.23117,0.71349,0.69722,0.71038,0.71477,0.67867
392.32409,0.73022,0.71349,0.72696,0.73155,0.69427
392.41706,0.74736,0.73022,0.74395,0.74873,0.71038
392.51007,0.76483,0.74736,0.7613,0.76624,0.72696
392.60313,0.78258,0.76483,0.77893,0.78402,0.74395
392.69623,0.8005,0.78258,0.79676,0.80196,0.7613
392.78937,0.8185,0.8005,0.8147,0.81998,0.77893
392.88256,0.83646,0.8185,0.83262,0.83794,0.79676
392.97579,0.85425,0.83646,0.8504,0.85572,0.8147
393.06907,0.87172,0.85425,0.86791,0.87317,0.83262
393.16239,0.88873,0.87172,0.88498,0.89014,0.8504
393.25576,0.9051,0.88873,0.90147,0.90646,0.86791
393.34917,0.92067,0.9051,0.9172,0.92197,0.88498
393.44262,0.93527,0.92067,0.932,0.93648,0.90147
393.53612,0.94871,0.93527,0.94569,0.94984,0.9172
393.62966,0.96083,0.94871,0.95812,0.96186,0.932
393.72325,0.97147,0.96083,0.96911,0.9724,0.94569
393.81688,0.98049,0.97147,0.97852,0.9813,0.95812
393.91056,0.98775,0.98049,0.98622,0.98846,0.96911
394.00428,0.99317,0.98775,0.99211,0.99376,0.97852
394.09805,0.99666,0.99317,0.9961,0.99714,0.98622
394.19186,0.99817,0.99666,0.99814,0.99855,0.99211
394.28571,0.9977,0.99817,0.9982,0.99799,0.9961
394.37961,0.99526,0.9977,0.9963,0.99546,0.99814
394.47356,0.99089,0.99526,0.99247,0.99102,0.9982
394.56755,0.98467,0.99089,0.98678,0.98475,0.9963
394.66158,0.97669,0.98467,0.97932,0.97673,0.99247
394.75566,0.96708,0.97669,0.9702,0.96711,0.98678
394.84979,0.95597,0.96708,0.95957,0.95601,0.97932
394.94395,0.94352,0.95597,0.94756,0.94359,0.9702
395.03817,0.92989,0.94352,0.93433,0.93,0.95957
395.13243,0.91523,0.92989,0.92005,0.9154,0.94756
395.22673,0.89972,0.91523,0.90487,0.89996,0.93433
395.32108,0.88351,0.89972,0.88895,0.88384,0.92005
395.41547,0.86675,0.88351,0.87245,0.86717,0.90487
395.50991,0.84959,0.86675,0.8555,0.85011,0.88895
395.6044,0.83215,0.84959,0.83825,0.83278,0.87245
395.69892,0.81457,0.83215,0.82081,0.81531,0.8555
395.7935,0.79694,0.81457,0.80331,0.7978,0.83825
395.88812,0.77937,0.79694,0.78582,0.78034,0.82081
395.98278,0.76194,0.77937,0.76845,0.76302,0.80331
396.07749,0.74472,0.76194,0.75127,0.7459,0.78582
396.17225,0.72778,0.74472,0.73434,0.72906,0.76845
396.26705,0.71115,0.72778,0.71771,0.71253,0.75127
396.3619,0.69489,0.71115,0.70143,0.69636,0.73434
396.45679,0.67903,0.69489,0.68553,0.68058,0.71771
396.55172,0.66358,0.67903,0.67003,0.66522,0.70143
396.64671,0.64858,0.66358,0.65497,0.65029,0.68553
396.74173,0.63403,0.64858,0.64035,0.63581,0.67003
396.83681,0.61994,0.63403,0.62618,0.62177,0.65497
396.93193,0.60631,0.61994,0.61246,0.6082,0.64035
397.02709,0.59314,0.60631,0.5992,0.59508,0.62618
397.1223,0.58043,0.59314,0.58639,0.58241,0.61246
397.21756,0.56817,0.58043,0.57404,0.57019,0.5992
397.31286,0.55636,0.56817,0.56212,0.55841,0.58639
397.40821,0.54498,0.55636,0.55063,0.54705,0.57404
397.5036,0.53403,0.54498,0.53957,0.53612,0.56212
397.59904,0.52349,0.53403,0.52891,0.52559,0.55063
397.69452,0.51335,0.52349,0.51866,0.51546,0.53957
397.79006,0.50359,0.51335,0.50878,0.50571,0.52891
397.88563,0.49421,0.50359,0.49929,0.49633,0.51866
397.98125,0.48518,0.49421,0.49015,0.48731,0.50878
398.07692,0.47651,0.48518,0.48135,0.47863,0.49929
398.17264,0.46816,0.47651,0.47289,0.47028,0.49015
398.2684,0.46014,0.46816,0.46476,0.46225,0.48135
398.3642,0.45242,0.46014,0.45692,0.45452,0.47289
398.46006,0.445,0.45242,0.44939,0.44708,0.46476
398.55596,0.43786,0.445,0.44214,0.43993,0.45692
398.6519,0.43099,0.43786,0.43516,0.43304,0.44939
398.74789,0.42437,0.43099,0.42844,0.42641,0.44214
398.84393,0.41801,0.42437,0.42197,0.42002,0.43516
398.94001,0.41188,0.41801,0.41574,0.41387,0.42844
399.03614,0.40598,0.41188,0.40974,0.40795,0.42197
399.13232,0.4003,0.40598,0.40396,0.40225,0.41574
399.22854,0.39483,0.4003,0.39838,0.39675,0.40974
399.32481,0.38955,0.39483,0.39301,0.39144,0.40396
399.42113,0.38446,0.38955,0.38783,0.38633,0.39838
399.51749,0.37956,0.38446,0.38284,0.3814,0.39301
399.6139,0.37483,0.37956,0.37802,0.37664,0.38783
399.71035,0.37026,0.37483,0.37338,0.37205,0.38284
399.80686,0.36586,0.37026,0.36889,0.36762,0.37802
399.9034,0.36161,0.36586,0.36456,0.36334,0.37338
400,0.3575,0.36161,0.36037,0.35921,0.36889
400.09664,0.35354,0.3575,0.35633,0.35522,0.36456
400.19333,0.3497,0.35354,0.35243,0.35136,0.36037
400.29007,0.346,0.3497,0.34866,0.34763,0.35633
400.38685,0.34242,0.346,0.34501,0.34402,0.35243
400.48368,0.33896,0.34242,0.34148,0.34053,0.34866
400.58055,0.33561,0.33896,0.33807,0.33715,0.34501
400.67747,0.33237,0.33561,0.33477,0.33389,0.34148
400.77444,0.32923,0.33237,0.33157,0.33072,0.33807
400.87146,0.32619,0.32923,0.32848,0.32766,0.33477
400.96852,0.32325,0.32619,0.32548,0.32469,0.33157
401.06563,0.3204,0.32325,0.32258,0.32182,0.32848
401.16279,0.31764,0.3204,0.31977,0.31904,0.32548
401.26,0.31497,0.31764,0.31705,0.31634,0.32258
401.35725,0.31237,0.31497,0.31441,0.31372,0.31977
401.45455,0.30986,0.31237,0.31185,0.31118,0.31705
401.55189,0.30742,0.30986,0.30936,0.30872,0.31441
401.64928,0.30505,0.30742,0.30695,0.30633,0.31185
401.74672,0.30276,0.30505,0.30462,0.30402,0.30936
401.84421,0.30053,0.30276,0.30235,0.30177,0.30695
401.94175,0.29837,0.30053,0.30015,0.29958,0.30462
402.03933,0.29627,0.29837,0.29801,0.29746,0.30235
402.13696,0.29423,0.29627,0.29594,0.2954,0.30015
402.23464,0.29224,0.29423,0.29392,0.2934,0.29801
402.33236,0.29032,0.29224,0.29196,0.29146,0.29594
402.43013,0.28845,0.29032,0.29006,0.28957,0.29392
402.52795,0.28663,0.28845,0.28821,0.28773,0.29196
402.62582,0.28486,0.28663,0.28642,0.28594,0.29006
402.72374,0.28314,0.28486,0.28467,0.28421,0.28821
402.8217,0.28147,0.28314,0.28297,0.28252,0.28642
402.91971,0.27985,0.28147,0.28132,0.28088,0.28467
403.01777,0.27826,0.27985,0.27971,0.27928,0.28297
403.11587,0.27673,0.27826,0.27815,0.27773,0.28132
403.21402,0.27523,0.27673,0.27663,0.27622,0.27971
403.31223,0.27377,0.27523,0.27515,0.27475,0.27815
403.41048,0.27235,0.27377,0.27371,0.27331,0.27663
403.50877,0.27097,0.27235,0.27231,0.27192,0.27515
403.60712,0.26963,0.27097,0.27095,0.27056,0.27371
403.70551,0.26832,0.26963,0.26962,0.26924,0.27231
403.80395,0.26705,0.26832,0.26833,0.26796,0.27095
403.90244,0.26581,0.26705,0.26707,0.26671,0.26962
404.00098,0.2646,0.26581,0.26585,0.26549,0.26833
404.09956,0.26342,0.2646,0.26465,0.2643,0.26707
404.19819,0.26228,0.26342,0.26349,0.26314,0.26585
404.29688,0.26116,0.26228,0.26236,0.26202,0.26465
404.3956,0.26007,0.26116,0.26126,0.26092,0.26349
404.49438,0.25901,0.26007,0.26019,0.25985,0.26236
404.59321,0.25798,0.25901,0.25914,0.25881,0.26126
404.69208,0.25698,0.25798,0.25813,0.2578,0.26019
404.791,0.256,0.25698,0.25713,0.25681,0.25914
404.88998,0.25504,0.256,0.25617,0.25585,0.25813
404.98899,0.25411,0.25504,0.25523,0.25491,0.25713
405.08806,0.25321,0.25411,0.25431,0.254,0.25617
405.18718,0.25233,0.25321,0.25342,0.25311,0.25523
405.28634,0.25147,0.25233,0.25255,0.25225,0.25431
405.38556,0.25063,0.25147,0.25171,0.2514,0.25342
405.48482,0.24982,0.25063,0.25088,0.25058,0.25255
405.58413,0.24903,0.24982,0.25008,0.24978,0.25171
405.68349,0.24825,0.24903,0.2493,0.24901,0.25088
405.7829,0.2475,0.24825,0.24854,0.24825,0.25008
405.88235,0.24677,0.2475,0.2478,0.24751,0.2493
405.98186,0.24606,0.24677,0.24708,0.24679,0.24854
406.08141,0.24536,0.24606,0.24638,0.2461,0.2478
406.18102,0.24469,0.24536,0.2457,0.24542,0.24708
406.28067,0.24403,0.24469,0.24503,0.24476,0.24638
406.38037,0.2434,0.24403,0.24439,0.24411,0.2457
406.48012,0.24277,0.2434,0.24376,0.24349,0.24503
406.57992,0.24217,0.24277,0.24315,0.24288,0.24439
406.67976,0.24158,0.24217,0.24256,0.24229,0.24376
406.77966,0.24102,0.24158,0.24198,0.24172,0.24315
406.87961,0.24046,0.24102,0.24143,0.24116,0.24256
406.9796,0.23992,0.24046,0.24088,0.24062,0.24198
407.07965,0.2394,0.23992,0.24036,0.24009,0.24143
407.17974,0.2389,0.2394,0.23985,0.23958,0.24088
407.27988,0.23841,0.2389,0.23935,0.23909,0.24036
407.38007,0.23793,0.23841,0.23887,0.23861,0.23985
407.48031,0.23747,0.23793,0.23841,0.23815,0.23935
407.58061,0.23703,0.23747,0.23795,0.2377,0.23887
407.68095,0.23659,0.23703,0.23752,0.23726,0.23841
407.78133,0.23618,0.23659,0.2371,0.23684,0.23795
407.88177,0.23577,0.23618,0.23669,0.23644,0.23752
407.98226,0.23538,0.23577,0.2363,0.23604,0.2371
408.0828,0.23501,0.23538,0.23592,0.23567,0.23669
408.18339,0.23465,0.23501,0.23555,0.2353,0.2363
408.28402,0.2343,0.23465,0.2352,0.23495,0.23592
408.38471,0.23396,0.2343,0.23486,0.23461,0.23555
408.48545,0.23364,0.23396,0.23453,0.23428,0.2352
408.58623,0.23333,0.23364,0.23422,0.23397,0.23486
408.68707,0.23303,0.23333,0.23392,0.23367,0.23453
408.78795,0.23275,0.23303,0.23363,0.23339,0.23422
408.88889,0.23248,0.23275,0.23335,0.23311,0.23392
408.98987,0.23222,0.23248,0.23309,0.23285,0.23363
409.09091,0.23197,0.23222,0.23284,0.2326,0.23335
409.19199,0.23174,0.23197,0.2326,0.23236,0.23309
409.29313,0.23152,0.23174,0.23238,0.23214,0.23284
409.39431,0.23131,0.23152,0.23216,0.23192,0.2326
409.49555,0.23111,0.23131,0.23196,0.23172,0.23238
409.59683,0.23093,0.23111,0.23177,0.23153,0.23216
409.69817,0.23075,0.23093,0.2316,0.23135,0.23196
409.79955,0.23059,0.23075,0.23143,0.23119,0.23177
409.90099,0.23044,0.23059,0.23128,0.23103,0.2316
410.00248,0.2303,0.23044,0.23113,0.23089,0.23143
410.10401,0.23018,0.2303,0.231,0.23076,0.23128
410.2056,0.23006,0.23018,0.23088,0.23064,0.23113
410.30723,0.22996,0.23006,0.23078,0.23054,0.231
410.40892,0.22987,0.22996,0.23068,0.23044,0.23088
410.51066,0.22979,0.22987,0.2306,0.23036,0.23078
410.61245,0.22972,0.22979,0.23053,0.23028,0.23068
410.71429,0.22967,0.22972,0.23046,0.23022,0.2306
410.81617,0.22962,0.22967,0.23042,0.23017,0.23053
410.91811,0.22959,0.22962,0.23038,0.23013,0.23046
411.0201,0.22957,0.22959,0.23035,0.23011,0.23042
411.12214,0.22956,0.22957,0.23034,0.23009,0.23038
411.22424,0.22956,0.22956,0.23033,0.23009,0.23035
411.32638,0.22958,0.22956,0.23034,0.2301,0.23034
411.42857,0.2296,0.22958,0.23036,0.23012,0.23033
411.53082,0.22964,0.2296,0.2304,0.23015,0.23034
411.63311,0.22969,0.22964,0.23044,0.23019,0.23036
411.73545,0.22975,0.22969,0.2305,0.23025,0.2304
411.83785,0.22982,0.22975,0.23056,0.23032,0.23044
411.9403,0.22991,0.22982,0.23064,0.2304,0.2305
412.0428,0.23001,0.22991,0.23074,0.23049,0.23056
412.14535,0.23012,0.23001,0.23084,0.23059,0.23064
412.24795,0.23024,0.23012,0.23095,0.2307,0.23074
412.3506,0.23037,0.23024,0.23108,0.23083,0.23084
412.4533,0.23052,0.23037,0.23122,0.23097,0.23095
412.55605,0.23068,0.23052,0.23138,0.23112,0.23108
412.65886,0.23085,0.23068,0.23154,0.23129,0.23122
412.76171,0.23104,0.23085,0.23172,0.23147,0.23138
412.86462,0.23123,0.23104,0.23191,0.23166,0.23154
412.96758,0.23145,0.23123,0.23211,0.23186,0.23172
413.07059,0.23167,0.23145,0.23233,0.23207,0.23191
413.17365,0.23191,0.23167,0.23256,0.2323,0.23211
413.27677,0.23216,0.23191,0.2328,0.23254,0.23233
413.37993,0.23242,0.23216,0.23306,0.2328,0.23256
413.48315,0.2327,0.23242,0.23333,0.23307,0.2328
413.58641,0.23299,0.2327,0.23361,0.23335,0.23306
413.68973,0.23329,0.23299,0.23391,0.23365,0.23333
413.7931,0.23361,0.23329,0.23422,0.23396,0.23361
413.89653,0.23394,0.23361,0.23454,0.23428,0.23391
414,0.23429,0.23394,0.23488,0.23462,0.23422
414.10353,0.23465,0.23429,0.23523,0.23497,0.23454
414.2071,0.23503,0.23465,0.2356,0.23534,0.23488
414.31073,0.23542,0.23503,0.23598,0.23572,0.23523
414.41441,0.23583,0.23542,0.23638,0.23612,0.2356
414.51815,0.23625,0.23583,0.2368,0.23653,0.23598
414.62193,0.23669,0.23625,0.23723,0.23696,0.23638
414.72577,0.23714,0.23669,0.23767,0.23741,0.2368
414.82966,0.23761,0.23714,0.23813,0.23787,0.23723
414.9336,0.23809,0.23761,0.23861,0.23835,0.23767
415.03759,0.2386,0.23809,0.2391,0.23884,0.23813
415.14164,0.23912,0.2386,0.23961,0.23935,0.23861
415.24574,0.23965,0.23912,0.24014,0.23988,0.2391
415.34989,0.24021,0.23965,0.24069,0.24042,0.23961
415.45409,0.24078,0.24021,0.24125,0.24099,0.24014
415.55834,0.24137,0.24078,0.24183,0.24157,0.24069
415.66265,0.24197,0.24137,0.24243,0.24217,0.24125
415.76701,0.2426,0.24197,0.24305,0.24279,0.24183
415.87142,0.24325,0.2426,0.24369,0.24343,0.24243
415.97589,0.24391,0.24325,0.24434,0.24408,0.24305
416.0804,0.24459,0.24391,0.24502,0.24476,0.24369
416.18497,0.2453,0.24459,0.24571,0.24546,0.24434
416.28959,0.24602,0.2453,0.24643,0.24618,0.24502
416.39427,0.24677,0.24602,0.24717,0.24692,0.24571
416.49899,0.24753,0.24677,0.24793,0.24768,0.24643
416.60377,0.24832,0.24753,0.24871,0.24846,0.24717
416.70861,0.24913,0.24832,0.24951,0.24926,0.24793
416.81349,0.24997,0.24913,0.25034,0.25009,0.24871
416.91843,0.25082,0.24997,0.25119,0.25094,0.24951
417.02342,0.2517,0.25082,0.25206,0.25182,0.25034
417.12846,0.2526,0.2517,0.25296,0.25272,0.25119
417.23356,0.25353,0.2526,0.25388,0.25364,0.25206
417.33871,0.25448,0.25353,0.25482,0.25459,0.25296
417.44391,0.25546,0.25448,0.2558,0.25557,0.25388
417.54917,0.25646,0.25546,0.2568,0.25657,0.25482
417.65448,0.2575,0.25646,0.25782,0.2576,0.2558
417.75984,0.25855,0.2575,0.25887,0.25866,0.2568
417.86525,0.25964,0.25855,0.25996,0.25974,0.25782
417.97072,0.26075,0.25964,0.26107,0.26086,0.25887
418.07624,0.2619,0.26075,0.26221,0.262,0.25996
418.18182,0.26307,0.2619,0.26338,0.26318,0.26107
418.28745,0.26427,0.26307,0.26458,0.26439,0.26221
418.39313,0.26551,0.26427,0.26581,0.26562,0.26338
418.49886,0.26677,0.26551,0.26708,0.2669,0.26458
418.60465,0.26807,0.26677,0.26838,0.2682,0.26581
418.71049,0.26941,0.26807,0.26971,0.26954,0.26708
418.81639,0.27077,0.26941,0.27108,0.27092,0.26838
418.92234,0.27218,0.27077,0.27248,0.27233,0.26971
419.02834,0.27362,0.27218,0.27392,0.27377,0.27108
419.1344,0.27509,0.27362,0.2754,0.27526,0.27248
419.24051,0.27661,0.27509,0.27692,0.27679,0.27392
419.34667,0.27816,0.27661,0.27847,0.27835,0.2754
419.45289,0.27975,0.27816,0.28007,0.27996,0.27692
419.55916,0.28138,0.27975,0.28171,0.28161,0.27847
419.66548,0.28306,0.28138,0.28339,0.2833,0.28007
419.77186,0.28478,0.28306,0.28511,0.28503,0.28171
419.8783,0.28654,0.28478,0.28688,0.28681,0.28339
419.98478,0.28835,0.28654,0.2887,0.28864,0.28511
420.09132,0.29021,0.28835,0.29057,0.29052,0.28688
420.19792,0.29211,0.29021,0.29248,0.29245,0.2887
420.30457,0.29406,0.29211,0.29444,0.29442,0.29057
420.41127,0.29606,0.29406,0.29646,0.29645,0.29248
420.51803,0.29812,0.29606,0.29853,0.29853,0.29444
420.62484,0.30023,0.29812,0.30065,0.30067,0.29646
420.73171,0.30239,0.30023,0.30283,0.30286,0.29853
420.83863,0.30461,0.30239,0.30506,0.30512,0.30065
420.9456,0.30689,0.30461,0.30736,0.30743,0.30283
421.05263,0.30923,0.30689,0.30971,0.3098,0.30506
421.15972,0.31163,0.30923,0.31213,0.31224,0.30736
421.26685,0.31409,0.31163,0.31461,0.31474,0.30971
421.37405,0.31661,0.31409,0.31716,0.31731,0.31213
421.48129,0.31921,0.31661,0.31978,0.31994,0.31461
421.58859,0.32187,0.31921,0.32246,0.32265,0.31716
421.69595,0.3246,0.32187,0.32522,0.32543,0.31978
421.80336,0.32741,0.3246,0.32806,0.32829,0.32246
421.91083,0.33029,0.32741,0.33096,0.33122,0.32522
422.01835,0.33325,0.33029,0.33395,0.33423,0.32806
422.12592,0.33629,0.33325,0.33702,0.33732,0.33096
422.23355,0.33941,0.33629,0.34017,0.3405,0.33395
422.34124,0.34261,0.33941,0.3434,0.34376,0.33702
422.44898,0.3459,0.34261,0.34673,0.34711,0.34017
422.55677,0.34928,0.3459,0.35014,0.35056,0.3434
422.66462,0.35275,0.34928,0.35365,0.35409,0.34673
422.77253,0.35632,0.35275,0.35725,0.35773,0.35014
422.88049,0.35998,0.35632,0.36096,0.36146,0.35365
422.98851,0.36374,0.35998,0.36476,0.3653,0.35725
423.09658,0.36761,0.36374,0.36867,0.36924,0.36096
423.2047,0.37158,0.36761,0.37268,0.37329,0.36476
423.31288,0.37567,0.37158,0.37681,0.37745,0.36867
423.42112,0.37986,0.37567,0.38105,0.38173,0.37268
423.52941,0.38417,0.37986,0.3854,0.38613,0.37681
423.63776,0.3886,0.38417,0.38988,0.39064,0.38105
423.74616,0.39316,0.3886,0.39448,0.39528,0.3854
423.85462,0.39784,0.39316,0.39921,0.40006,0.38988
423.96313,0.40264,0.39784,0.40407,0.40496,0.39448
424.0717,0.40759,0.40264,0.40906,0.41,0.39921
424.18033,0.41267,0.40759,0.41419,0.41517,0.40407
424.28901,0.41789,0.41267,0.41947,0.4205,0.40906
424.39774,0.42326,0.41789,0.42489,0.42596,0.41419
424.50654,0.42878,0.42326,0.43045,0.43158,0.41947
424.61538,0.43445,0.42878,0.43618,0.43736,0.42489
424.72429,0.44027,0.43445,0.44206,0.44329,0.43045
424.83325,0.44626,0.44027,0.4481,0.44939,0.43618
424.94226,0.45242,0.44626,0.4543,0.45565,0.44206
425.05133,0.45874,0.45242,0.46068,0.46209,0.4481
425.16046,0.46524,0.45874,0.46723,0.4687,0.4543
425.26965,0.47191,0.46524,0.47396,0.47548,0.46068
425.37889,0.47877,0.47191,0.48086,0.48245,0.46723
425.48818,0.48582,0.47877,0.48796,0.48961,0.47396
425.59753,0.49305,0.48582,0.49524,0.49696,0.48086
425.70694,0.50048,0.49305,0.50271,0.5045,0.48796
425.81641,0.5081,0.50048,0.51038,0.51224,0.49524
425.92593,0.51593,0.5081,0.51825,0.52018,0.50271
426.0355,0.52396,0.51593,0.52632,0.52832,0.51038
426.14514,0.5322,0.52396,0.5346,0.53667,0.51825
426.25483,0.54065,0.5322,0.54308,0.54522,0.52632
426.36457,0.54931,0.54065,0.55178,0.55399,0.5346
426.47438,0.55818,0.54931,0.56068,0.56297,0.54308
426.58423,0.56728,0.55818,0.5698,0.57216,0.55178
426.69415,0.57658,0.56728,0.57913,0.58157,0.56068
426.80412,0.58611,0.57658,0.58868,0.59119,0.5698
426.91415,0.59586,0.58611,0.59843,0.60102,0.57913
427.02424,0.60582,0.59586,0.6084,0.61106,0.58868
427.13438,0.61599,0.60582,0.61858,0.62132,0.59843
427.24458,0.62638,0.61599,0.62897,0.63178,0.6084
427.35484,0.63697,0.62638,0.63956,0.64245,0.61858
427.46515,0.64777,0.63697,0.65035,0.65331,0.62897
427.57552,0.65877,0.64777,0.66133,0.66436,0.63956
427.68595,0.66996,0.65877,0.6725,0.67559,0.65035
427.79644,0.68133,0.66996,0.68384,0.687,0.66133
427.90698,0.69288,0.68133,0.69535,0.69858,0.6725
428.01758,0.70458,0.69288,0.70702,0.7103,0.68384
428.12823,0.71644,0.70458,0.71882,0.72216,0.69535
428.23894,0.72842,0.71644,0.73076,0.73415,0.70702
428.34972,0.74052,0.72842,0.7428,0.74623,0.71882
428.46054,0.75272,0.74052,0.75493,0.75841,0.73076
428.57143,0.76499,0.75272,0.76714,0.77064,0.7428
428.68237,0.77731,0.76499,0.77939,0.78292,0.75493
428.79337,0.78966,0.77731,0.79166,0.79521,0.76714
428.90443,0.80201,0.78966,0.80392,0.80748,0.77939
429.01554,0.81433,0.80201,0.81615,0.81972,0.79166
429.12672,0.82658,0.81433,0.82832,0.83187,0.80392
429.23795,0.83874,0.82658,0.84038,0.84392,0.81615
429.34924,0.85076,0.83874,0.85231,0.85581,0.82832
429.46058,0.86261,0.85076,0.86407,0.86753,0.84038
429.57198,0.87425,0.86261,0.87561,0.87902,0.85231
429.68345,0.88563,0.87425,0.8869,0.89024,0.86407
429.79496,0.89672,0.88563,0.8979,0.90115,0.87561
429.90654,0.90747,0.89672,0.90856,0.91171,0.8869
430.01818,0.91783,0.90747,0.91883,0.92187,0.8979
430.12987,0.92776,0.91783,0.92867,0.93159,0.90856
430.24162,0.93722,0.92776,0.93805,0.94083,0.91883
430.35343,0.94615,0.93722,0.9469,0.94953,0.92867
430.4653,0.95452,0.94615,0.9552,0.95766,0.93805
430.57722,0.96228,0.95452,0.96289,0.96517,0.9469
430.68921,0.9694,0.96228,0.96994,0.97202,0.9552
430.80125,0.97583,0.9694,0.97631,0.97819,0.96289
430.91335,0.98153,0.97583,0.98197,0.98362,0.96994
431.02551,0.98649,0.98153,0.98687,0.98829,0.97631
431.13772,0.99066,0.98649,0.991,0.99217,0.98197
431.25,0.99402,0.99066,0.99432,0.99525,0.98687
431.36233,0.99655,0.99402,0.99682,0.99749,0.991
431.47473,0.99825,0.99655,0.99848,0.99888,0.99432
431.58718,0.99909,0.99825,0.99929,0.99942,0.99682
431.69969,0.99907,0.99909,0.99924,0.99911,0.99848
431.81226,0.99819,0.99907,0.99834,0.99793,0.99929
431.92488,0.99646,0.99819,0.99658,0.99589,0.99924
432.03757,0.99389,0.99646,0.99398,0.99302,0.99834
432.15031,0.99048,0.99389,0.99055,0.98932,0.99658
432.26312,0.98627,0.99048,0.9863,0.98481,0.99398
432.37598,0.98127,0.98627,0.98127,0.97952,0.99055
432.4889,0.97551,0.98127,0.97548,0.97347,0.9863
432.60188,0.96903,0.97551,0.96896,0.96671,0.98127
432.71492,0.96185,0.96903,0.96175,0.95926,0.97548
432.82802,0.95402,0.96185,0.95388,0.95117,0.96896
432.94118,0.94557,0.95402,0.94539,0.94247,0.96175
433.05439,0.93655,0.94557,0.93633,0.9332,0.95388
433.16767,0.92699,0.93655,0.92673,0.92342,0.94539
433.281,0.91694,0.92699,0.91665,0.91316,0.93633
433.3944,0.90645,0.91694,0.90612,0.90247,0.92673
433.50785,0.89556,0.90645,0.89519,0.89139,0.91665
433.62137,0.8843,0.89556,0.88391,0.87997,0.90612
433.73494,0.87273,0.8843,0.87232,0.86826,0.89519
433.84857,0.86088,0.87273,0.86046,0.85629,0.88391
433.96226,0.8488,0.86088,0.84837,0.84411,0.87232
434.07602,0.83652,0.8488,0.8361,0.83175,0.86046
434.18983,0.82408,0.83652,0.82367,0.81925,0.84837
434.3037,0.81151,0.82408,0.81114,0.80666,0.8361
434.41763,0.79885,0.81151,0.79852,0.794,0.82367
434.53162,0.78613,0.79885,0.78586,0.7813,0.81114
434.64567,0.77337,0.78613,0.77319,0.76859,0.79852
434.75978,0.76061,0.77337,0.76052,0.75591,0.78586
434.87395,0.74786,0.76061,0.74789,0.74327,0.77319
434.98818,0.73516,0.74786,0.73532,0.7307,0.76052
435.10247,0.72251,0.73516,0.72283,0.71822,0.74789
435.21682,0.70995,0.72251,0.71044,0.70585,0.73532
435.33123,0.69748,0.70995,0.69817,0.6936,0.72283
435.4457,0.68513,0.69748,0.68603,0.68148,0.71044
435.56023,0.6729,0.68513,0.67404,0.66952,0.69817
435.67482,0.6608,0.6729,0.6622,0.65772,0.68603
435.78947,0.64886,0.6608,0.65052,0.64608,0.67404
435.90419,0.63707,0.64886,0.63902,0.63463,0.6622
436.01896,0.62545,0.63707,0.6277,0.62336,0.65052
436.13379,0.614,0.62545,0.61657,0.61227,0.63902
436.24868,0.60272,0.614,0.60562,0.60138,0.6277
436.36364,0.59163,0.60272,0.59487,0.59068,0.61657
436.47865,0.58073,0.59163,0.58431,0.58018,0.60562
436.59373,0.57002,0.58073,0.57394,0.56986,0.59487
436.70886,0.55949,0.57002,0.56376,0.55974,0.58431
436.82406,0.54917,0.55949,0.55377,0.54981,0.57394
436.93931,0.53904,0.54917,0.54396,0.54006,0.56376
437.05463,0.52911,0.53904,0.53434,0.5305,0.55377
437.17001,0.51937,0.52911,0.52489,0.52111,0.54396
437.28545,0.50984,0.51937,0.51562,0.51189,0.53434
437.40095,0.50051,0.50984,0.50651,0.50284,0.52489
437.51651,0.49138,0.50051,0.49755,0.49394,0.51562
437.63214,0.48245,0.49138,0.48875,0.48518,0.50651
437.74782,0.47373,0.48245,0.48008,0.47656,0.49755
437.86356,0.4652,0.47373,0.47154,0.46806,0.48875
437.97937,0.45689,0.4652,0.46311,0.45967,0.48008
438.09524,0.44877,0.45689,0.45479,0.45138,0.47154
438.21117,0.44086,0.44877,0.44655,0.44317,0.46311
438.32716,0.43315,0.44086,0.43839,0.43503,0.45479
438.44321,0.42565,0.43315,0.43028,0.42694,0.44655
438.55932,0.41836,0.42565,0.42221,0.41888,0.43839
438.6755,0.41128,0.41836,0.41416,0.41084,0.43028
438.79173,0.4044,0.41128,0.40611,0.40279,0.42221
438.90803,0.39774,0.4044,0.39806,0.39472,0.41416
439.02439,0.3913,0.39774,0.38998,0.38664,0.40611
439.14081,0.38506,0.3913,0.38188,0.37853,0.39806
439.25729,0.37905,0.38506,0.37377,0.37042,0.38998
439.37384,0.37326,0.37905,0.36569,0.36237,0.38188
439.49045,0.36768,0.37326,0.35772,0.35446,0.37377
439.60711,0.36234,0.36768,0.34997,0.34685,0.36569
439.72384,0.35721,0.36234,0.34267,0.33978,0.35772
439.84064,0.35232,0.35721,0.33609,0.33358,0.34997
439.95749,0.34766,0.35232,0.33062,0.32866,0.34267
440.07441,0.34323,0.34766,0.3267,0.32544,0.33609
440.19139,0.33903,0.34323,0.32471,0.32427,0.33062
440.30843,0.33507,0.33903,0.32488,0.32526,0.3267
440.42553,0.33134,0.33507,0.3271,0.32816,0.32471
440.5427,0.32786,0.33134,0.33093,0.33241,0.32488
440.65993,0.32461,0.32786,0.33565,0.33726,0.3271
440.77722,0.32159,0.32461,0.34051,0.34198,0.33093
440.89457,0.31881,0.32159,0.34489,0.34605,0.33565
441.01198,0.31627,0.31881,0.3484,0.34918,0.34051
441.12946,0.31397,0.31627,0.35091,0.35132,0.34489
441.247,0.31189,0.31397,0.35244,0.35251,0.3484
441.36461,0.31004,0.31189,0.35309,0.35289,0.35091
441.48227,0.30842,0.31004,0.35303,0.35262,0.35244
441.6,0.30702,0.30842,0.35239,0.35183,0.35309
441.71779,0.30583,0.30702,0.35133,0.35066,0.35303
441.83565,0.30486,0.30583,0.34994,0.34921,0.35239
441.95356,0.30409,0.30486,0.34833,0.34757,0.35133
442.07154,0.30352,0.30409,0.34657,0.34579,0.34994
442.18959,0.30314,0.30352,0.34471,0.34394,0.34833
442.30769,0.30295,0.30314,0.3428,0.34204,0.34657
442.42586,0.30293,0.30295,0.34087,0.34014,0.34471
442.54409,0.30309,0.30293,0.33894,0.33825,0.3428
442.66239,0.3034,0.30309,0.33704,0.33639,0.34087
442.78075,0.30387,0.3034,0.33519,0.33457,0.33894
442.89917,0.30448,0.30387,0.33338,0.33281,0.33704
443.01766,0.30523,0.30448,0.33163,0.33111,0.33519
443.13621,0.3061,0.30523,0.32995,0.32948,0.33338
443.25482,0.30709,0.3061,0.32835,0.32793,0.33163
443.37349,0.30819,0.30709,0.32681,0.32644,0.32995
443.49223,0.30939,0.30819,0.32536,0.32504,0.32835
443.61104,0.31068,0.30939,0.32399,0.32372,0.32681
443.7299,0.31206,0.31068,0.3227,0.32248,0.32536
443.84883,0.3135,0.31206,0.32149,0.32132,0.32399
443.96783,0.31502,0.3135,0.32037,0.32025,0.3227
444.08689,0.3166,0.31502,0.31933,0.31926,0.32149
444.20601,0.31822,0.3166,0.31838,0.31835,0.32037
444.32519,0.3199,0.31822,0.31752,0.31753,0.31933
444.44444,0.32161,0.3199,0.31674,0.3168,0.31838
444.56376,0.32336,0.32161,0.31605,0.31616,0.31752
444.68314,0.32513,0.32336,0.31545,0.3156,0.31674
444.80258,0.32692,0.32513,0.31494,0.31513,0.31605
444.92208,0.32874,0.32692,0.31451,0.31475,0.31545
445.04166,0.33056,0.32874,0.31418,0.31446,0.31494
445.16129,0.33239,0.33056,0.31393,0.31426,0.31451
445.28099,0.33423,0.33239,0.31378,0.31415,0.31418
445.40075,0.33607,0.33423,0.31371,0.31413,0.31393
445.52058,0.3379,0.33607,0.31375,0.3142,0.31378
445.64047,0.33973,0.3379,0.31387,0.31436,0.31371
445.76043,0.34155,0.33973,0.31409,0.31462,0.31375
445.88045,0.34336,0.34155,0.3144,0.31498,0.31387
446.00054,0.34516,0.34336,0.31482,0.31543,0.31409
446.12069,0.34695,0.34516,0.31533,0.31599,0.3144
446.24091,0.34871,0.34695,0.31594,0.31664,0.31482
446.36119,0.35047,0.34871,0.31666,0.3174,0.31533
446.48153,0.3522,0.35047,0.31748,0.31826,0.31594
446.60194,0.35391,0.3522,0.31841,0.31923,0.31666
446.72242,0.3556,0.35391,0.31944,0.32031,0.31748
446.84296,0.35728,0.3556,0.32059,0.3215,0.31841
446.96356,0.35893,0.35728,0.32185,0.3228,0.31944
447.08423,0.36056,0.35893,0.32323,0.32422,0.32059
447.20497,0.36217,0.36056,0.32473,0.32577,0.32185
447.32577,0.36375,0.36217,0.32635,0.32743,0.32323
447.44664,0.36532,0.36375,0.32809,0.32922,0.32473
447.56757,0.36686,0.36532,0.32997,0.33115,0.32635
447.68856,0.36838,0.36686,0.33198,0.33321,0.32809
447.80963,0.36988,0.36838,0.33413,0.3354,0.32997
447.93075,0.37136,0.36988,0.33641,0.33774,0.33198
448.05195,0.37281,0.37136,0.33885,0.34023,0.33413
448.17321,0.37425,0.37281,0.34143,0.34287,0.33641
448.29453,0.37567,0.37425,0.34417,0.34567,0.33885
448.41592,0.37706,0.37567,0.34707,0.34863,0.34143
448.53738,0.37844,0.37706,0.35014,0.35176,0.34417
448.6589,0.3798,0.37844,0.35337,0.35506,0.34707
448.78049,0.38114,0.3798,0.35679,0.35855,0.35014
448.90214,0.38246,0.38114,0.36039,0.36222,0.35337
449.02386,0.38376,0.38246,0.36418,0.36608,0.35679
449.14565,0.38505,0.38376,0.36817,0.37015,0.36039
449.2675,0.38632,0.38505,0.37236,0.37442,0.36418
449.38942,0.38758,0.38632,0.37676,0.37891,0.36817
449.5114,0.38882,0.38758,0.38139,0.38362,0.37236
449.63345,0.39004,0.38882,0.38624,0.38857,0.37676
449.75557,0.39126,0.39004,0.39132,0.39375,0.38139
449.87775,0.39245,0.39126,0.39666,0.39919,0.38624
450,0.39364,0.39245,0.40224,0.40488,0.39132
450.12232,0.39481,0.39364,0.40809,0.41084,0.39666
450.2447,0.39597,0.39481,0.41421,0.41707,0.40224
450.36715,0.39712,0.39597,0.4206,0.42359,0.40809
450.48966,0.39826,0.39712,0.42729,0.43041,0.41421
450.61224,0.39938,0.39826,0.43428,0.43753,0.4206
450.73489,0.4005,0.39938,0.44158,0.44496,0.42729
450.85761,0.40161,0.4005,0.44919,0.45271,0.43428
450.98039,0.40271,0.40161,0.45713,0.4608,0.44158
451.10324,0.40379,0.40271,0.46541,0.46922,0.44919
451.22616,0.40487,0.40379,0.47402,0.47799,0.45713
451.34914,0.40595,0.40487,0.48299,0.48711,0.46541
451.47219,0.40701,0.40595,0.49231,0.49658,0.47402
451.59531,0.40807,0.40701,0.50199,0.50642,0.48299
451.71849,0.40912,0.40807,0.51203,0.51662,0.49231
451.84175,0.41016,0.40912,0.52244,0.52718,0.50199
451.96507,0.4112,0.41016,0.53321,0.5381,0.51203
452.08845,0.41223,0.4112,0.54433,0.54937,0.52244
452.21191,0.41325,0.41223,0.5558,0.56098,0.53321
452.33543,0.41427,0.41325,0.56762,0.57293,0.54433
452.45902,0.41529,0.41427,0.57975,0.58518,0.5558
452.58267,0.4163,0.41529,0.59219,0.59773,0.56762
452.7064,0.4173,0.4163,0.60491,0.61054,0.57975
452.83019,0.4183,0.4173,0.61787,0.62357,0.59219
452.95405,0.4193,0.4183,0.63104,0.63679,0.60491
453.07798,0.42029,0.4193,0.64436,0.65014,0.61787
453.20197,0.42128,0.42029,0.65779,0.66357,0.63104
453.32603,0.42227,0.42128,0.67126,0.67702,0.64436
453.45016,0.42325,0.42227,0.6847,0.69039,0.65779
453.57436,0.42423,0.42325,0.69802,0.70363,0.67126
453.69863,0.4252,0.42423,0.71115,0.71662,0.6847
453.82297,0.42618,0.4252,0.72397,0.72928,0.69802
453.94737,0.42715,0.42618,0.73639,0.7415,0.71115
454.07184,0.42812,0.42715,0.7483,0.75316,0.72397
454.19638,0.42909,0.42812,0.75956,0.76415,0.73639
454.32099,0.43005,0.42909,0.77007,0.77435,0.7483
454.44566,0.43102,0.43005,0.7797,0.78365,0.75956
454.57041,0.43198,0.43102,0.78834,0.79193,0.77007
454.69522,0.43294,0.43198,0.79587,0.79908,0.7797
454.8201,0.4339,0.43294,0.80218,0.805,0.78834
454.94505,0.43485,0.4339,0.80718,0.8096,0.79587
455.07007,0.43581,0.43485,0.81078,0.8128,0.80218
455.19516,0.43676,0.43581,0.81294,0.81457,0.80718
455.32032,0.43772,0.43676,0.81361,0.81485,0.81078
455.44554,0.43867,0.43772,0.81277,0.81364,0.81294
455.57084,0.43962,0.43867,0.81042,0.81094,0.81361
455.6962,0.44058,0.43962,0.80659,0.80678,0.81277
455.82164,0.44153,0.44058,0.80134,0.80122,0.81042
455.94714,0.44248,0.44153,0.79473,0.79433,0.80659
456.07271,0.44343,0.44248,0.78685,0.78619,0.80134
456.19835,0.44438,0.44343,0.77782,0.77692,0.79473
456.32406,0.44533,0.44438,0.76775,0.76663,0.78685
456.44983,0.44627,0.44533,0.75677,0.75545,0.77782
456.57568,0.44722,0.44627,0.74502,0.7435,0.76775
456.7016,0.44817,0.44722,0.73264,0.73094,0.75677
456.82759,0.44912,0.44817,0.71975,0.71787,0.74502
456.95364,0.45007,0.44912,0.7065,0.70445,0.73264
457.07977,0.45102,0.45007,0.69301,0.69079,0.71975
457.20596,0.45197,0.45102,0.67941,0.67701,0.7065
457.33223,0.45291,0.45197,0.66579,0.66323,0.69301
457.45856,0.45386,0.45291,0.65227,0.64953,0.67941
457.58497,0.45481,0.45386,0.63893,0.63602,0.66579
457.71144,0.45576,0.45481,0.62584,0.62277,0.65227
457.83799,0.45671,0.45576,0.61308,0.60986,0.63893
457.9646,0.45766,0.45671,0.6007,0.59734,0.62584
458.09129,0.45861,0.45766,0.58875,0.58527,0.61308
458.21804,0.45956,0.45861,0.57727,0.57368,0.6007
458.34487,0.46051,0.45956,0.56628,0.56262,0.58875
458.47176,0.46146,0.46051,0.55582,0.55212,0.57727
458.59873,0.46241,0.46146,0.5459,0.54219,0.56628
458.72576,0.46336,0.46241,0.53653,0.53286,0.55582
458.85287,0.46431,0.46336,0.52771,0.52414,0.5459
458.98004,0.46526,0.46431,0.51945,0.51603,0.53653
459.10729,0.46621,0.46526,0.51175,0.50854,0.52771
459.23461,0.46716,0.46621,0.50461,0.50168,0.51945
459.362,0.46812,0.46716,0.49801,0.49545,0.51175
459.48946,0.46907,0.46812,0.49195,0.48983,0.50461
459.61699,0.47002,0.46907,0.48642,0.48484,0.49801
459.74459,0.47098,0.47002,0.48142,0.48047,0.49195
459.87226,0.47193,0.47098,0.47693,0.47671,0.48642
460,0.47288,0.47193,0.47295,0.47356,0.49195
