WL,Al,WL,Cr,WL,Cu,WL,Au
360,0.17978,360,0.59411,360,0.49281,360,0.46977
360.07828,0.17944,360.07828,0.59087,360.07828,0.49039,360.07828,0.46807
360.15659,0.17911,360.15659,0.58769,360.15659,0.48802,360.15659,0.46641
360.23494,0.17878,360.23494,0.58454,360.23494,0.48568,360.23494,0.46477
360.31332,0.17846,360.31332,0.58145,360.31332,0.48338,360.31332,0.46316
360.39173,0.17815,360.39173,0.57839,360.39173,0.48113,360.39173,0.46158
360.47018,0.17785,360.47018,0.57539,360.47018,0.47891,360.47018,0.46003
360.54866,0.17756,360.54866,0.57242,360.54866,0.47672,360.54866,0.4585
360.62718,0.17728,360.62718,0.5695,360.62718,0.47458,360.62718,0.45701
360.70573,0.17701,360.70573,0.56663,360.70573,0.47247,360.70573,0.45554
360.78431,0.17676,360.78431,0.5638,360.78431,0.4704,360.78431,0.4541
360.86293,0.17652,360.86293,0.56101,360.86293,0.46836,360.86293,0.45268
360.94159,0.17629,360.94159,0.55826,360.94159,0.46636,360.94159,0.4513
361.02027,0.17608,361.02027,0.55556,361.02027,0.46439,361.02027,0.44994
361.099,0.17589,361.099,0.5529,361.099,0.46246,361.099,0.44861
361.17775,0.17571,361.17775,0.55028,361.17775,0.46056,361.17775,0.44731
361.25654,0.17556,361.25654,0.5477,361.25654,0.45869,361.25654,0.44603
361.33537,0.17542,361.33537,0.54516,361.33537,0.45686,361.33537,0.44478
361.41423,0.17531,361.41423,0.54267,361.41423,0.45506,361.41423,0.44356
361.49312,0.17523,361.49312,0.54021,361.49312,0.45329,361.49312,0.44236
361.57205,0.17517,361.57205,0.53779,361.57205,0.45155,361.57205,0.44119
361.65102,0.17514,361.65102,0.53542,361.65102,0.44984,361.65102,0.44005
361.73001,0.17514,361.73001,0.53308,361.73001,0.44817,361.73001,0.43894
361.80905,0.17517,361.80905,0.53079,361.80905,0.44652,361.80905,0.43785
361.88811,0.17525,361.88811,0.52853,361.88811,0.44491,361.88811,0.43679
361.96721,0.17536,361.96721,0.52631,361.96721,0.44332,361.96721,0.43575
362.04635,0.17552,362.04635,0.52413,362.04635,0.44177,362.04635,0.43474
362.12552,0.17572,362.12552,0.52198,362.12552,0.44024,362.12552,0.43376
362.20472,0.17597,362.20472,0.51988,362.20472,0.43874,362.20472,0.4328
362.28396,0.17628,362.28396,0.5178,362.28396,0.43727,362.28396,0.43187
362.36324,0.17665,362.36324,0.51577,362.36324,0.43583,362.36324,0.43097
362.44255,0.17708,362.44255,0.51377,362.44255,0.43441,362.44255,0.4301
362.52189,0.17759,362.52189,0.51181,362.52189,0.43302,362.52189,0.42925
362.60127,0.17817,362.60127,0.50989,362.60127,0.43166,362.60127,0.42842
362.68068,0.17884,362.68068,0.508,362.68068,0.43033,362.68068,0.42763
362.76013,0.17959,362.76013,0.50614,362.76013,0.42902,362.76013,0.42686
362.83961,0.18045,362.83961,0.50432,362.83961,0.42774,362.83961,0.42612
362.91913,0.18141,362.91913,0.50253,362.91913,0.42648,362.91913,0.4254
362.99868,0.18249,362.99868,0.50078,362.99868,0.42526,362.99868,0.42471
363.07827,0.1837,363.07827,0.49906,363.07827,0.42405,363.07827,0.42405
363.15789,0.18505,363.15789,0.49737,363.15789,0.42287,363.15789,0.42341
363.23755,0.18655,363.23755,0.49572,363.23755,0.42172,363.23755,0.4228
363.31724,0.18822,363.31724,0.4941,363.31724,0.42059,363.31724,0.42222
363.39697,0.19007,363.39697,0.49251,363.39697,0.41948,363.39697,0.42167
363.47673,0.19213,363.47673,0.49096,363.47673,0.4184,363.47673,0.42114
363.55653,0.1944,363.55653,0.48943,363.55653,0.41735,363.55653,0.42064
363.63636,0.19692,363.63636,0.48794,363.63636,0.41631,363.63636,0.42017
363.71623,0.1997,363.71623,0.48648,363.71623,0.4153,363.71623,0.41972
363.79613,0.20277,363.79613,0.48505,363.79613,0.41432,363.79613,0.41931
363.87607,0.20616,363.87607,0.48365,363.87607,0.41336,363.87607,0.41892
363.95604,0.2099,363.95604,0.48228,363.95604,0.41242,363.95604,0.41856
364.03605,0.21402,364.03605,0.48094,364.03605,0.4115,364.03605,0.41823
364.11609,0.21856,364.11609,0.47963,364.11609,0.41061,364.11609,0.41792
364.19617,0.22358,364.19617,0.47835,364.19617,0.40974,364.19617,0.41765
364.27629,0.2291,364.27629,0.4771,364.27629,0.40889,364.27629,0.4174
364.35644,0.23518,364.35644,0.47588,364.35644,0.40807,364.35644,0.41718
364.43662,0.24188,364.43662,0.47469,364.43662,0.40727,364.43662,0.41699
364.51684,0.24926,364.51684,0.47352,364.51684,0.40649,364.51684,0.41683
364.59709,0.25739,364.59709,0.47239,364.59709,0.40573,364.59709,0.4167
364.67738,0.26634,364.67738,0.47128,364.67738,0.405,364.67738,0.41661
364.75771,0.27618,364.75771,0.4702,364.75771,0.40428,364.75771,0.41654
364.83807,0.28701,364.83807,0.46915,364.83807,0.40359,364.83807,0.4165
364.91847,0.2989,364.91847,0.46813,364.91847,0.40292,364.91847,0.41649
364.9989,0.31197,364.9989,0.46714,364.9989,0.40228,364.9989,0.41652
365.07937,0.3263,365.07937,0.46617,365.07937,0.40165,365.07937,0.41657
365.15987,0.34201,365.15987,0.46523,365.15987,0.40105,365.15987,0.41666
365.24041,0.35919,365.24041,0.46432,365.24041,0.40047,365.24041,0.41678
365.32098,0.37794,365.32098,0.46344,365.32098,0.39991,365.32098,0.41693
365.40159,0.39837,365.40159,0.46258,365.40159,0.39937,365.40159,0.41711
365.48223,0.42055,365.48223,0.46175,365.48223,0.39885,365.48223,0.41733
365.56291,0.44456,365.56291,0.46094,365.56291,0.39836,365.56291,0.41759
365.64363,0.47043,365.64363,0.46016,365.64363,0.39788,365.64363,0.41787
365.72438,0.49816,365.72438,0.45941,365.72438,0.39743,365.72438,0.41819
365.80517,0.52773,365.80517,0.45869,365.80517,0.397,365.80517,0.41855
365.88599,0.55903,365.88599,0.45799,365.88599,0.39659,365.88599,0.41894
365.96685,0.5919,365.96685,0.45732,365.96685,0.39621,365.96685,0.41937
366.04775,0.6261,366.04775,0.45667,366.04775,0.39584,366.04775,0.41984
366.12868,0.6613,366.12868,0.45605,366.12868,0.3955,366.12868,0.42034
366.20964,0.69708,366.20964,0.45546,366.20964,0.39518,366.20964,0.42088
366.29064,0.73294,366.29064,0.45489,366.29064,0.39488,366.29064,0.42146
366.37168,0.76831,366.37168,0.45435,366.37168,0.39461,366.37168,0.42208
366.45276,0.80254,366.45276,0.45383,366.45276,0.39435,366.45276,0.42274
366.53386,0.83498,366.53386,0.45334,366.53386,0.39412,366.53386,0.42344
366.61501,0.86497,366.61501,0.45287,366.61501,0.39391,366.61501,0.42418
366.69619,0.89192,366.69619,0.45243,366.69619,0.39372,366.69619,0.42496
366.77741,0.9153,366.77741,0.45202,366.77741,0.39356,366.77741,0.42578
366.85866,0.93471,366.85866,0.45163,366.85866,0.39341,366.85866,0.42665
366.93995,0.94989,366.93995,0.45127,366.93995,0.39329,366.93995,0.42756
367.02128,0.96072,367.02128,0.45094,367.02128,0.3932,367.02128,0.42852
367.10264,0.96725,367.10264,0.45063,367.10264,0.39313,367.10264,0.42952
367.18404,0.96965,367.18404,0.45034,367.18404,0.39308,367.18404,0.43057
367.26547,0.96821,367.26547,0.45008,367.26547,0.39305,367.26547,0.43167
367.34694,0.96331,367.34694,0.44985,367.34694,0.39305,367.34694,0.43281
367.42844,0.95536,367.42844,0.44964,367.42844,0.39307,367.42844,0.43401
367.50999,0.94483,367.50999,0.44946,367.50999,0.39311,367.50999,0.43526
367.59156,0.93218,367.59156,0.44931,367.59156,0.39318,367.59156,0.43655
367.67318,0.91783,367.67318,0.44918,367.67318,0.39327,367.67318,0.43791
367.75483,0.90219,367.75483,0.44908,367.75483,0.39339,367.75483,0.43931
367.83652,0.88563,367.83652,0.449,367.83652,0.39354,367.83652,0.44077
367.91824,0.86846,367.91824,0.44896,367.91824,0.3937,367.91824,0.44229
368,0.85097,368,0.44893,368,0.3939,368,0.44386
368.0818,0.83338,368.0818,0.44894,368.0818,0.39412,368.0818,0.44549
368.16363,0.81587,368.16363,0.44897,368.16363,0.39436,368.16363,0.44718
368.2455,0.7986,368.2455,0.44903,368.2455,0.39464,368.2455,0.44894
368.3274,0.78168,368.3274,0.44911,368.3274,0.39493,368.3274,0.45075
368.40934,0.76521,368.40934,0.44923,368.40934,0.39526,368.40934,0.45264
368.49132,0.74924,368.49132,0.44937,368.49132,0.39561,368.49132,0.45458
368.57334,0.73384,368.57334,0.44953,368.57334,0.39599,368.57334,0.4566
368.65539,0.71902,368.65539,0.44973,368.65539,0.3964,368.65539,0.45868
368.73747,0.70481,368.73747,0.44995,368.73747,0.39684,368.73747,0.46083
368.8196,0.69121,368.8196,0.45021,368.8196,0.3973,368.8196,0.46306
368.90176,0.67823,368.90176,0.45049,368.90176,0.3978,368.90176,0.46536
368.98396,0.66585,368.98396,0.4508,368.98396,0.39832,368.98396,0.46774
369.06619,0.65407,369.06619,0.45114,369.06619,0.39888,369.06619,0.47019
369.14846,0.64287,369.14846,0.4515,369.14846,0.39946,369.14846,0.47272
369.23077,0.63223,369.23077,0.4519,369.23077,0.40008,369.23077,0.47534
369.31311,0.62213,369.31311,0.45233,369.31311,0.40072,369.31311,0.47804
369.39549,0.61256,369.39549,0.45278,369.39549,0.4014,369.39549,0.48082
369.47791,0.6035,369.47791,0.45327,369.47791,0.40212,369.47791,0.48369
369.56037,0.59492,369.56037,0.45379,369.56037,0.40286,369.56037,0.48665
369.64286,0.5868,369.64286,0.45434,369.64286,0.40364,369.64286,0.48971
369.72539,0.57913,369.72539,0.45492,369.72539,0.40445,369.72539,0.49285
369.80795,0.57189,369.80795,0.45553,369.80795,0.4053,369.80795,0.4961
369.89055,0.56505,369.89055,0.45617,369.89055,0.40618,369.89055,0.49944
369.97319,0.55861,369.97319,0.45685,369.97319,0.4071,369.97319,0.50289
370.05587,0.55254,370.05587,0.45755,370.05587,0.40805,370.05587,0.50644
370.13858,0.54683,370.13858,0.45829,370.13858,0.40904,370.13858,0.51009
370.22133,0.54146,370.22133,0.45907,370.22133,0.41007,370.22133,0.51386
370.30411,0.53642,370.30411,0.45988,370.30411,0.41114,370.30411,0.51774
370.38694,0.5317,370.38694,0.46072,370.38694,0.41225,370.38694,0.52173
370.4698,0.52728,370.4698,0.4616,370.4698,0.4134,370.4698,0.52584
370.5527,0.52316,370.5527,0.46251,370.5527,0.41459,370.5527,0.53006
370.63563,0.51932,370.63563,0.46345,370.63563,0.41582,370.63563,0.53441
370.7186,0.51575,370.7186,0.46444,370.7186,0.41709,370.7186,0.53889
370.80161,0.51244,370.80161,0.46546,370.80161,0.41841,370.80161,0.5435
370.88466,0.50939,370.88466,0.46651,370.88466,0.41977,370.88466,0.54823
370.96774,0.50658,370.96774,0.46761,370.96774,0.42117,370.96774,0.5531
371.05086,0.50402,371.05086,0.46874,371.05086,0.42263,371.05086,0.55811
371.13402,0.50169,371.13402,0.46991,371.13402,0.42413,371.13402,0.56325
371.21722,0.49959,371.21722,0.47112,371.21722,0.42567,371.21722,0.56854
371.30045,0.49771,371.30045,0.47237,371.30045,0.42727,371.30045,0.57397
371.38372,0.49605,371.38372,0.47366,371.38372,0.42892,371.38372,0.57955
371.46703,0.49461,371.46703,0.47499,371.46703,0.43061,371.46703,0.58528
371.55037,0.49337,371.55037,0.47637,371.55037,0.43237,371.55037,0.59116
371.63375,0.49234,371.63375,0.47778,371.63375,0.43417,371.63375,0.5972
371.71717,0.49152,371.71717,0.47924,371.71717,0.43603,371.71717,0.60339
371.80063,0.49091,371.80063,0.48074,371.80063,0.43794,371.80063,0.60974
371.88412,0.49049,371.88412,0.48228,371.88412,0.43991,371.88412,0.61625
371.96765,0.49027,371.96765,0.48387,371.96765,0.44195,371.96765,0.62293
372.05122,0.49026,372.05122,0.48551,372.05122,0.44404,372.05122,0.62976
372.13483,0.49044,372.13483,0.48719,372.13483,0.44619,372.13483,0.63676
372.21848,0.49082,372.21848,0.48892,372.21848,0.4484,372.21848,0.64393
372.30216,0.4914,372.30216,0.49069,372.30216,0.45068,372.30216,0.65126
372.38588,0.49219,372.38588,0.49251,372.38588,0.45302,372.38588,0.65875
372.46964,0.49317,372.46964,0.49439,372.46964,0.45543,372.46964,0.66641
372.55343,0.49436,372.55343,0.49631,372.55343,0.45791,372.55343,0.67423
372.63726,0.49576,372.63726,0.49829,372.63726,0.46046,372.63726,0.68221
372.72113,0.49736,372.72113,0.50031,372.72113,0.46308,372.72113,0.69034
372.80504,0.49918,372.80504,0.50239,372.80504,0.46578,372.80504,0.69863
372.88899,0.50121,372.88899,0.50452,372.88899,0.46855,372.88899,0.70707
372.97297,0.50346,372.97297,0.50671,372.97297,0.4714,372.97297,0.71566
373.05699,0.50593,373.05699,0.50895,373.05699,0.47432,373.05699,0.72438
373.14105,0.50863,373.14105,0.51124,373.14105,0.47733,373.14105,0.73324
373.22515,0.51156,373.22515,0.5136,373.22515,0.48042,373.22515,0.74222
373.30929,0.51472,373.30929,0.51601,373.30929,0.4836,373.30929,0.75131
373.39346,0.51813,373.39346,0.51848,373.39346,0.48686,373.39346,0.7605
373.47767,0.52179,373.47767,0.52101,373.47767,0.49021,373.47767,0.76979
373.56192,0.5257,373.56192,0.5236,373.56192,0.49365,373.56192,0.77915
373.64621,0.52988,373.64621,0.52625,373.64621,0.49718,373.64621,0.78858
373.73053,0.53432,373.73053,0.52897,373.73053,0.50081,373.73053,0.79805
373.8149,0.53903,373.8149,0.53175,373.8149,0.50453,373.8149,0.80755
373.8993,0.54403,373.8993,0.53459,373.8993,0.50836,373.8993,0.81706
373.98374,0.54932,373.98374,0.5375,373.98374,0.51228,373.98374,0.82655
374.06822,0.5549,374.06822,0.54048,374.06822,0.51631,374.06822,0.83601
374.15273,0.56079,374.15273,0.54352,374.15273,0.52045,374.15273,0.8454
374.23729,0.56699,374.23729,0.54663,374.23729,0.52469,374.23729,0.85471
374.32188,0.57352,374.32188,0.54981,374.32188,0.52905,374.32188,0.8639
374.40651,0.58037,374.40651,0.55307,374.40651,0.53352,374.40651,0.87295
374.49118,0.58756,374.49118,0.55639,374.49118,0.5381,374.49118,0.88182
374.57589,0.59509,374.57589,0.55979,374.57589,0.54281,374.57589,0.89048
374.66063,0.60297,374.66063,0.56326,374.66063,0.54763,374.66063,0.89889
374.74542,0.61121,374.74542,0.56681,374.74542,0.55257,374.74542,0.90703
374.83024,0.61981,374.83024,0.57043,374.83024,0.55764,374.83024,0.91485
374.9151,0.62877,374.9151,0.57413,374.9151,0.56284,374.9151,0.92232
375,0.63811,375,0.5779,375,0.56817,375,0.9294
375.08494,0.64782,375.08494,0.58176,375.08494,0.57363,375.08494,0.93606
375.16991,0.6579,375.16991,0.58569,375.16991,0.57922,375.16991,0.94226
375.25493,0.66835,375.25493,0.58971,375.25493,0.58495,375.25493,0.94797
375.33998,0.67916,375.33998,0.5938,375.33998,0.59082,375.33998,0.95314
375.42507,0.69034,375.42507,0.59798,375.42507,0.59683,375.42507,0.95776
375.5102,0.70187,375.5102,0.60224,375.5102,0.60298,375.5102,0.96178
375.59537,0.71373,375.59537,0.60658,375.59537,0.60927,375.59537,0.96518
375.68058,0.7259,375.68058,0.61101,375.68058,0.61571,375.68058,0.96793
375.76583,0.73838,375.76583,0.61552,375.76583,0.6223,375.76583,0.97002
375.85111,0.75112,375.85111,0.62011,375.85111,0.62903,375.85111,0.97141
375.93644,0.7641,375.93644,0.62479,375.93644,0.63591,375.93644,0.9721
376.0218,0.77727,376.0218,0.62956,376.0218,0.64294,376.0218,0.97208
376.1072,0.7906,376.1072,0.63441,376.1072,0.65012,376.1072,0.97134
376.19264,0.80403,376.19264,0.63935,376.19264,0.65745,376.19264,0.96987
376.27812,0.8175,376.27812,0.64437,376.27812,0.66493,376.27812,0.96767
376.36364,0.83095,376.36364,0.64948,376.36364,0.67255,376.36364,0.96476
376.44919,0.84431,376.44919,0.65468,376.44919,0.68033,376.44919,0.96114
376.53479,0.85749,376.53479,0.65996,376.53479,0.68824,376.53479,0.95682
376.62042,0.87041,376.62042,0.66532,376.62042,0.6963,376.62042,0.95183
376.7061,0.88298,376.7061,0.67077,376.7061,0.7045,376.7061,0.94619
376.79181,0.89509,376.79181,0.6763,376.79181,0.71283,376.79181,0.93992
376.87756,0.90666,376.87756,0.68191,376.87756,0.7213,376.87756,0.93305
376.96335,0.91757,376.96335,0.6876,376.96335,0.72989,376.96335,0.92562
377.04918,0.92772,377.04918,0.69337,377.04918,0.73861,377.04918,0.91765
377.13505,0.937,377.13505,0.69921,377.13505,0.74744,377.13505,0.90919
377.22096,0.94532,377.22096,0.70513,377.22096,0.75637,377.22096,0.90027
377.3069,0.95258,377.3069,0.71112,377.3069,0.7654,377.3069,0.89094
377.39289,0.95868,377.39289,0.71718,377.39289,0.77453,377.39289,0.88122
377.47891,0.96356,377.47891,0.72331,377.47891,0.78373,377.47891,0.87117
377.56498,0.96714,377.56498,0.7295,377.56498,0.79299,377.56498,0.86082
377.65108,0.96937,377.65108,0.73575,377.65108,0.80232,377.65108,0.85021
377.73723,0.97021,377.73723,0.74206,377.73723,0.81168,377.73723,0.83938
377.82341,0.96964,377.82341,0.74842,377.82341,0.82106,377.82341,0.82837
377.90963,0.96765,377.90963,0.75482,377.90963,0.83045,377.90963,0.81722
377.99589,0.96426,377.99589,0.76127,377.99589,0.83984,377.99589,0.80596
378.08219,0.95949,378.08219,0.76775,378.08219,0.84919,378.08219,0.79463
378.16853,0.95339,378.16853,0.77426,378.16853,0.85849,378.16853,0.78326
378.25491,0.94603,378.25491,0.7808,378.25491,0.86772,378.25491,0.77187
378.34133,0.93746,378.34133,0.78735,378.34133,0.87685,378.34133,0.7605
378.42779,0.92778,378.42779,0.79391,378.42779,0.88587,378.42779,0.74918
378.51429,0.91709,378.51429,0.80047,378.51429,0.89474,378.51429,0.73792
378.60082,0.90547,378.60082,0.80703,378.60082,0.90343,378.60082,0.72675
378.6874,0.89304,378.6874,0.81357,378.6874,0.91193,378.6874,0.71569
378.77402,0.8799,378.77402,0.82008,378.77402,0.9202,378.77402,0.70476
378.86067,0.86616,378.86067,0.82656,378.86067,0.92821,378.86067,0.69398
378.94737,0.85193,378.94737,0.833,378.94737,0.93594,378.94737,0.68335
379.0341,0.8373,379.0341,0.83938,379.0341,0.94334,379.0341,0.6729
379.12088,0.82238,379.12088,0.84569,379.12088,0.9504,379.12088,0.66263
379.20769,0.80725,379.20769,0.85193,379.20769,0.95708,379.20769,0.65256
379.29455,0.792,379.29455,0.85807,379.29455,0.96335,379.29455,0.64269
379.38144,0.77671,379.38144,0.86411,379.38144,0.96918,379.38144,0.63303
379.46838,0.76145,379.46838,0.87004,379.46838,0.97454,379.46838,0.62359
379.55535,0.74628,379.55535,0.87584,379.55535,0.97941,379.55535,0.61437
379.64237,0.73126,379.64237,0.88149,379.64237,0.98375,379.64237,0.60537
379.72942,0.71643,379.72942,0.88698,379.72942,0.98755,379.72942,0.59661
379.81651,0.70185,379.81651,0.89231,379.81651,0.99078,379.81651,0.58807
379.90365,0.68753,379.90365,0.89745,379.90365,0.99342,379.90365,0.57976
379.99082,0.67353,379.99082,0.90239,379.99082,0.99546,379.99082,0.57168
380.07804,0.65985,380.07804,0.90712,380.07804,0.99687,380.07804,0.56383
380.16529,0.64652,380.16529,0.91162,380.16529,0.99764,380.16529,0.55622
380.25258,0.63355,380.25258,0.91588,380.25258,0.99777,380.25258,0.54883
380.33992,0.62095,380.33992,0.91988,380.33992,0.99725,380.33992,0.54168
380.42729,0.60873,380.42729,0.92361,380.42729,0.99607,380.42729,0.53474
380.51471,0.5969,380.51471,0.92706,380.51471,0.99425,380.51471,0.52804
380.60216,0.58546,380.60216,0.93021,380.60216,0.99177,380.60216,0.52155
380.68966,0.57439,380.68966,0.93305,380.68966,0.98865,380.68966,0.51528
380.77719,0.56371,380.77719,0.93557,380.77719,0.98489,380.77719,0.50923
380.86477,0.55341,380.86477,0.93776,380.86477,0.98052,380.86477,0.5034
380.95238,0.54348,380.95238,0.9396,380.95238,0.97555,380.95238,0.49777
381.04004,0.53391,381.04004,0.9411,381.04004,0.97,381.04004,0.49235
381.12773,0.5247,381.12773,0.94223,381.12773,0.96388,381.12773,0.48713
381.21547,0.51584,381.21547,0.94299,381.21547,0.95723,381.21547,0.48212
381.30325,0.50732,381.30325,0.94338,381.30325,0.95008,381.30325,0.4773
381.39106,0.49913,381.39106,0.94338,381.39106,0.94244,381.39106,0.47268
381.47892,0.49127,381.47892,0.943,381.47892,0.93436,381.47892,0.46825
381.56682,0.48371,381.56682,0.94224,381.56682,0.92586,381.56682,0.46401
381.65476,0.47646,381.65476,0.94108,381.65476,0.91697,381.65476,0.45996
381.74274,0.4695,381.74274,0.93954,381.74274,0.90773,381.74274,0.45609
381.83076,0.46282,381.83076,0.9376,381.83076,0.89817,381.83076,0.4524
381.91882,0.45641,381.91882,0.93528,381.91882,0.88833,381.91882,0.44889
382.00692,0.45028,382.00692,0.93257,382.00692,0.87823,382.00692,0.44556
382.09506,0.44439,382.09506,0.92949,382.09506,0.86792,382.09506,0.4424
382.18324,0.43876,382.18324,0.92603,382.18324,0.85742,382.18324,0.43941
382.27147,0.43336,382.27147,0.92221,382.27147,0.84676,382.27147,0.43659
382.35973,0.4282,382.35973,0.91803,382.35973,0.83598,382.35973,0.43394
382.44804,0.42325,382.44804,0.9135,382.44804,0.82511,382.44804,0.43145
382.53638,0.41853,382.53638,0.90864,382.53638,0.81417,382.53638,0.42913
382.62477,0.41401,382.62477,0.90346,382.62477,0.80319,382.62477,0.42698
382.7132,0.4097,382.7132,0.89797,382.7132,0.79219,382.7132,0.42499
382.80166,0.40558,382.80166,0.89217,382.80166,0.7812,382.80166,0.42316
382.89017,0.40165,382.89017,0.8861,382.89017,0.77025,382.89017,0.42149
382.97872,0.39791,382.97872,0.87975,382.97872,0.75934,382.97872,0.41999
383.06731,0.39434,383.06731,0.87316,383.06731,0.74851,383.06731,0.41864
383.15595,0.39095,383.15595,0.86633,383.15595,0.73777,383.15595,0.41746
383.24462,0.38773,383.24462,0.85927,383.24462,0.72713,383.24462,0.41643
383.33333,0.38467,383.33333,0.85202,383.33333,0.71662,383.33333,0.41557
383.42209,0.38178,383.42209,0.84458,383.42209,0.70624,383.42209,0.41487
383.51088,0.37904,383.51088,0.83697,383.51088,0.696,383.51088,0.41434
383.59972,0.37646,383.59972,0.8292,383.59972,0.68592,383.59972,0.41397
383.6886,0.37403,383.6886,0.82131,383.6886,0.67601,383.6886,0.41377
383.77752,0.37174,383.77752,0.81329,383.77752,0.66628,383.77752,0.41373
383.86648,0.36961,383.86648,0.80517,383.86648,0.65672,383.86648,0.41387
383.95548,0.36761,383.95548,0.79697,383.95548,0.64736,383.95548,0.41417
384.04453,0.36576,384.04453,0.78869,384.04453,0.63819,384.04453,0.41465
384.13361,0.36405,384.13361,0.78037,384.13361,0.62921,384.13361,0.41531
384.22274,0.36249,384.22274,0.772,384.22274,0.62044,384.22274,0.41615
384.31191,0.36106,384.31191,0.76361,384.31191,0.61188,384.31191,0.41718
384.40111,0.35977,384.40111,0.75521,384.40111,0.60352,384.40111,0.41839
384.49036,0.35862,384.49036,0.74682,384.49036,0.59538,384.49036,0.4198
384.57966,0.35761,384.57966,0.73844,384.57966,0.58744,384.57966,0.4214
384.66899,0.35674,384.66899,0.73009,384.66899,0.57971,384.66899,0.42321
384.75836,0.35602,384.75836,0.72178,384.75836,0.5722,384.75836,0.42522
384.84778,0.35544,384.84778,0.71353,384.84778,0.5649,384.84778,0.42744
384.93724,0.355,384.93724,0.70534,384.93724,0.5578,384.93724,0.42988
385.02674,0.35472,385.02674,0.69722,385.02674,0.55092,385.02674,0.43255
385.11628,0.35458,385.11628,0.68919,385.11628,0.54425,385.11628,0.43545
385.20586,0.35461,385.20586,0.68124,385.20586,0.53778,385.20586,0.43859
385.29549,0.35479,385.29549,0.6734,385.29549,0.53152,385.29549,0.44198
385.38515,0.35514,385.38515,0.66567,385.38515,0.52546,385.38515,0.44562
385.47486,0.35566,385.47486,0.65805,385.47486,0.5196,385.47486,0.44952
385.56461,0.35636,385.56461,0.65055,385.56461,0.51395,385.56461,0.4537
385.6544,0.35725,385.6544,0.64318,385.6544,0.50849,385.6544,0.45815
385.74423,0.35833,385.74423,0.63595,385.74423,0.50323,385.74423,0.4629
385.83411,0.35961,385.83411,0.62886,385.83411,0.49816,385.83411,0.46795
385.92403,0.36111,385.92403,0.62191,385.92403,0.49329,385.92403,0.47331
386.01399,0.36282,386.01399,0.61511,386.01399,0.4886,386.01399,0.479
386.10399,0.36478,386.10399,0.60847,386.10399,0.48411,386.10399,0.48502
386.19403,0.36699,386.19403,0.60198,386.19403,0.4798,386.19403,0.49138
386.28411,0.36946,386.28411,0.59565,386.28411,0.47567,386.28411,0.4981
386.37424,0.37222,386.37424,0.58949,386.37424,0.47173,386.37424,0.50519
386.46441,0.37529,386.46441,0.5835,386.46441,0.46797,386.46441,0.51266
386.55462,0.37867,386.55462,0.57767,386.55462,0.46439,386.55462,0.52053
386.64488,0.38241,386.64488,0.57202,386.64488,0.46099,386.64488,0.5288
386.73517,0.38652,386.73517,0.56654,386.73517,0.45777,386.73517,0.53749
386.82551,0.39104,386.82551,0.56124,386.82551,0.45472,386.82551,0.5466
386.91589,0.39599,386.91589,0.55612,386.91589,0.45185,386.91589,0.55616
387.00631,0.40141,387.00631,0.55118,387.00631,0.44915,387.00631,0.56616
387.09677,0.40735,387.09677,0.54642,387.09677,0.44663,387.09677,0.57662
387.18728,0.41384,387.18728,0.54185,387.18728,0.44428,387.18728,0.58755
387.27783,0.42094,387.27783,0.53746,387.27783,0.44211,387.27783,0.59895
387.36842,0.4287,387.36842,0.53326,387.36842,0.44011,387.36842,0.61082
387.45905,0.43718,387.45905,0.52925,387.45905,0.43829,387.45905,0.62317
387.54973,0.44645,387.54973,0.52543,387.54973,0.43664,387.54973,0.63599
387.64045,0.45658,387.64045,0.5218,387.64045,0.43517,387.64045,0.64929
387.73121,0.46764,387.73121,0.51836,387.73121,0.43387,387.73121,0.66304
387.82201,0.47974,387.82201,0.51512,387.82201,0.43276,387.82201,0.67724
387.91286,0.49295,387.91286,0.51208,387.91286,0.43182,387.91286,0.69187
388.00375,0.50739,388.00375,0.50924,388.00375,0.43107,388.00375,0.7069
388.09468,0.52317,388.09468,0.50659,388.09468,0.4305,388.09468,0.7223
388.18565,0.54038,388.18565,0.50415,388.18565,0.43012,388.18565,0.73804
388.27667,0.55916,388.27667,0.50191,388.27667,0.42992,388.27667,0.75407
388.36773,0.57962,388.36773,0.49988,388.36773,0.42992,388.36773,0.77033
388.45883,0.60185,388.45883,0.49806,388.45883,0.43012,388.45883,0.78676
388.54998,0.62595,388.54998,0.49644,388.54998,0.43052,388.54998,0.8033
388.64116,0.65198,388.64116,0.49504,388.64116,0.43112,388.64116,0.81985
388.73239,0.67995,388.73239,0.49386,388.73239,0.43194,388.73239,0.83633
388.82367,0.7098,388.82367,0.49289,388.82367,0.43296,388.82367,0.85263
388.91498,0.74139,388.91498,0.49215,388.91498,0.43421,388.91498,0.86866
389.00634,0.77444,389.00634,0.49163,389.00634,0.43569,389.00634,0.8843
389.09774,0.8085,389.09774,0.49134,389.09774,0.4374,389.09774,0.89942
389.18919,0.84296,389.18919,0.49128,389.18919,0.43935,389.18919,0.9139
389.28068,0.87693,389.28068,0.49146,389.28068,0.44155,389.28068,0.92762
389.37221,0.90934,389.37221,0.49187,389.37221,0.444,389.37221,0.94044
389.46378,0.93889,389.46378,0.49253,389.46378,0.44672,389.46378,0.95224
389.5554,0.96412,389.5554,0.49344,389.5554,0.44972,389.5554,0.9629
389.64706,0.98356,389.64706,0.4946,389.64706,0.453,389.64706,0.9723
389.73876,0.99586,389.73876,0.49601,389.73876,0.45657,389.73876,0.98035
389.83051,0.99998,389.83051,0.49769,389.83051,0.46045,389.83051,0.98695
389.9223,0.99535,389.9223,0.49964,389.9223,0.46465,389.9223,0.99203
390.01413,0.98195,390.01413,0.50185,390.01413,0.46918,390.01413,0.99555
390.10601,0.96038,390.10601,0.50435,390.10601,0.47405,390.10601,0.99745
390.19793,0.93171,390.19793,0.50712,390.19793,0.47927,390.19793,0.99773
390.28989,0.8974,390.28989,0.51019,390.28989,0.48487,390.28989,0.9964
390.3819,0.85905,390.3819,0.51355,390.3819,0.49086,390.3819,0.99347
390.47394,0.81825,390.47394,0.51721,390.47394,0.49724,390.47394,0.989
390.56604,0.77643,390.56604,0.52117,390.56604,0.50404,390.56604,0.98304
390.65817,0.73481,390.65817,0.52545,390.65817,0.51127,390.65817,0.97568
390.75035,0.69431,390.75035,0.53004,390.75035,0.51895,390.75035,0.967
390.84258,0.65559,390.84258,0.53496,390.84258,0.52709,390.84258,0.95711
390.93484,0.61909,390.93484,0.5402,390.93484,0.53572,390.93484,0.94612
391.02715,0.58503,391.02715,0.54578,391.02715,0.54484,391.02715,0.93414
391.11951,0.55353,391.11951,0.55169,391.11951,0.55448,391.11951,0.9213
391.21191,0.52456,391.21191,0.55795,391.21191,0.56465,391.21191,0.9077
391.30435,0.49804,391.30435,0.56455,391.30435,0.57535,391.30435,0.89348
391.39683,0.47384,391.39683,0.5715,391.39683,0.58661,391.39683,0.87874
391.48936,0.4518,391.48936,0.5788,391.48936,0.59844,391.48936,0.8636
391.58193,0.43176,391.58193,0.58646,391.58193,0.61084,391.58193,0.84815
391.67455,0.41354,391.67455,0.59447,391.67455,0.62381,391.67455,0.83249
391.76721,0.39698,391.76721,0.60283,391.76721,0.63737,391.76721,0.8167
391.85991,0.38193,391.85991,0.61154,391.85991,0.6515,391.85991,0.80087
391.95266,0.36823,391.95266,0.6206,391.95266,0.66619,391.95266,0.78507
392.04545,0.35576,392.04545,0.62999,392.04545,0.68144,392.04545,0.76936
392.13829,0.34439,392.13829,0.63973,392.13829,0.69722,392.13829,0.7538
392.23117,0.33401,392.23117,0.64979,392.23117,0.71349,392.23117,0.73843
392.32409,0.32452,392.32409,0.66016,392.32409,0.73022,392.32409,0.7233
392.41706,0.31583,392.41706,0.67083,392.41706,0.74736,392.41706,0.70843
392.51007,0.30787,392.51007,0.68179,392.51007,0.76483,392.51007,0.69387
392.60313,0.30056,392.60313,0.69301,392.60313,0.78258,392.60313,0.67962
392.69623,0.29384,392.69623,0.70447,392.69623,0.8005,392.69623,0.66572
392.78937,0.28764,392.78937,0.71615,392.78937,0.8185,392.78937,0.65216
392.88256,0.28193,392.88256,0.72802,392.88256,0.83646,392.88256,0.63897
392.97579,0.27666,392.97579,0.74005,392.97579,0.85425,392.97579,0.62615
393.06907,0.27177,393.06907,0.75219,393.06907,0.87172,393.06907,0.61369
393.16239,0.26725,393.16239,0.76442,393.16239,0.88873,393.16239,0.60162
393.25576,0.26306,393.25576,0.77669,393.25576,0.9051,393.25576,0.58991
393.34917,0.25916,393.34917,0.78896,393.34917,0.92067,393.34917,0.57857
393.44262,0.25553,393.44262,0.80117,393.44262,0.93527,393.44262,0.56759
393.53612,0.25215,393.53612,0.81328,393.53612,0.94871,393.53612,0.55698
393.62966,0.249,393.62966,0.82523,393.62966,0.96083,393.62966,0.54671
393.72325,0.24606,393.72325,0.83697,393.72325,0.97147,393.72325,0.53679
393.81688,0.24331,393.81688,0.84845,393.81688,0.98049,393.81688,0.5272
393.91056,0.24073,393.91056,0.8596,393.91056,0.98775,393.91056,0.51794
394.00428,0.23832,394.00428,0.87036,394.00428,0.99317,394.00428,0.509
394.09805,0.23606,394.09805,0.88069,394.09805,0.99666,394.09805,0.50036
394.19186,0.23393,394.19186,0.89051,394.19186,0.99817,394.19186,0.49202
394.28571,0.23194,394.28571,0.89978,394.28571,0.9977,394.28571,0.48397
394.37961,0.23006,394.37961,0.90845,394.37961,0.99526,394.37961,0.47619
394.47356,0.22829,394.47356,0.91646,394.47356,0.99089,394.47356,0.46869
394.56755,0.22662,394.56755,0.92377,394.56755,0.98467,394.56755,0.46144
394.66158,0.22505,394.66158,0.93034,394.66158,0.97669,394.66158,0.45444
394.75566,0.22357,394.75566,0.93614,394.75566,0.96708,394.75566,0.44769
394.84979,0.22217,394.84979,0.94112,394.84979,0.95597,394.84979,0.44117
394.94395,0.22085,394.94395,0.94528,394.94395,0.94352,394.94395,0.43487
395.03817,0.2196,395.03817,0.94859,395.03817,0.92989,395.03817,0.42878
395.13243,0.21842,395.13243,0.95103,395.13243,0.91523,395.13243,0.4229
395.22673,0.2173,395.22673,0.95262,395.22673,0.89972,395.22673,0.41722
395.32108,0.21624,395.32108,0.95334,395.32108,0.88351,395.32108,0.41173
395.41547,0.21523,395.41547,0.95322,395.41547,0.86675,395.41547,0.40643
395.50991,0.21428,395.50991,0.95225,395.50991,0.84959,395.50991,0.4013
395.6044,0.21338,395.6044,0.95047,395.6044,0.83215,395.6044,0.39634
395.69892,0.21253,395.69892,0.94789,395.69892,0.81457,395.69892,0.39155
395.7935,0.21172,395.7935,0.94456,395.7935,0.79694,395.7935,0.38691
395.88812,0.21095,395.88812,0.94049,395.88812,0.77937,395.88812,0.38242
395.98278,0.21023,395.98278,0.93574,395.98278,0.76194,395.98278,0.37808
396.07749,0.20954,396.07749,0.93034,396.07749,0.74472,396.07749,0.37388
396.17225,0.20888,396.17225,0.92433,396.17225,0.72778,396.17225,0.36981
396.26705,0.20826,396.26705,0.91776,396.26705,0.71115,396.26705,0.36587
396.3619,0.20768,396.3619,0.91068,396.3619,0.69489,396.3619,0.36205
396.45679,0.20712,396.45679,0.90312,396.45679,0.67903,396.45679,0.35836
396.55172,0.2066,396.55172,0.89514,396.55172,0.66358,396.55172,0.35478
396.64671,0.2061,396.64671,0.88678,396.64671,0.64858,396.64671,0.35131
396.74173,0.20563,396.74173,0.87809,396.74173,0.63403,396.74173,0.34795
396.83681,0.20519,396.83681,0.8691,396.83681,0.61994,396.83681,0.34469
396.93193,0.20477,396.93193,0.85987,396.93193,0.60631,396.93193,0.34153
397.02709,0.20437,397.02709,0.85042,397.02709,0.59314,397.02709,0.33847
397.1223,0.204,397.1223,0.8408,397.1223,0.58043,397.1223,0.3355
397.21756,0.20365,397.21756,0.83104,397.21756,0.56817,397.21756,0.33263
397.31286,0.20332,397.31286,0.82117,397.31286,0.55636,397.31286,0.32984
397.40821,0.20301,397.40821,0.81124,397.40821,0.54498,397.40821,0.32714
397.5036,0.20273,397.5036,0.80125,397.5036,0.53403,397.5036,0.32453
397.59904,0.20246,397.59904,0.79125,397.59904,0.52349,397.59904,0.32201
397.69452,0.20221,397.69452,0.78126,397.69452,0.51335,397.69452,0.31957
397.79006,0.20198,397.79006,0.77129,397.79006,0.50359,397.79006,0.31722
397.88563,0.20177,397.88563,0.76137,397.88563,0.49421,397.88563,0.31493
397.98125,0.20157,397.98125,0.75151,397.98125,0.48518,397.98125,0.31265
398.07692,0.20139,398.07692,0.74174,398.07692,0.47651,398.07692,0.31032
398.17264,0.20123,398.17264,0.73206,398.17264,0.46816,398.17264,0.30795
398.2684,0.20109,398.2684,0.72249,398.2684,0.46014,398.2684,0.30566
398.3642,0.20096,398.3642,0.71304,398.3642,0.45242,398.3642,0.3035
398.46006,0.20084,398.46006,0.70371,398.46006,0.445,398.46006,0.30145
398.55596,0.20074,398.55596,0.69453,398.55596,0.43786,398.55596,0.29948
398.6519,0.20066,398.6519,0.68548,398.6519,0.43099,398.6519,0.29758
398.74789,0.20059,398.74789,0.67659,398.74789,0.42437,398.74789,0.29574
398.84393,0.20054,398.84393,0.66785,398.84393,0.41801,398.84393,0.29395
398.94001,0.2005,398.94001,0.65927,398.94001,0.41188,398.94001,0.2922
399.03614,0.20047,399.03614,0.65084,399.03614,0.40598,399.03614,0.29051
399.13232,0.20046,399.13232,0.64258,399.13232,0.4003,399.13232,0.28886
399.22854,0.20046,399.22854,0.63449,399.22854,0.39483,399.22854,0.28725
399.32481,0.20047,399.32481,0.62656,399.32481,0.38955,399.32481,0.28568
399.42113,0.2005,399.42113,0.61879,399.42113,0.38446,399.42113,0.28416
399.51749,0.20054,399.51749,0.61119,399.51749,0.37956,399.51749,0.28267
399.6139,0.2006,399.6139,0.60376,399.6139,0.37483,399.6139,0.28122
399.71035,0.20067,399.71035,0.59648,399.71035,0.37026,399.71035,0.27981
399.80686,0.20075,399.80686,0.58937,399.80686,0.36586,399.80686,0.27843
399.9034,0.20085,399.9034,0.58242,399.9034,0.36161,399.9034,0.27709
400,0.20096,400,0.57562,400,0.3575,400,0.27579
400.09664,0.20108,400.09664,0.56898,400.09664,0.35354,400.09664,0.27451
400.19333,0.20121,400.19333,0.5625,400.19333,0.3497,400.19333,0.27327
400.29007,0.20136,400.29007,0.55616,400.29007,0.346,400.29007,0.27206
400.38685,0.20153,400.38685,0.54998,400.38685,0.34242,400.38685,0.27087
400.48368,0.2017,400.48368,0.54393,400.48368,0.33896,400.48368,0.26972
400.58055,0.20189,400.58055,0.53804,400.58055,0.33561,400.58055,0.2686
400.67747,0.20209,400.67747,0.53228,400.67747,0.33237,400.67747,0.2675
400.77444,0.20231,400.77444,0.52666,400.77444,0.32923,400.77444,0.26644
400.87146,0.20254,400.87146,0.52117,400.87146,0.32619,400.87146,0.2654
400.96852,0.20279,400.96852,0.51581,400.96852,0.32325,400.96852,0.26438
401.06563,0.20304,401.06563,0.51058,401.06563,0.3204,401.06563,0.26339
401.16279,0.20332,401.16279,0.50548,401.16279,0.31764,401.16279,0.26243
401.26,0.2036,401.26,0.5005,401.26,0.31497,401.26,0.26148
401.35725,0.20391,401.35725,0.49564,401.35725,0.31237,401.35725,0.26057
401.45455,0.20422,401.45455,0.49089,401.45455,0.30986,401.45455,0.25967
401.55189,0.20455,401.55189,0.48626,401.55189,0.30742,401.55189,0.2588
401.64928,0.2049,401.64928,0.48174,401.64928,0.30505,401.64928,0.25795
401.74672,0.20526,401.74672,0.47732,401.74672,0.30276,401.74672,0.25712
401.84421,0.20564,401.84421,0.47301,401.84421,0.30053,401.84421,0.25632
401.94175,0.20603,401.94175,0.46881,401.94175,0.29837,401.94175,0.25553
402.03933,0.20644,402.03933,0.4647,402.03933,0.29627,402.03933,0.25476
402.13696,0.20687,402.13696,0.4607,402.13696,0.29423,402.13696,0.25402
402.23464,0.20731,402.23464,0.45678,402.23464,0.29224,402.23464,0.25329
402.33236,0.20777,402.33236,0.45296,402.33236,0.29032,402.33236,0.25258
402.43013,0.20824,402.43013,0.44923,402.43013,0.28845,402.43013,0.25189
402.52795,0.20874,402.52795,0.44559,402.52795,0.28663,402.52795,0.25122
402.62582,0.20925,402.62582,0.44203,402.62582,0.28486,402.62582,0.25057
402.72374,0.20978,402.72374,0.43856,402.72374,0.28314,402.72374,0.24993
402.8217,0.21033,402.8217,0.43517,402.8217,0.28147,402.8217,0.24931
402.91971,0.2109,402.91971,0.43186,402.91971,0.27985,402.91971,0.24871
403.01777,0.21148,403.01777,0.42862,403.01777,0.27826,403.01777,0.24812
403.11587,0.21209,403.11587,0.42546,403.11587,0.27673,403.11587,0.24756
403.21402,0.21272,403.21402,0.42237,403.21402,0.27523,403.21402,0.247
403.31223,0.21337,403.31223,0.41936,403.31223,0.27377,403.31223,0.24647
403.41048,0.21404,403.41048,0.41641,403.41048,0.27235,403.41048,0.24594
403.50877,0.21473,403.50877,0.41353,403.50877,0.27097,403.50877,0.24544
403.60712,0.21544,403.60712,0.41072,403.60712,0.26963,403.60712,0.24495
403.70551,0.21618,403.70551,0.40797,403.70551,0.26832,403.70551,0.24447
403.80395,0.21694,403.80395,0.40529,403.80395,0.26705,403.80395,0.24401
403.90244,0.21773,403.90244,0.40266,403.90244,0.26581,403.90244,0.24357
404.00098,0.21854,404.00098,0.4001,404.00098,0.2646,404.00098,0.24313
404.09956,0.21937,404.09956,0.39759,404.09956,0.26342,404.09956,0.24272
404.19819,0.22023,404.19819,0.39514,404.19819,0.26228,404.19819,0.24231
404.29688,0.22112,404.29688,0.39275,404.29688,0.26116,404.29688,0.24192
404.3956,0.22204,404.3956,0.39041,404.3956,0.26007,404.3956,0.24154
404.49438,0.22298,404.49438,0.38812,404.49438,0.25901,404.49438,0.24118
404.59321,0.22396,404.59321,0.38589,404.59321,0.25798,404.59321,0.24083
404.69208,0.22496,404.69208,0.3837,404.69208,0.25698,404.69208,0.2405
404.791,0.226,404.791,0.38157,404.791,0.256,404.791,0.24017
404.88998,0.22706,404.88998,0.37948,404.88998,0.25504,404.88998,0.23986
404.98899,0.22816,404.98899,0.37744,404.98899,0.25411,404.98899,0.23956
405.08806,0.2293,405.08806,0.37544,405.08806,0.25321,405.08806,0.23928
405.18718,0.23047,405.18718,0.37349,405.18718,0.25233,405.18718,0.23901
405.28634,0.23167,405.28634,0.37158,405.28634,0.25147,405.28634,0.23875
405.38556,0.23291,405.38556,0.36972,405.38556,0.25063,405.38556,0.2385
405.48482,0.23419,405.48482,0.3679,405.48482,0.24982,405.48482,0.23826
405.58413,0.23551,405.58413,0.36611,405.58413,0.24903,405.58413,0.23804
405.68349,0.23687,405.68349,0.36437,405.68349,0.24825,405.68349,0.23783
405.7829,0.23827,405.7829,0.36267,405.7829,0.2475,405.7829,0.23763
405.88235,0.23971,405.88235,0.361,405.88235,0.24677,405.88235,0.23745
405.98186,0.2412,405.98186,0.35938,405.98186,0.24606,405.98186,0.23727
406.08141,0.24274,406.08141,0.35779,406.08141,0.24536,406.08141,0.23711
406.18102,0.24432,406.18102,0.35623,406.18102,0.24469,406.18102,0.23696
406.28067,0.24595,406.28067,0.35471,406.28067,0.24403,406.28067,0.23682
406.38037,0.24763,406.38037,0.35323,406.38037,0.2434,406.38037,0.23669
406.48012,0.24937,406.48012,0.35177,406.48012,0.24277,406.48012,0.23658
406.57992,0.25116,406.57992,0.35036,406.57992,0.24217,406.57992,0.23648
406.67976,0.25301,406.67976,0.34897,406.67976,0.24158,406.67976,0.23639
406.77966,0.25491,406.77966,0.34762,406.77966,0.24102,406.77966,0.23631
406.87961,0.25688,406.87961,0.34629,406.87961,0.24046,406.87961,0.23624
406.9796,0.25891,406.9796,0.345,406.9796,0.23992,406.9796,0.23618
407.07965,0.261,407.07965,0.34374,407.07965,0.2394,407.07965,0.23614
407.17974,0.26316,407.17974,0.3425,407.17974,0.2389,407.17974,0.23611
407.27988,0.26539,407.27988,0.3413,407.27988,0.23841,407.27988,0.23609
407.38007,0.26769,407.38007,0.34012,407.38007,0.23793,407.38007,0.23608
407.48031,0.27007,407.48031,0.33898,407.48031,0.23747,407.48031,0.23608
407.58061,0.27252,407.58061,0.33785,407.58061,0.23703,407.58061,0.2361
407.68095,0.27506,407.68095,0.33676,407.68095,0.23659,407.68095,0.23613
407.78133,0.27768,407.78133,0.33569,407.78133,0.23618,407.78133,0.23617
407.88177,0.28038,407.88177,0.33465,407.88177,0.23577,407.88177,0.23622
407.98226,0.28318,407.98226,0.33364,407.98226,0.23538,407.98226,0.23628
408.0828,0.28607,408.0828,0.33265,408.0828,0.23501,408.0828,0.23636
408.18339,0.28905,408.18339,0.33168,408.18339,0.23465,408.18339,0.23644
408.28402,0.29214,408.28402,0.33074,408.28402,0.2343,408.28402,0.23654
408.38471,0.29533,408.38471,0.32982,408.38471,0.23396,408.38471,0.23666
408.48545,0.29863,408.48545,0.32893,408.48545,0.23364,408.48545,0.23678
408.58623,0.30204,408.58623,0.32806,408.58623,0.23333,408.58623,0.23692
408.68707,0.30557,408.68707,0.32721,408.68707,0.23303,408.68707,0.23707
408.78795,0.30922,408.78795,0.32639,408.78795,0.23275,408.78795,0.23723
408.88889,0.313,408.88889,0.32558,408.88889,0.23248,408.88889,0.23741
408.98987,0.31691,408.98987,0.3248,408.98987,0.23222,408.98987,0.2376
409.09091,0.32096,409.09091,0.32405,409.09091,0.23197,409.09091,0.2378
409.19199,0.32515,409.19199,0.32331,409.19199,0.23174,409.19199,0.23801
409.29313,0.32948,409.29313,0.32259,409.29313,0.23152,409.29313,0.23824
409.39431,0.33397,409.39431,0.3219,409.39431,0.23131,409.39431,0.23848
409.49555,0.33862,409.49555,0.32122,409.49555,0.23111,409.49555,0.23874
409.59683,0.34344,409.59683,0.32057,409.59683,0.23093,409.59683,0.23901
409.69817,0.34843,409.69817,0.31994,409.69817,0.23075,409.69817,0.23929
409.79955,0.35359,409.79955,0.31933,409.79955,0.23059,409.79955,0.23959
409.90099,0.35895,409.90099,0.31873,409.90099,0.23044,409.90099,0.2399
410.00248,0.36449,410.00248,0.31816,410.00248,0.2303,410.00248,0.24022
410.10401,0.37024,410.10401,0.31761,410.10401,0.23018,410.10401,0.24056
410.2056,0.3762,410.2056,0.31707,410.2056,0.23006,410.2056,0.24092
410.30723,0.38237,410.30723,0.31656,410.30723,0.22996,410.30723,0.24129
410.40892,0.38877,410.40892,0.31606,410.40892,0.22987,410.40892,0.24167
410.51066,0.39539,410.51066,0.31558,410.51066,0.22979,410.51066,0.24207
410.61245,0.40226,410.61245,0.31512,410.61245,0.22972,410.61245,0.24248
410.71429,0.40938,410.71429,0.31468,410.71429,0.22967,410.71429,0.24292
410.81617,0.41676,410.81617,0.31426,410.81617,0.22962,410.81617,0.24336
410.91811,0.4244,410.91811,0.31386,410.91811,0.22959,410.91811,0.24383
411.0201,0.43232,411.0201,0.31347,411.0201,0.22957,411.0201,0.24431
411.12214,0.44052,411.12214,0.3131,411.12214,0.22956,411.12214,0.2448
411.22424,0.44901,411.22424,0.31275,411.22424,0.22956,411.22424,0.24532
411.32638,0.4578,411.32638,0.31242,411.32638,0.22958,411.32638,0.24585
411.42857,0.4669,411.42857,0.31211,411.42857,0.2296,411.42857,0.2464
411.53082,0.47631,411.53082,0.31181,411.53082,0.22964,411.53082,0.24696
411.63311,0.48605,411.63311,0.31153,411.63311,0.22969,411.63311,0.24755
411.73545,0.49611,411.73545,0.31127,411.73545,0.22975,411.73545,0.24815
411.83785,0.5065,411.83785,0.31103,411.83785,0.22982,411.83785,0.24877
411.9403,0.51723,411.9403,0.3108,411.9403,0.22991,411.9403,0.24941
412.0428,0.52831,412.0428,0.31059,412.0428,0.23001,412.0428,0.25007
412.14535,0.53972,412.14535,0.3104,412.14535,0.23012,412.14535,0.25075
412.24795,0.55147,412.24795,0.31023,412.24795,0.23024,412.24795,0.25145
412.3506,0.56356,412.3506,0.31007,412.3506,0.23037,412.3506,0.25217
412.4533,0.57598,412.4533,0.30993,412.4533,0.23052,412.4533,0.25292
412.55605,0.58873,412.55605,0.30981,412.55605,0.23068,412.55605,0.25368
412.65886,0.60179,412.65886,0.3097,412.65886,0.23085,412.65886,0.25447
412.76171,0.61515,412.76171,0.30962,412.76171,0.23104,412.76171,0.25527
412.86462,0.62879,412.86462,0.30955,412.86462,0.23123,412.86462,0.2561
412.96758,0.6427,412.96758,0.30949,412.96758,0.23145,412.96758,0.25696
413.07059,0.65683,413.07059,0.30946,413.07059,0.23167,413.07059,0.25783
413.17365,0.67116,413.17365,0.30944,413.17365,0.23191,413.17365,0.25873
413.27677,0.68565,413.27677,0.30944,413.27677,0.23216,413.27677,0.25966
413.37993,0.70026,413.37993,0.30946,413.37993,0.23242,413.37993,0.26061
413.48315,0.71493,413.48315,0.30949,413.48315,0.2327,413.48315,0.26159
413.58641,0.72962,413.58641,0.30954,413.58641,0.23299,413.58641,0.26259
413.68973,0.74425,413.68973,0.30961,413.68973,0.23329,413.68973,0.26362
413.7931,0.75875,413.7931,0.3097,413.7931,0.23361,413.7931,0.26468
413.89653,0.77306,413.89653,0.3098,413.89653,0.23394,413.89653,0.26576
414,0.78708,414,0.30993,414,0.23429,414,0.26688
414.10353,0.80073,414.10353,0.31007,414.10353,0.23465,414.10353,0.26802
414.2071,0.81391,414.2071,0.31023,414.2071,0.23503,414.2071,0.26919
414.31073,0.82654,414.31073,0.3104,414.31073,0.23542,414.31073,0.2704
414.41441,0.83849,414.41441,0.3106,414.41441,0.23583,414.41441,0.27163
414.51815,0.84969,414.51815,0.31081,414.51815,0.23625,414.51815,0.2729
414.62193,0.86001,414.62193,0.31104,414.62193,0.23669,414.62193,0.2742
414.72577,0.86937,414.72577,0.31129,414.72577,0.23714,414.72577,0.27553
414.82966,0.87767,414.82966,0.31156,414.82966,0.23761,414.82966,0.2769
414.9336,0.88482,414.9336,0.31185,414.9336,0.23809,414.9336,0.27831
415.03759,0.89073,415.03759,0.31216,415.03759,0.2386,415.03759,0.27975
415.14164,0.89534,415.14164,0.31249,415.14164,0.23912,415.14164,0.28122
415.24574,0.89859,415.24574,0.31283,415.24574,0.23965,415.24574,0.28274
415.34989,0.90043,415.34989,0.3132,415.34989,0.24021,415.34989,0.28429
415.45409,0.90083,415.45409,0.31359,415.45409,0.24078,415.45409,0.28589
415.55834,0.89978,415.55834,0.31399,415.55834,0.24137,415.55834,0.28752
415.66265,0.89727,415.66265,0.31442,415.66265,0.24197,415.66265,0.2892
415.76701,0.89332,415.76701,0.31487,415.76701,0.2426,415.76701,0.29092
415.87142,0.88798,415.87142,0.31533,415.87142,0.24325,415.87142,0.29268
415.97589,0.88127,415.97589,0.31582,415.97589,0.24391,415.97589,0.29449
416.0804,0.87328,416.0804,0.31633,416.0804,0.24459,416.0804,0.29635
416.18497,0.86407,416.18497,0.31686,416.18497,0.2453,416.18497,0.29825
416.28959,0.85373,416.28959,0.31742,416.28959,0.24602,416.28959,0.3002
416.39427,0.84235,416.39427,0.31799,416.39427,0.24677,416.39427,0.3022
416.49899,0.83003,416.49899,0.31859,416.49899,0.24753,416.49899,0.30426
416.60377,0.81687,416.60377,0.31921,416.60377,0.24832,416.60377,0.30636
416.70861,0.80299,416.70861,0.31985,416.70861,0.24913,416.70861,0.30853
416.81349,0.78848,416.81349,0.32052,416.81349,0.24997,416.81349,0.31074
416.91843,0.77346,416.91843,0.32121,416.91843,0.25082,416.91843,0.31302
417.02342,0.75802,417.02342,0.32192,417.02342,0.2517,417.02342,0.31535
417.12846,0.74226,417.12846,0.32266,417.12846,0.2526,417.12846,0.31774
417.23356,0.72627,417.23356,0.32342,417.23356,0.25353,417.23356,0.3202
417.33871,0.71015,417.33871,0.32421,417.33871,0.25448,417.33871,0.32272
417.44391,0.69396,417.44391,0.32502,417.44391,0.25546,417.44391,0.32531
417.54917,0.67778,417.54917,0.32586,417.54917,0.25646,417.54917,0.32796
417.65448,0.66168,417.65448,0.32672,417.65448,0.2575,417.65448,0.33068
417.75984,0.64571,417.75984,0.32761,417.75984,0.25855,417.75984,0.33347
417.86525,0.62993,417.86525,0.32853,417.86525,0.25964,417.86525,0.33634
417.97072,0.61437,417.97072,0.32947,417.97072,0.26075,417.97072,0.33928
418.07624,0.59908,418.07624,0.33044,418.07624,0.2619,418.07624,0.3423
418.18182,0.58409,418.18182,0.33144,418.18182,0.26307,418.18182,0.3454
418.28745,0.56942,418.28745,0.33247,418.28745,0.26427,418.28745,0.34858
418.39313,0.5551,418.39313,0.33353,418.39313,0.26551,418.39313,0.35185
418.49886,0.54113,418.49886,0.33461,418.49886,0.26677,418.49886,0.3552
418.60465,0.52755,418.60465,0.33573,418.60465,0.26807,418.60465,0.35864
418.71049,0.51434,418.71049,0.33688,418.71049,0.26941,418.71049,0.36217
418.81639,0.50152,418.81639,0.33806,418.81639,0.27077,418.81639,0.3658
418.92234,0.48909,418.92234,0.33927,418.92234,0.27218,418.92234,0.36952
419.02834,0.47705,419.02834,0.34051,419.02834,0.27362,419.02834,0.37334
419.1344,0.4654,419.1344,0.34179,419.1344,0.27509,419.1344,0.37727
419.24051,0.45413,419.24051,0.3431,419.24051,0.27661,419.24051,0.3813
419.34667,0.44325,419.34667,0.34444,419.34667,0.27816,419.34667,0.38544
419.45289,0.43274,419.45289,0.34582,419.45289,0.27975,419.45289,0.38969
419.55916,0.42259,419.55916,0.34724,419.55916,0.28138,419.55916,0.39405
419.66548,0.4128,419.66548,0.34869,419.66548,0.28306,419.66548,0.39853
419.77186,0.40336,419.77186,0.35018,419.77186,0.28478,419.77186,0.40313
419.8783,0.39425,419.8783,0.3517,419.8783,0.28654,419.8783,0.40786
419.98478,0.38548,419.98478,0.35326,419.98478,0.28835,419.98478,0.41271
420.09132,0.37702,420.09132,0.35487,420.09132,0.29021,420.09132,0.41769
420.19792,0.36888,420.19792,0.35651,420.19792,0.29211,420.19792,0.42281
420.30457,0.36103,420.30457,0.35819,420.30457,0.29406,420.30457,0.42807
420.41127,0.35347,420.41127,0.35992,420.41127,0.29606,420.41127,0.43346
420.51803,0.3462,420.51803,0.36168,420.51803,0.29812,420.51803,0.439
420.62484,0.33918,420.62484,0.36349,420.62484,0.30023,420.62484,0.44469
420.73171,0.33243,420.73171,0.36534,420.73171,0.30239,420.73171,0.45054
420.83863,0.32593,420.83863,0.36724,420.83863,0.30461,420.83863,0.45654
420.9456,0.31967,420.9456,0.36918,420.9456,0.30689,420.9456,0.46269
421.05263,0.31365,421.05263,0.37117,421.05263,0.30923,421.05263,0.46902
421.15972,0.30784,421.15972,0.37321,421.15972,0.31163,421.15972,0.47551
421.26685,0.30225,421.26685,0.3753,421.26685,0.31409,421.26685,0.48217
421.37405,0.29687,421.37405,0.37743,421.37405,0.31661,421.37405,0.489
421.48129,0.29169,421.48129,0.37962,421.48129,0.31921,421.48129,0.49601
421.58859,0.2867,421.58859,0.38186,421.58859,0.32187,421.58859,0.50321
421.69595,0.2819,421.69595,0.38415,421.69595,0.3246,421.69595,0.51059
421.80336,0.27728,421.80336,0.38649,421.80336,0.32741,421.80336,0.51815
421.91083,0.27283,421.91083,0.38889,421.91083,0.33029,421.91083,0.52591
422.01835,0.26855,422.01835,0.39135,422.01835,0.33325,422.01835,0.53386
422.12592,0.26443,422.12592,0.39386,422.12592,0.33629,422.12592,0.54201
422.23355,0.26048,422.23355,0.39643,422.23355,0.33941,422.23355,0.55036
422.34124,0.25667,422.34124,0.39906,422.34124,0.34261,422.34124,0.55891
422.44898,0.25302,422.44898,0.40175,422.44898,0.3459,422.44898,0.56766
422.55677,0.24951,422.55677,0.4045,422.55677,0.34928,422.55677,0.57662
422.66462,0.24614,422.66462,0.40731,422.66462,0.35275,422.66462,0.58578
422.77253,0.24292,422.77253,0.41019,422.77253,0.35632,422.77253,0.59515
422.88049,0.23984,422.88049,0.41314,422.88049,0.35998,422.88049,0.60472
422.98851,0.2369,422.98851,0.41615,422.98851,0.36374,422.98851,0.61449
423.09658,0.23411,423.09658,0.41923,423.09658,0.36761,423.09658,0.62447
423.2047,0.23145,423.2047,0.42238,423.2047,0.37158,423.2047,0.63465
423.31288,0.22894,423.31288,0.42561,423.31288,0.37567,423.31288,0.64502
423.42112,0.22658,423.42112,0.4289,423.42112,0.37986,423.42112,0.65558
423.52941,0.22437,423.52941,0.43227,423.52941,0.38417,423.52941,0.66633
423.63776,0.22233,423.63776,0.43571,423.63776,0.3886,423.63776,0.67726
423.74616,0.22047,423.74616,0.43923,423.74616,0.39316,423.74616,0.68836
423.85462,0.21879,423.85462,0.44283,423.85462,0.39784,423.85462,0.69962
423.96313,0.21732,423.96313,0.44651,423.96313,0.40264,423.96313,0.71103
424.0717,0.21609,424.0717,0.45027,424.0717,0.40759,424.0717,0.72258
424.18033,0.21512,424.18033,0.45412,424.18033,0.41267,424.18033,0.73426
424.28901,0.21445,424.28901,0.45805,424.28901,0.41789,424.28901,0.74604
424.39774,0.21415,424.39774,0.46206,424.39774,0.42326,424.39774,0.75792
424.50654,0.21428,424.50654,0.46616,424.50654,0.42878,424.50654,0.76987
424.61538,0.21493,424.61538,0.47035,424.61538,0.43445,424.61538,0.78186
424.72429,0.21624,424.72429,0.47463,424.72429,0.44027,424.72429,0.79389
424.83325,0.21836,424.83325,0.47901,424.83325,0.44626,424.83325,0.80591
424.94226,0.22154,424.94226,0.48347,424.94226,0.45242,424.94226,0.81791
425.05133,0.2261,425.05133,0.48804,425.05133,0.45874,425.05133,0.82985
425.16046,0.23249,425.16046,0.49269,425.16046,0.46524,425.16046,0.8417
425.26965,0.24134,425.26965,0.49745,425.26965,0.47191,425.26965,0.85342
425.37889,0.25356,425.37889,0.5023,425.37889,0.47877,425.37889,0.86498
425.48818,0.27044,425.48818,0.50726,425.48818,0.48582,425.48818,0.87635
425.59753,0.29371,425.59753,0.51232,425.59753,0.49305,425.59753,0.88747
425.70694,0.32558,425.70694,0.51748,425.70694,0.50048,425.70694,0.89831
425.81641,0.36824,425.81641,0.52274,425.81641,0.5081,425.81641,0.90882
425.92593,0.42213,425.92593,0.52811,425.92593,0.51593,425.92593,0.91896
426.0355,0.48209,426.0355,0.53359,426.0355,0.52396,426.0355,0.92869
426.14514,0.53303,426.14514,0.53917,426.14514,0.5322,426.14514,0.93795
426.25483,0.55405,426.25483,0.54486,426.25483,0.54065,426.25483,0.9467
426.36457,0.53581,426.36457,0.55066,426.36457,0.54931,426.36457,0.9549
426.47438,0.48999,426.47438,0.55657,426.47438,0.55818,426.47438,0.96249
426.58423,0.43586,426.58423,0.56259,426.58423,0.56728,426.58423,0.96944
426.69415,0.38601,426.69415,0.56872,426.69415,0.57658,426.69415,0.97571
426.80412,0.34479,426.80412,0.57497,426.80412,0.58611,426.80412,0.98124
426.91415,0.31217,426.91415,0.58132,426.91415,0.59586,426.91415,0.986
427.02424,0.28666,427.02424,0.58778,427.02424,0.60582,427.02424,0.98996
427.13438,0.26665,427.13438,0.59435,427.13438,0.61599,427.13438,0.99309
427.24458,0.2508,427.24458,0.60104,427.24458,0.62638,427.24458,0.99536
427.35484,0.23808,427.35484,0.60783,427.35484,0.63697,427.35484,0.99674
427.46515,0.22773,427.46515,0.61473,427.46515,0.64777,427.46515,0.99721
427.57552,0.21919,427.57552,0.62173,427.57552,0.65877,427.57552,0.99677
427.68595,0.21205,427.68595,0.62884,427.68595,0.66996,427.68595,0.9954
427.79644,0.20601,427.79644,0.63605,427.79644,0.68133,427.79644,0.99311
427.90698,0.20085,427.90698,0.64336,427.90698,0.69288,427.90698,0.98988
428.01758,0.1964,428.01758,0.65077,428.01758,0.70458,428.01758,0.98574
428.12823,0.19252,428.12823,0.65828,428.12823,0.71644,428.12823,0.9807
428.23894,0.18911,428.23894,0.66587,428.23894,0.72842,428.23894,0.97477
428.34972,0.18611,428.34972,0.67356,428.34972,0.74052,428.34972,0.96799
428.46054,0.18343,428.46054,0.68132,428.46054,0.75272,428.46054,0.9604
428.57143,0.18105,428.57143,0.68917,428.57143,0.76499,428.57143,0.95203
428.68237,0.17891,428.68237,0.69709,428.68237,0.77731,428.68237,0.94294
428.79337,0.17698,428.79337,0.70507,428.79337,0.78966,428.79337,0.93318
428.90443,0.17525,428.90443,0.71312,428.90443,0.80201,428.90443,0.92277
429.01554,0.17369,429.01554,0.72121,429.01554,0.81433,429.01554,0.91171
429.12672,0.17228,429.12672,0.72936,429.12672,0.82658,429.12672,0.90004
429.23795,0.17101,429.23795,0.73754,429.23795,0.83874,429.23795,0.88777
429.34924,0.16986,429.34924,0.74576,429.34924,0.85076,429.34924,0.87495
429.46058,0.16884,429.46058,0.75399,429.46058,0.86261,429.46058,0.86164
429.57198,0.16792,429.57198,0.76223,429.57198,0.87425,429.57198,0.8479
429.68345,0.16711,429.68345,0.77048,429.68345,0.88563,429.68345,0.83378
429.79496,0.1664,429.79496,0.77871,429.79496,0.89672,429.79496,0.81933
429.90654,0.16579,429.90654,0.78692,429.90654,0.90747,429.90654,0.8046
430.01818,0.16528,430.01818,0.79509,430.01818,0.91783,430.01818,0.78965
430.12987,0.16486,430.12987,0.80322,430.12987,0.92776,430.12987,0.7745
430.24162,0.16453,430.24162,0.81128,430.24162,0.93722,430.24162,0.7592
430.35343,0.1643,430.35343,0.81927,430.35343,0.94615,430.35343,0.74379
430.4653,0.16416,430.4653,0.82716,430.4653,0.95452,430.4653,0.7283
430.57722,0.16413,430.57722,0.83495,430.57722,0.96228,430.57722,0.71277
430.68921,0.16419,430.68921,0.84262,430.68921,0.9694,430.68921,0.69723
430.80125,0.16437,430.80125,0.85014,430.80125,0.97583,430.80125,0.68171
430.91335,0.16465,430.91335,0.85751,430.91335,0.98153,430.91335,0.66623
431.02551,0.16506,431.02551,0.8647,431.02551,0.98649,431.02551,0.65084
431.13772,0.16559,431.13772,0.87171,431.13772,0.99066,431.13772,0.63554
431.25,0.16625,431.25,0.87851,431.25,0.99402,431.25,0.62037
431.36233,0.16707,431.36233,0.88508,431.36233,0.99655,431.36233,0.60535
431.47473,0.16804,431.47473,0.8914,431.47473,0.99825,431.47473,0.5905
431.58718,0.16918,431.58718,0.89747,431.58718,0.99909,431.58718,0.57586
431.69969,0.17051,431.69969,0.90325,431.69969,0.99907,431.69969,0.56144
431.81226,0.17205,431.81226,0.90874,431.81226,0.99819,431.81226,0.54727
431.92488,0.17382,431.92488,0.91392,431.92488,0.99646,431.92488,0.5334
432.03757,0.17584,432.03757,0.91877,432.03757,0.99389,432.03757,0.51985
432.15031,0.17815,432.15031,0.92327,432.15031,0.99048,432.15031,0.50667
432.26312,0.18077,432.26312,0.92741,432.26312,0.98627,432.26312,0.49391
432.37598,0.18375,432.37598,0.93117,432.37598,0.98127,432.37598,0.48164
432.4889,0.18712,432.4889,0.93455,432.4889,0.97551,432.4889,0.46992
432.60188,0.19095,432.60188,0.93752,432.60188,0.96903,432.60188,0.45886
432.71492,0.19528,432.71492,0.94008,432.71492,0.96185,432.71492,0.44857
432.82802,0.20019,432.82802,0.94222,432.82802,0.95402,432.82802,0.43918
432.94118,0.20575,432.94118,0.94393,432.94118,0.94557,432.94118,0.43088
433.05439,0.21205,433.05439,0.9452,433.05439,0.93655,433.05439,0.42387
433.16767,0.21919,433.16767,0.94602,433.16767,0.92699,433.16767,0.4184
433.281,0.22727,433.281,0.9464,433.281,0.91694,433.281,0.4148
433.3944,0.23642,433.3944,0.94632,433.3944,0.90645,433.3944,0.41341
433.50785,0.24677,433.50785,0.94579,433.50785,0.89556,433.50785,0.41466
433.62137,0.25844,433.62137,0.9448,433.62137,0.8843,433.62137,0.419
433.73494,0.27155,433.73494,0.94336,433.73494,0.87273,433.73494,0.42694
433.84857,0.28622,433.84857,0.94147,433.84857,0.86088,433.84857,0.43893
433.96226,0.30248,433.96226,0.93914,433.96226,0.8488,433.96226,0.45537
434.07602,0.32034,434.07602,0.93637,434.07602,0.83652,434.07602,0.47648
434.18983,0.33964,434.18983,0.93318,434.18983,0.82408,434.18983,0.50217
434.3037,0.36006,434.3037,0.92956,434.3037,0.81151,434.3037,0.53195
434.41763,0.38106,434.41763,0.92553,434.41763,0.79885,434.41763,0.56481
434.53162,0.40184,434.53162,0.92111,434.53162,0.78613,434.53162,0.59927
434.64567,0.42131,434.64567,0.9163,434.64567,0.77337,434.64567,0.63343
434.75978,0.43821,434.75978,0.91112,434.75978,0.76061,434.75978,0.66527
434.87395,0.45121,434.87395,0.90559,434.87395,0.74786,434.87395,0.69295
434.98818,0.4592,434.98818,0.89972,434.98818,0.73516,434.98818,0.71507
435.10247,0.46146,435.10247,0.89352,435.10247,0.72251,435.10247,0.73089
435.21682,0.45785,435.21682,0.88703,435.21682,0.70995,435.21682,0.74029
435.33123,0.44883,435.33123,0.88025,435.33123,0.69748,435.33123,0.74371
435.4457,0.43536,435.4457,0.8732,435.4457,0.68513,435.4457,0.74194
435.56023,0.41865,435.56023,0.8659,435.56023,0.6729,435.56023,0.73592
435.67482,0.39994,435.67482,0.85837,435.67482,0.6608,435.67482,0.72664
435.78947,0.38036,435.78947,0.85064,435.78947,0.64886,435.78947,0.71497
435.90419,0.36078,435.90419,0.84271,435.90419,0.63707,435.90419,0.70168
436.01896,0.34184,436.01896,0.83461,436.01896,0.62545,436.01896,0.68739
436.13379,0.32397,436.13379,0.82636,436.13379,0.614,436.13379,0.67256
436.24868,0.30737,436.24868,0.81797,436.24868,0.60272,436.24868,0.65756
436.36364,0.29216,436.36364,0.80947,436.36364,0.59163,436.36364,0.64266
436.47865,0.27832,436.47865,0.80086,436.47865,0.58073,436.47865,0.62802
436.59373,0.26582,436.59373,0.79218,436.59373,0.57002,436.59373,0.61378
436.70886,0.25456,436.70886,0.78343,436.70886,0.55949,436.70886,0.60002
436.82406,0.24444,436.82406,0.77463,436.82406,0.54917,436.82406,0.58678
436.93931,0.23536,436.93931,0.7658,436.93931,0.53904,436.93931,0.57409
437.05463,0.22722,437.05463,0.75695,437.05463,0.52911,437.05463,0.56195
437.17001,0.2199,437.17001,0.7481,437.17001,0.51937,437.17001,0.55036
437.28545,0.21334,437.28545,0.73925,437.28545,0.50984,437.28545,0.5393
437.40095,0.20744,437.40095,0.73043,437.40095,0.50051,437.40095,0.52876
437.51651,0.20213,437.51651,0.72165,437.51651,0.49138,437.51651,0.51872
437.63214,0.19734,437.63214,0.71291,437.63214,0.48245,437.63214,0.50915
437.74782,0.19303,437.74782,0.70423,437.74782,0.47373,437.74782,0.50003
437.86356,0.18914,437.86356,0.69561,437.86356,0.4652,437.86356,0.49134
437.97937,0.18563,437.97937,0.68708,437.97937,0.45689,437.97937,0.48305
438.09524,0.18246,438.09524,0.67862,438.09524,0.44877,438.09524,0.47515
438.21117,0.17959,438.21117,0.67026,438.21117,0.44086,438.21117,0.46761
438.32716,0.177,438.32716,0.66201,438.32716,0.43315,438.32716,0.46041
438.44321,0.17466,438.44321,0.65386,438.44321,0.42565,438.44321,0.45354
438.55932,0.17255,438.55932,0.64582,438.55932,0.41836,438.55932,0.44697
438.6755,0.17065,438.6755,0.63791,438.6755,0.41128,438.6755,0.44069
438.79173,0.16894,438.79173,0.63012,438.79173,0.4044,438.79173,0.43469
438.90803,0.1674,438.90803,0.62246,438.90803,0.39774,438.90803,0.42895
439.02439,0.16603,439.02439,0.61493,439.02439,0.3913,439.02439,0.42345
439.14081,0.16481,439.14081,0.60754,439.14081,0.38506,439.14081,0.41819
439.25729,0.16373,439.25729,0.60029,439.25729,0.37905,439.25729,0.41315
439.37384,0.16278,439.37384,0.59319,439.37384,0.37326,439.37384,0.40832
439.49045,0.16196,439.49045,0.58623,439.49045,0.36768,439.49045,0.4037
439.60711,0.16126,439.60711,0.57943,439.60711,0.36234,439.60711,0.39927
439.72384,0.16067,439.72384,0.57277,439.72384,0.35721,439.72384,0.39502
439.84064,0.16019,439.84064,0.56626,439.84064,0.35232,439.84064,0.39095
439.95749,0.15981,439.95749,0.55991,439.95749,0.34766,439.95749,0.38705
440.07441,0.15953,440.07441,0.55371,440.07441,0.34323,440.07441,0.38332
440.19139,0.15935,440.19139,0.54766,440.19139,0.33903,440.19139,0.37973
440.30843,0.15927,440.30843,0.54177,440.30843,0.33507,440.30843,0.3763
440.42553,0.15929,440.42553,0.53603,440.42553,0.33134,440.42553,0.37301
440.5427,0.15939,440.5427,0.53045,440.5427,0.32786,440.5427,0.36986
440.65993,0.15959,440.65993,0.52503,440.65993,0.32461,440.65993,0.36684
440.77722,0.15989,440.77722,0.51975,440.77722,0.32159,440.77722,0.36396
440.89457,0.16028,440.89457,0.51464,440.89457,0.31881,440.89457,0.3612
441.01198,0.16076,441.01198,0.50967,441.01198,0.31627,441.01198,0.35856
441.12946,0.16135,441.12946,0.50486,441.12946,0.31397,441.12946,0.35603
441.247,0.16203,441.247,0.5002,441.247,0.31189,441.247,0.35363
441.36461,0.16282,441.36461,0.49569,441.36461,0.31004,441.36461,0.35133
441.48227,0.16372,441.48227,0.49133,441.48227,0.30842,441.48227,0.34914
441.6,0.16473,441.6,0.48712,441.6,0.30702,441.6,0.34706
441.71779,0.16585,441.71779,0.48305,441.71779,0.30583,441.71779,0.34509
441.83565,0.1671,441.83565,0.47914,441.83565,0.30486,441.83565,0.34321
441.95356,0.16848,441.95356,0.47536,441.95356,0.30409,441.95356,0.34144
442.07154,0.17,442.07154,0.47173,442.07154,0.30352,442.07154,0.33976
442.18959,0.17167,442.18959,0.46825,442.18959,0.30314,442.18959,0.33818
442.30769,0.1735,442.30769,0.4649,442.30769,0.30295,442.30769,0.33669
442.42586,0.1755,442.42586,0.46169,442.42586,0.30293,442.42586,0.3353
442.54409,0.17769,442.54409,0.45862,442.54409,0.30309,442.54409,0.334
442.66239,0.18008,442.66239,0.45569,442.66239,0.3034,442.66239,0.33279
442.78075,0.1827,442.78075,0.45289,442.78075,0.30387,442.78075,0.33167
442.89917,0.18556,442.89917,0.45023,442.89917,0.30448,442.89917,0.33064
443.01766,0.18869,443.01766,0.44769,443.01766,0.30523,443.01766,0.3297
443.13621,0.19213,443.13621,0.44529,443.13621,0.3061,443.13621,0.32885
443.25482,0.1959,443.25482,0.44301,443.25482,0.30709,443.25482,0.32809
443.37349,0.20005,443.37349,0.44087,443.37349,0.30819,443.37349,0.32742
443.49223,0.20462,443.49223,0.43885,443.49223,0.30939,443.49223,0.32684
443.61104,0.20969,443.61104,0.43695,443.61104,0.31068,443.61104,0.32634
443.7299,0.21531,443.7299,0.43518,443.7299,0.31206,443.7299,0.32594
443.84883,0.22157,443.84883,0.43352,443.84883,0.3135,443.84883,0.32562
443.96783,0.22858,443.96783,0.43199,443.96783,0.31502,443.96783,0.3254
444.08689,0.23646,444.08689,0.43058,444.08689,0.3166,444.08689,0.32527
444.20601,0.24537,444.20601,0.42928,444.20601,0.31822,444.20601,0.32523
444.32519,0.25549,444.32519,0.4281,444.32519,0.3199,444.32519,0.32528
444.44444,0.26707,444.44444,0.42703,444.44444,0.32161,444.44444,0.32543
444.56376,0.28041,444.56376,0.42607,444.56376,0.32336,444.56376,0.32568
444.68314,0.2959,444.68314,0.42523,444.68314,0.32513,444.68314,0.32603
444.80258,0.31403,444.80258,0.4245,444.80258,0.32692,444.80258,0.32647
444.92208,0.33544,444.92208,0.42387,444.92208,0.32874,444.92208,0.32702
445.04166,0.36097,445.04166,0.42335,445.04166,0.33056,445.04166,0.32767
445.16129,0.39168,445.16129,0.42294,445.16129,0.33239,445.16129,0.32842
445.28099,0.42896,445.28099,0.42264,445.28099,0.33423,445.28099,0.32929
445.40075,0.47454,445.40075,0.42243,445.40075,0.33607,445.40075,0.33027
445.52058,0.53048,445.52058,0.42233,445.52058,0.3379,445.52058,0.33136
445.64047,0.59886,445.64047,0.42233,445.64047,0.33973,445.64047,0.33257
445.76043,0.68099,445.76043,0.42243,445.76043,0.34155,445.76043,0.3339
445.88045,0.77532,445.88045,0.42262,445.88045,0.34336,445.88045,0.33535
446.00054,0.87362,446.00054,0.42291,446.00054,0.34516,446.00054,0.33693
446.12069,0.95658,446.12069,0.4233,446.12069,0.34695,446.12069,0.33865
446.24091,0.9951,446.24091,0.42378,446.24091,0.34871,446.24091,0.34049
446.36119,0.96609,446.36119,0.42436,446.36119,0.35047,446.36119,0.34248
446.48153,0.87378,446.48153,0.42503,446.48153,0.3522,446.48153,0.34461
446.60194,0.74871,446.60194,0.42578,446.60194,0.35391,446.60194,0.34689
446.72242,0.6236,446.72242,0.42663,446.72242,0.3556,446.72242,0.34932
446.84296,0.5168,446.84296,0.42756,446.84296,0.35728,446.84296,0.3519
446.96356,0.43295,446.96356,0.42858,446.96356,0.35893,446.96356,0.35465
447.08423,0.36982,447.08423,0.42969,447.08423,0.36056,447.08423,0.35756
447.20497,0.32318,447.20497,0.43088,447.20497,0.36217,447.20497,0.36063
447.32577,0.28899,447.32577,0.43215,447.32577,0.36375,447.32577,0.36388
447.44664,0.264,447.44664,0.43351,447.44664,0.36532,447.44664,0.3673
447.56757,0.2458,447.56757,0.43494,447.56757,0.36686,447.56757,0.3709
447.68856,0.23264,447.68856,0.43645,447.68856,0.36838,447.68856,0.37467
447.80963,0.22325,447.80963,0.43804,447.80963,0.36988,447.80963,0.37863
447.93075,0.21673,447.93075,0.43971,447.93075,0.37136,447.93075,0.38276
448.05195,0.21242,448.05195,0.44145,448.05195,0.37281,448.05195,0.38706
448.17321,0.20984,448.17321,0.44327,448.17321,0.37425,448.17321,0.39153
448.29453,0.20863,448.29453,0.44516,448.29453,0.37567,448.29453,0.39616
448.41592,0.20853,448.41592,0.44712,448.41592,0.37706,448.41592,0.40095
448.53738,0.20935,448.53738,0.44914,448.53738,0.37844,448.53738,0.40587
448.6589,0.21093,448.6589,0.45124,448.6589,0.3798,448.6589,0.41092
448.78049,0.21316,448.78049,0.45341,448.78049,0.38114,448.78049,0.41606
448.90214,0.21595,448.90214,0.45564,448.90214,0.38246,448.90214,0.42127
449.02386,0.21923,449.02386,0.45793,449.02386,0.38376,449.02386,0.42653
449.14565,0.22295,449.14565,0.46029,449.14565,0.38505,449.14565,0.43178
449.2675,0.22708,449.2675,0.46271,449.2675,0.38632,449.2675,0.43698
449.38942,0.23158,449.38942,0.46519,449.38942,0.38758,449.38942,0.44209
449.5114,0.23642,449.5114,0.46773,449.5114,0.38882,449.5114,0.44704
449.63345,0.24158,449.63345,0.47033,449.63345,0.39004,449.63345,0.45177
449.75557,0.24706,449.75557,0.47298,449.75557,0.39126,449.75557,0.45621
449.87775,0.25284,449.87775,0.47569,449.87775,0.39245,449.87775,0.46029
450,0.25891,450,0.47845,450,0.39364,450,0.46392
450.12232,0.26526,450.12232,0.48126,450.12232,0.39481,450.12232,0.46704
450.2447,0.27189,450.2447,0.48412,450.2447,0.39597,450.2447,0.46957
450.36715,0.2788,450.36715,0.48703,450.36715,0.39712,450.36715,0.47144
450.48966,0.28598,450.48966,0.48999,450.48966,0.39826,450.48966,0.4726
450.61224,0.29344,450.61224,0.49299,450.61224,0.39938,450.61224,0.47301
450.73489,0.30116,450.73489,0.49604,450.73489,0.4005,450.73489,0.47263
450.85761,0.30915,450.85761,0.49913,450.85761,0.40161,450.85761,0.47147
450.98039,0.3174,450.98039,0.50227,450.98039,0.40271,450.98039,0.46954
451.10324,0.32592,451.10324,0.50544,451.10324,0.40379,451.10324,0.46687
451.22616,0.33469,451.22616,0.50865,451.22616,0.40487,451.22616,0.46351
451.34914,0.34373,451.34914,0.5119,451.34914,0.40595,451.34914,0.45954
451.47219,0.35301,451.47219,0.51518,451.47219,0.40701,451.47219,0.45505
451.59531,0.36255,451.59531,0.5185,451.59531,0.40807,451.59531,0.45012
451.71849,0.37233,451.71849,0.52185,451.71849,0.40912,451.71849,0.44487
451.84175,0.38234,451.84175,0.52523,451.84175,0.41016,451.84175,0.43941
451.96507,0.39258,451.96507,0.52864,451.96507,0.4112,451.96507,0.43384
452.08845,0.40304,452.08845,0.53207,452.08845,0.41223,452.08845,0.42825
452.21191,0.4137,452.21191,0.53554,452.21191,0.41325,452.21191,0.42275
452.33543,0.42456,452.33543,0.53903,452.33543,0.41427,452.33543,0.41741
452.45902,0.4356,452.45902,0.54254,452.45902,0.41529,452.45902,0.41232
452.58267,0.44681,452.58267,0.54607,452.58267,0.4163,452.58267,0.40752
452.7064,0.45816,452.7064,0.54962,452.7064,0.4173,452.7064,0.40307
452.83019,0.46963,452.83019,0.55319,452.83019,0.4183,452.83019,0.399
452.95405,0.48122,452.95405,0.55678,452.95405,0.4193,452.95405,0.39535
453.07798,0.49288,453.07798,0.56038,453.07798,0.42029,453.07798,0.39214
453.20197,0.5046,453.20197,0.564,453.20197,0.42128,453.20197,0.38938
453.32603,0.51636,453.32603,0.56762,453.32603,0.42227,453.32603,0.38708
453.45016,0.52811,453.45016,0.57126,453.45016,0.42325,453.45016,0.38524
453.57436,0.53984,453.57436,0.57491,453.57436,0.42423,453.57436,0.38385
453.69863,0.5515,453.69863,0.57857,453.69863,0.4252,453.69863,0.38292
453.82297,0.56307,453.82297,0.58223,453.82297,0.42618,453.82297,0.38243
453.94737,0.57452,453.94737,0.5859,453.94737,0.42715,453.94737,0.38237
454.07184,0.5858,454.07184,0.58957,454.07184,0.42812,454.07184,0.38274
454.19638,0.59689,454.19638,0.59325,454.19638,0.42909,454.19638,0.38353
454.32099,0.60774,454.32099,0.59692,454.32099,0.43005,454.32099,0.38472
454.44566,0.61832,454.44566,0.6006,454.44566,0.43102,454.44566,0.3863
454.57041,0.6286,454.57041,0.60427,454.57041,0.43198,454.57041,0.38826
454.69522,0.63854,454.69522,0.60794,454.69522,0.43294,454.69522,0.39059
454.8201,0.64811,454.8201,0.6116,454.8201,0.4339,454.8201,0.39328
454.94505,0.65727,454.94505,0.61526,454.94505,0.43485,454.94505,0.39633
455.07007,0.666,455.07007,0.61891,455.07007,0.43581,455.07007,0.39971
455.19516,0.67427,455.19516,0.62256,455.19516,0.43676,455.19516,0.40344
455.32032,0.68204,455.32032,0.62619,455.32032,0.43772,455.32032,0.40749
455.44554,0.68931,455.44554,0.62981,455.44554,0.43867,455.44554,0.41187
455.57084,0.69603,455.57084,0.63342,455.57084,0.43962,455.57084,0.41656
455.6962,0.70221,455.6962,0.63702,455.6962,0.44058,455.6962,0.42157
455.82164,0.70782,455.82164,0.6406,455.82164,0.44153,455.82164,0.42688
455.94714,0.71286,455.94714,0.64417,455.94714,0.44248,455.94714,0.43249
456.07271,0.71731,456.07271,0.64772,456.07271,0.44343,456.07271,0.4384
456.19835,0.72117,456.19835,0.65125,456.19835,0.44438,456.19835,0.44461
456.32406,0.72443,456.32406,0.65476,456.32406,0.44533,456.32406,0.4511
456.44983,0.72711,456.44983,0.65825,456.44983,0.44627,456.44983,0.45789
456.57568,0.72921,456.57568,0.66173,456.57568,0.44722,456.57568,0.46496
456.7016,0.73073,456.7016,0.66518,456.7016,0.44817,456.7016,0.47232
456.82759,0.73168,456.82759,0.66861,456.82759,0.44912,456.82759,0.47996
456.95364,0.73209,456.95364,0.67201,456.95364,0.45007,456.95364,0.48787
457.07977,0.73195,457.07977,0.67539,457.07977,0.45102,457.07977,0.49606
457.20596,0.7313,457.20596,0.67875,457.20596,0.45197,457.20596,0.50452
457.33223,0.73016,457.33223,0.68208,457.33223,0.45291,457.33223,0.51325
457.45856,0.72853,457.45856,0.68538,457.45856,0.45386,457.45856,0.52224
457.58497,0.72645,457.58497,0.68865,457.58497,0.45481,457.58497,0.53149
457.71144,0.72394,457.71144,0.6919,457.71144,0.45576,457.71144,0.54099
457.83799,0.72102,457.83799,0.69512,457.83799,0.45671,457.83799,0.55075
457.9646,0.71772,457.9646,0.6983,457.9646,0.45766,457.9646,0.56075
458.09129,0.71407,458.09129,0.70146,458.09129,0.45861,458.09129,0.57098
458.21804,0.71008,458.21804,0.70459,458.21804,0.45956,458.21804,0.58145
458.34487,0.70579,458.34487,0.70768,458.34487,0.46051,458.34487,0.59213
458.47176,0.70121,458.47176,0.71074,458.47176,0.46146,458.47176,0.60303
458.59873,0.69638,458.59873,0.71377,458.59873,0.46241,458.59873,0.61413
458.72576,0.69131,458.72576,0.71677,458.72576,0.46336,458.72576,0.62541
458.85287,0.68603,458.85287,0.71973,458.85287,0.46431,458.85287,0.63687
458.98004,0.68056,458.98004,0.72266,458.98004,0.46526,458.98004,0.6485
459.10729,0.67493,459.10729,0.72556,459.10729,0.46621,459.10729,0.66026
459.23461,0.66915,459.23461,0.72842,459.23461,0.46716,459.23461,0.67216
459.362,0.66324,459.362,0.73124,459.362,0.46812,459.362,0.68417
459.48946,0.65722,459.48946,0.73403,459.48946,0.46907,459.48946,0.69628
459.61699,0.65111,459.61699,0.73679,459.61699,0.47002,459.61699,0.70845
459.74459,0.64492,459.74459,0.7395,459.74459,0.47098,459.74459,0.72068
459.87226,0.63868,459.87226,0.74219,459.87226,0.47193,459.87226,0.73293
460,0.63239,460,0.74483,460,0.47288,460,0.74518
