Wavelength (nm),0.5 nm,1 nm,2 nm,3 nm,4 nm,5 nm ,10 nm
360,0.51437,0.56218,0.62294,0.68923,0.78264,0.86205,0.74279
360.07828,0.5117,0.55895,0.61928,0.68542,0.77938,0.86132,0.74591
360.15659,0.50907,0.55576,0.61565,0.68162,0.7761,0.86055,0.74901
360.23494,0.50648,0.55261,0.61206,0.67785,0.7728,0.85976,0.75207
360.31332,0.50393,0.5495,0.60851,0.67411,0.76949,0.85895,0.75511
360.39173,0.50141,0.54644,0.605,0.67039,0.76617,0.8581,0.75811
360.47018,0.49893,0.54341,0.60153,0.6667,0.76284,0.85723,0.76108
360.54866,0.49649,0.54043,0.5981,0.66303,0.75949,0.85634,0.76402
360.62718,0.49409,0.53749,0.59471,0.65939,0.75614,0.85541,0.76692
360.70573,0.49172,0.5346,0.59136,0.65579,0.75278,0.85446,0.76978
360.78431,0.48938,0.53174,0.58804,0.65221,0.74941,0.85348,0.7726
360.86293,0.48708,0.52892,0.58477,0.64866,0.74604,0.85247,0.77537
360.94159,0.48482,0.52614,0.58154,0.64514,0.74267,0.85143,0.77811
361.02027,0.48259,0.52341,0.57834,0.64164,0.73929,0.85036,0.7808
361.099,0.48039,0.52071,0.57518,0.63818,0.73592,0.84926,0.78344
361.17775,0.47823,0.51805,0.57207,0.63475,0.73255,0.84812,0.78604
361.25654,0.4761,0.51543,0.56899,0.63135,0.72917,0.84695,0.78858
361.33537,0.474,0.51285,0.56595,0.62798,0.7258,0.84575,0.79108
361.41423,0.47194,0.5103,0.56294,0.62465,0.72244,0.84451,0.79353
361.49312,0.46991,0.5078,0.55998,0.62134,0.71908,0.84323,0.79592
361.57205,0.46791,0.50533,0.55705,0.61806,0.71573,0.84191,0.79826
361.65102,0.46595,0.50289,0.55415,0.61482,0.71238,0.84055,0.80054
361.73001,0.46401,0.5005,0.5513,0.61161,0.70905,0.83915,0.80277
361.80905,0.46211,0.49814,0.54848,0.60843,0.70572,0.83771,0.80494
361.88811,0.46024,0.49581,0.5457,0.60528,0.7024,0.83622,0.80705
361.96721,0.45839,0.49352,0.54295,0.60216,0.69909,0.83469,0.8091
362.04635,0.45658,0.49126,0.54024,0.59907,0.6958,0.83312,0.81109
362.12552,0.4548,0.48904,0.53757,0.59602,0.69251,0.8315,0.81302
362.20472,0.45305,0.48686,0.53493,0.593,0.68924,0.82984,0.81488
362.28396,0.45133,0.4847,0.53232,0.59001,0.68599,0.82813,0.81669
362.36324,0.44963,0.48258,0.52975,0.58705,0.68275,0.82638,0.81843
362.44255,0.44797,0.4805,0.52722,0.58412,0.67952,0.82458,0.8201
362.52189,0.44633,0.47844,0.52472,0.58122,0.67631,0.82273,0.82171
362.60127,0.44473,0.47642,0.52225,0.57836,0.67311,0.82084,0.82326
362.68068,0.44315,0.47443,0.51982,0.57553,0.66993,0.8189,0.82474
362.76013,0.4416,0.47248,0.51741,0.57273,0.66677,0.81692,0.82615
362.83961,0.44007,0.47055,0.51505,0.56996,0.66363,0.81489,0.82749
362.91913,0.43858,0.46865,0.51271,0.56722,0.6605,0.81282,0.82877
362.99868,0.43711,0.46679,0.51041,0.56451,0.6574,0.8107,0.82998
363.07827,0.43567,0.46495,0.50814,0.56183,0.65431,0.80854,0.83112
363.15789,0.43425,0.46315,0.5059,0.55919,0.65124,0.80634,0.8322
363.23755,0.43286,0.46138,0.50369,0.55657,0.64819,0.8041,0.83321
363.31724,0.4315,0.45963,0.50151,0.55399,0.64517,0.80181,0.83415
363.39697,0.43016,0.45791,0.49937,0.55143,0.64216,0.79949,0.83502
363.47673,0.42885,0.45623,0.49725,0.54891,0.63917,0.79713,0.83582
363.55653,0.42757,0.45457,0.49517,0.54641,0.63621,0.79473,0.83656
363.63636,0.42631,0.45294,0.49311,0.54395,0.63326,0.7923,0.83723
363.71623,0.42508,0.45133,0.49109,0.54151,0.63034,0.78983,0.83784
363.79613,0.42387,0.44976,0.48909,0.53911,0.62744,0.78733,0.83838
363.87607,0.42268,0.44821,0.48712,0.53673,0.62456,0.78479,0.83885
363.95604,0.42152,0.44669,0.48519,0.53438,0.62171,0.78223,0.83926
364.03605,0.42039,0.4452,0.48328,0.53207,0.61887,0.77963,0.8396
364.11609,0.41928,0.44373,0.4814,0.52978,0.61606,0.77701,0.83988
364.19617,0.41819,0.44229,0.47955,0.52752,0.61328,0.77436,0.8401
364.27629,0.41713,0.44088,0.47772,0.52528,0.61051,0.77169,0.84025
364.35644,0.41609,0.43949,0.47593,0.52308,0.60777,0.76899,0.84034
364.43662,0.41507,0.43813,0.47416,0.52091,0.60505,0.76626,0.84037
364.51684,0.41408,0.43679,0.47242,0.51876,0.60236,0.76352,0.84035
364.59709,0.41311,0.43548,0.4707,0.51664,0.59969,0.76076,0.84026
364.67738,0.41217,0.43419,0.46902,0.51455,0.59704,0.75797,0.84012
364.75771,0.41125,0.43293,0.46736,0.51248,0.59442,0.75518,0.83991
364.83807,0.41035,0.4317,0.46572,0.51045,0.59182,0.75236,0.83966
364.91847,0.40948,0.43048,0.46411,0.50844,0.58925,0.74953,0.83935
364.9989,0.40863,0.4293,0.46253,0.50646,0.5867,0.74669,0.83898
365.07937,0.4078,0.42813,0.46098,0.5045,0.58417,0.74383,0.83856
365.15987,0.40699,0.42699,0.45945,0.50257,0.58167,0.74097,0.8381
365.24041,0.40621,0.42588,0.45794,0.50067,0.57919,0.73809,0.83758
365.32098,0.40545,0.42479,0.45646,0.49879,0.57673,0.73521,0.83701
365.40159,0.40471,0.42372,0.45501,0.49694,0.5743,0.73232,0.8364
365.48223,0.404,0.42267,0.45358,0.49512,0.5719,0.72943,0.83574
365.56291,0.4033,0.42165,0.45218,0.49332,0.56951,0.72653,0.83504
365.64363,0.40263,0.42065,0.4508,0.49155,0.56716,0.72362,0.83429
365.72438,0.40199,0.41968,0.44944,0.4898,0.56482,0.72072,0.83351
365.80517,0.40136,0.41872,0.44811,0.48808,0.56251,0.71781,0.83268
365.88599,0.40076,0.41779,0.4468,0.48638,0.56023,0.7149,0.83182
365.96685,0.40018,0.41689,0.44552,0.48471,0.55797,0.712,0.83092
366.04775,0.39962,0.416,0.44426,0.48307,0.55573,0.70909,0.82998
366.12868,0.39908,0.41514,0.44302,0.48144,0.55352,0.70619,0.82901
366.20964,0.39857,0.4143,0.44181,0.47985,0.55133,0.70329,0.82801
366.29064,0.39808,0.41348,0.44062,0.47827,0.54916,0.7004,0.82697
366.37168,0.39761,0.41269,0.43946,0.47673,0.54702,0.69751,0.82591
366.45276,0.39716,0.41192,0.43832,0.4752,0.54491,0.69463,0.82482
366.53386,0.39674,0.41117,0.4372,0.4737,0.54281,0.69176,0.82371
366.61501,0.39634,0.41044,0.4361,0.47223,0.54074,0.68889,0.82257
366.69619,0.39596,0.40973,0.43503,0.47078,0.5387,0.68604,0.82141
366.77741,0.39561,0.40905,0.43398,0.46935,0.53668,0.68319,0.82022
366.85866,0.39527,0.40838,0.43295,0.46795,0.53468,0.68035,0.81902
366.93995,0.39496,0.40774,0.43195,0.46657,0.53271,0.67752,0.8178
367.02128,0.39468,0.40713,0.43097,0.46521,0.53076,0.67471,0.81657
367.10264,0.39441,0.40653,0.43001,0.46388,0.52883,0.67191,0.81532
367.18404,0.39417,0.40595,0.42907,0.46257,0.52693,0.66912,0.81405
367.26547,0.39395,0.4054,0.42816,0.46128,0.52505,0.66634,0.81278
367.34694,0.39375,0.40487,0.42727,0.46002,0.52319,0.66358,0.8115
367.42844,0.39358,0.40436,0.4264,0.45878,0.52136,0.66083,0.81021
367.50999,0.39343,0.40387,0.42555,0.45756,0.51955,0.6581,0.80891
367.59156,0.39331,0.40341,0.42473,0.45637,0.51776,0.65538,0.8076
367.67318,0.39321,0.40297,0.42392,0.45519,0.516,0.65268,0.8063
367.75483,0.39313,0.40255,0.42314,0.45404,0.51426,0.65,0.80499
367.83652,0.39308,0.40215,0.42239,0.45292,0.51255,0.64733,0.80368
367.91824,0.39305,0.40177,0.42165,0.45182,0.51085,0.64468,0.80238
368,0.39304,0.40142,0.42094,0.45073,0.50918,0.64205,0.80108
368.0818,0.39306,0.40108,0.42024,0.44968,0.50754,0.63944,0.79978
368.16363,0.39311,0.40077,0.41957,0.44864,0.50591,0.63684,0.79849
368.2455,0.39318,0.40049,0.41893,0.44763,0.50431,0.63427,0.7972
368.3274,0.39327,0.40022,0.4183,0.44664,0.50273,0.63171,0.79593
368.40934,0.3934,0.39998,0.4177,0.44567,0.50118,0.62917,0.79467
368.49132,0.39354,0.39976,0.41712,0.44472,0.49964,0.62666,0.79341
368.57334,0.39371,0.39957,0.41656,0.4438,0.49813,0.62416,0.79218
368.65539,0.39391,0.3994,0.41603,0.4429,0.49665,0.62169,0.79096
368.73747,0.39414,0.39925,0.41551,0.44202,0.49518,0.61923,0.78975
368.8196,0.39439,0.39912,0.41502,0.44116,0.49374,0.6168,0.78856
368.90176,0.39467,0.39902,0.41455,0.44033,0.49232,0.61438,0.7874
368.98396,0.39498,0.39894,0.41411,0.43952,0.49092,0.61199,0.78625
369.06619,0.39531,0.39889,0.41369,0.43873,0.48955,0.60962,0.78513
369.14846,0.39567,0.39886,0.41329,0.43796,0.4882,0.60727,0.78403
369.23077,0.39607,0.39885,0.41291,0.43722,0.48687,0.60495,0.78295
369.31311,0.39649,0.39887,0.41256,0.4365,0.48556,0.60265,0.7819
369.39549,0.39694,0.39892,0.41223,0.4358,0.48428,0.60036,0.78088
369.47791,0.39741,0.39898,0.41192,0.43512,0.48302,0.59811,0.77989
369.56037,0.39792,0.39908,0.41164,0.43447,0.48178,0.59587,0.77893
369.64286,0.39846,0.3992,0.41138,0.43384,0.48056,0.59366,0.77801
369.72539,0.39903,0.39934,0.41114,0.43323,0.47937,0.59147,0.77711
369.80795,0.39964,0.39952,0.41093,0.43264,0.47819,0.5893,0.77625
369.89055,0.40027,0.39971,0.41074,0.43208,0.47704,0.58716,0.77542
369.97319,0.40094,0.39994,0.41057,0.43154,0.47592,0.58504,0.77464
370.05587,0.40164,0.40019,0.41043,0.43102,0.47481,0.58294,0.77389
370.13858,0.40237,0.40047,0.41032,0.43053,0.47373,0.58087,0.77318
370.22133,0.40314,0.40078,0.41023,0.43006,0.47267,0.57882,0.77251
370.30411,0.40394,0.40111,0.41016,0.42961,0.47163,0.57679,0.77188
370.38694,0.40477,0.40148,0.41012,0.42919,0.47062,0.57479,0.77129
370.4698,0.40564,0.40187,0.41011,0.42879,0.46962,0.57281,0.77075
370.5527,0.40655,0.40229,0.41012,0.42841,0.46866,0.57086,0.77025
370.63563,0.4075,0.40275,0.41016,0.42806,0.46771,0.56893,0.7698
370.7186,0.40848,0.40323,0.41022,0.42773,0.46678,0.56702,0.7694
370.80161,0.4095,0.40374,0.41031,0.42743,0.46588,0.56514,0.76904
370.88466,0.41056,0.40428,0.41043,0.42715,0.465,0.56328,0.76873
370.96774,0.41166,0.40486,0.41057,0.42689,0.46415,0.56145,0.76847
371.05086,0.41281,0.40547,0.41074,0.42666,0.46332,0.55964,0.76827
371.13402,0.41399,0.40611,0.41094,0.42645,0.46251,0.55785,0.76811
371.21722,0.41521,0.40678,0.41117,0.42627,0.46172,0.55609,0.76801
371.30045,0.41648,0.40749,0.41142,0.42612,0.46096,0.55436,0.76795
371.38372,0.41779,0.40823,0.41171,0.42599,0.46022,0.55265,0.76796
371.46703,0.41915,0.409,0.41202,0.42589,0.4595,0.55096,0.76801
371.55037,0.42055,0.40981,0.41236,0.42581,0.45881,0.5493,0.76812
371.63375,0.422,0.41066,0.41274,0.42576,0.45814,0.54766,0.76829
371.71717,0.42349,0.41155,0.41314,0.42573,0.45749,0.54605,0.76851
371.80063,0.42504,0.41247,0.41358,0.42573,0.45687,0.54446,0.76879
371.88412,0.42663,0.41343,0.41404,0.42576,0.45627,0.5429,0.76913
371.96765,0.42828,0.41443,0.41454,0.42582,0.4557,0.54136,0.76952
372.05122,0.42997,0.41546,0.41507,0.4259,0.45515,0.53984,0.76997
372.13483,0.43172,0.41654,0.41563,0.42601,0.45462,0.53836,0.77048
372.21848,0.43353,0.41766,0.41623,0.42615,0.45412,0.53689,0.77105
372.30216,0.43539,0.41882,0.41686,0.42632,0.45364,0.53545,0.77168
372.38588,0.4373,0.42003,0.41752,0.42652,0.45319,0.53404,0.77236
372.46964,0.43928,0.42127,0.41822,0.42675,0.45276,0.53265,0.7731
372.55343,0.44131,0.42257,0.41896,0.427,0.45236,0.53129,0.7739
372.63726,0.4434,0.42391,0.41973,0.42729,0.45199,0.52995,0.77476
372.72113,0.44556,0.42529,0.42053,0.42761,0.45164,0.52864,0.77567
372.80504,0.44777,0.42672,0.42138,0.42796,0.45131,0.52735,0.77664
372.88899,0.45006,0.4282,0.42226,0.42834,0.45102,0.52608,0.77767
372.97297,0.45241,0.42973,0.42319,0.42875,0.45075,0.52485,0.77876
373.05699,0.45482,0.43131,0.42415,0.42919,0.4505,0.52364,0.7799
373.14105,0.45731,0.43295,0.42515,0.42967,0.45028,0.52245,0.78109
373.22515,0.45987,0.43463,0.42619,0.43018,0.45009,0.52129,0.78234
373.30929,0.4625,0.43637,0.42728,0.43073,0.44993,0.52015,0.78364
373.39346,0.4652,0.43817,0.42841,0.43131,0.44979,0.51905,0.78499
373.47767,0.46798,0.44002,0.42958,0.43192,0.44968,0.51796,0.78639
373.56192,0.47084,0.44193,0.43079,0.43257,0.4496,0.51691,0.78784
373.64621,0.47378,0.44389,0.43205,0.43325,0.44955,0.51587,0.78934
373.73053,0.4768,0.44592,0.43336,0.43398,0.44953,0.51487,0.79088
373.8149,0.47991,0.44801,0.43471,0.43474,0.44954,0.51389,0.79247
373.8993,0.4831,0.45017,0.43612,0.43553,0.44958,0.51294,0.7941
373.98374,0.48637,0.45239,0.43757,0.43637,0.44964,0.51201,0.79577
374.06822,0.48974,0.45467,0.43907,0.43725,0.44974,0.51111,0.79747
374.15273,0.4932,0.45703,0.44062,0.43816,0.44987,0.51024,0.79922
374.23729,0.49676,0.45945,0.44223,0.43912,0.45003,0.5094,0.80099
374.32188,0.50041,0.46195,0.44389,0.44012,0.45022,0.50858,0.8028
374.40651,0.50415,0.46452,0.4456,0.44116,0.45044,0.50779,0.80464
374.49118,0.508,0.46716,0.44737,0.44225,0.4507,0.50702,0.8065
374.57589,0.51195,0.46988,0.4492,0.44337,0.45099,0.50629,0.80838
374.66063,0.51601,0.47268,0.45109,0.44455,0.45131,0.50558,0.81028
374.74542,0.52018,0.47556,0.45303,0.44577,0.45166,0.5049,0.8122
374.83024,0.52445,0.47852,0.45504,0.44703,0.45205,0.50424,0.81413
374.9151,0.52884,0.48156,0.45711,0.44835,0.45248,0.50362,0.81607
375,0.53334,0.48469,0.45924,0.44971,0.45294,0.50302,0.81802
375.08494,0.53797,0.48791,0.46144,0.45113,0.45344,0.50245,0.81997
375.16991,0.54271,0.49122,0.4637,0.45259,0.45397,0.50192,0.82192
375.25493,0.54757,0.49463,0.46604,0.45411,0.45454,0.50141,0.82386
375.33998,0.55256,0.49812,0.46844,0.45567,0.45515,0.50092,0.82579
375.42507,0.55767,0.50172,0.47092,0.4573,0.4558,0.50047,0.82771
375.5102,0.56292,0.50542,0.47347,0.45898,0.45649,0.50005,0.82961
375.59537,0.56829,0.50921,0.47609,0.46071,0.45722,0.49966,0.83149
375.68058,0.5738,0.51311,0.4788,0.4625,0.45798,0.4993,0.83335
375.76583,0.57945,0.51712,0.48158,0.46436,0.45879,0.49897,0.83517
375.85111,0.58523,0.52124,0.48444,0.46627,0.45965,0.49867,0.83696
375.93644,0.59116,0.52546,0.48738,0.46824,0.46054,0.4984,0.83872
376.0218,0.59723,0.52981,0.49041,0.47028,0.46148,0.49817,0.84043
376.1072,0.60344,0.53426,0.49353,0.47238,0.46246,0.49796,0.84209
376.19264,0.6098,0.53884,0.49673,0.47455,0.46349,0.49779,0.8437
376.27812,0.61631,0.54354,0.50002,0.47679,0.46457,0.49765,0.84526
376.36364,0.62296,0.54836,0.50341,0.47909,0.46569,0.49754,0.84676
376.44919,0.62977,0.55331,0.50689,0.48147,0.46686,0.49747,0.8482
376.53479,0.63672,0.55839,0.51047,0.48392,0.46808,0.49743,0.84956
376.62042,0.64383,0.5636,0.51415,0.48644,0.46935,0.49742,0.85086
376.7061,0.65109,0.56894,0.51793,0.48904,0.47067,0.49745,0.85208
376.79181,0.6585,0.57442,0.52181,0.49171,0.47205,0.49751,0.85323
376.87756,0.66606,0.58004,0.5258,0.49447,0.47347,0.49761,0.85429
376.96335,0.67377,0.5858,0.5299,0.4973,0.47496,0.49774,0.85527
377.04918,0.68163,0.5917,0.53411,0.50022,0.47649,0.49791,0.85616
377.13505,0.68963,0.59775,0.53844,0.50323,0.47809,0.49812,0.85696
377.22096,0.69778,0.60394,0.54288,0.50632,0.47974,0.49837,0.85766
377.3069,0.70607,0.61028,0.54743,0.5095,0.48145,0.49865,0.85827
377.39289,0.7145,0.61678,0.55211,0.51277,0.48322,0.49897,0.85878
377.47891,0.72306,0.62342,0.55691,0.51614,0.48506,0.49933,0.85919
377.56498,0.73175,0.63021,0.56184,0.5196,0.48695,0.49973,0.85949
377.65108,0.74056,0.63716,0.56689,0.52316,0.48892,0.50017,0.85969
377.73723,0.74948,0.64427,0.57207,0.52681,0.49094,0.50065,0.85979
377.82341,0.75851,0.65152,0.57739,0.53057,0.49304,0.50117,0.85978
377.90963,0.76764,0.65894,0.58284,0.53443,0.4952,0.50174,0.85966
377.99589,0.77685,0.6665,0.58843,0.5384,0.49744,0.50234,0.85943
378.08219,0.78614,0.67422,0.59415,0.54248,0.49975,0.50299,0.8591
378.16853,0.79549,0.68208,0.60002,0.54667,0.50213,0.50369,0.85865
378.25491,0.8049,0.6901,0.60603,0.55097,0.50458,0.50443,0.8581
378.34133,0.81433,0.69826,0.61218,0.55539,0.50712,0.50521,0.85743
378.42779,0.82379,0.70657,0.61848,0.55992,0.50973,0.50604,0.85666
378.51429,0.83325,0.71502,0.62492,0.56458,0.51242,0.50692,0.85578
378.60082,0.84269,0.7236,0.63151,0.56936,0.51519,0.50785,0.8548
378.6874,0.8521,0.7323,0.63825,0.57426,0.51805,0.50882,0.85371
378.77402,0.86144,0.74114,0.64514,0.57929,0.521,0.50985,0.85252
378.86067,0.87071,0.75008,0.65218,0.58445,0.52403,0.51092,0.85122
378.94737,0.87987,0.75914,0.65937,0.58973,0.52715,0.51205,0.84982
379.0341,0.8889,0.76829,0.66671,0.59516,0.53037,0.51323,0.84833
379.12088,0.89777,0.77752,0.6742,0.60071,0.53367,0.51446,0.84674
379.20769,0.90645,0.78684,0.68183,0.60641,0.53708,0.51575,0.84506
379.29455,0.91492,0.79622,0.68961,0.61224,0.54058,0.5171,0.84328
379.38144,0.92315,0.80564,0.69754,0.61821,0.54418,0.5185,0.84142
379.46838,0.9311,0.8151,0.7056,0.62432,0.54788,0.51995,0.83948
379.55535,0.93875,0.82458,0.7138,0.63058,0.55169,0.52147,0.83745
379.64237,0.94606,0.83405,0.72213,0.63698,0.5556,0.52305,0.83534
379.72942,0.95301,0.8435,0.73058,0.64352,0.55963,0.52468,0.83315
379.81651,0.95956,0.85291,0.73916,0.65021,0.56376,0.52638,0.8309
379.90365,0.96568,0.86226,0.74785,0.65704,0.568,0.52815,0.82857
379.99082,0.97135,0.87152,0.75665,0.66402,0.57236,0.52998,0.82618
380.07804,0.97653,0.88067,0.76554,0.67114,0.57683,0.53187,0.82372
380.16529,0.98119,0.88968,0.77453,0.67841,0.58143,0.53383,0.82121
380.25258,0.98532,0.89852,0.78359,0.68582,0.58614,0.53586,0.81863
380.33992,0.98888,0.90717,0.79272,0.69336,0.59098,0.53796,0.81601
380.42729,0.99186,0.9156,0.8019,0.70105,0.59594,0.54013,0.81334
380.51471,0.99423,0.92377,0.81112,0.70887,0.60102,0.54238,0.81062
380.60216,0.99598,0.93166,0.82036,0.71682,0.60623,0.54469,0.80786
380.68966,0.99709,0.93924,0.82961,0.7249,0.61158,0.54709,0.80506
380.77719,0.99755,0.94646,0.83884,0.7331,0.61705,0.54956,0.80223
380.86477,0.99736,0.95331,0.84805,0.74141,0.62265,0.55211,0.79937
380.95238,0.99651,0.95975,0.8572,0.74984,0.62839,0.55474,0.79647
381.04004,0.995,0.96576,0.86628,0.75837,0.63426,0.55745,0.79355
381.12773,0.99283,0.97129,0.87526,0.76699,0.64027,0.56024,0.79061
381.21547,0.99001,0.97632,0.88412,0.77569,0.64641,0.56312,0.78766
381.30325,0.98654,0.98084,0.89284,0.78447,0.65269,0.56608,0.78468
381.39106,0.98245,0.9848,0.90137,0.79331,0.6591,0.56914,0.7817
381.47892,0.97774,0.98818,0.90971,0.80221,0.66565,0.57228,0.7787
381.56682,0.97243,0.99098,0.91782,0.81113,0.67233,0.57551,0.7757
381.65476,0.96655,0.99316,0.92567,0.82008,0.67915,0.57883,0.7727
381.74274,0.96012,0.99471,0.93323,0.82904,0.6861,0.58225,0.76969
381.83076,0.95317,0.99562,0.94048,0.83798,0.69318,0.58577,0.76669
381.91882,0.94572,0.99588,0.94737,0.8469,0.70039,0.58938,0.76369
382.00692,0.93781,0.99549,0.95389,0.85576,0.70773,0.59309,0.7607
382.09506,0.92946,0.99443,0.96,0.86455,0.71519,0.5969,0.75772
382.18324,0.92072,0.99272,0.96568,0.87325,0.72276,0.60082,0.75475
382.27147,0.9116,0.99035,0.97089,0.88183,0.73045,0.60483,0.7518
382.35973,0.90215,0.98734,0.97561,0.89027,0.73825,0.60895,0.74886
382.44804,0.8924,0.98369,0.97982,0.89855,0.74616,0.61318,0.74594
382.53638,0.88239,0.97941,0.98349,0.90664,0.75415,0.61751,0.74305
382.62477,0.87214,0.97454,0.9866,0.9145,0.76224,0.62196,0.74017
382.7132,0.8617,0.96908,0.98913,0.92212,0.77041,0.62651,0.73732
382.80166,0.85109,0.96306,0.99106,0.92947,0.77865,0.63117,0.7345
382.89017,0.84034,0.95651,0.99239,0.93652,0.78695,0.63595,0.73171
382.97872,0.82948,0.94945,0.99309,0.94324,0.7953,0.64083,0.72895
383.06731,0.81855,0.94191,0.99317,0.9496,0.80368,0.64583,0.72621
383.15595,0.80757,0.93393,0.99262,0.95557,0.8121,0.65094,0.72352
383.24462,0.79657,0.92553,0.99143,0.96114,0.82052,0.65617,0.72085
383.33333,0.78557,0.91675,0.98961,0.96626,0.82894,0.66151,0.71823
383.42209,0.7746,0.90763,0.98716,0.97092,0.83733,0.66696,0.71564
383.51088,0.76367,0.89819,0.9841,0.9751,0.84569,0.67253,0.71309
383.59972,0.75281,0.88847,0.98043,0.97877,0.854,0.67821,0.71058
383.6886,0.74204,0.87851,0.97617,0.98191,0.86223,0.68401,0.70812
383.77752,0.73136,0.86833,0.97133,0.98451,0.87036,0.68991,0.70569
383.86648,0.72081,0.85797,0.96594,0.98654,0.87838,0.69593,0.70331
383.95548,0.71039,0.84747,0.96002,0.98801,0.88626,0.70205,0.70098
384.04453,0.70011,0.83685,0.95359,0.98888,0.89397,0.70828,0.69869
384.13361,0.68999,0.82614,0.94668,0.98917,0.90151,0.71462,0.69645
384.22274,0.68003,0.81538,0.93933,0.98886,0.90884,0.72106,0.69425
384.31191,0.67025,0.80458,0.93155,0.98795,0.91593,0.72759,0.69211
384.40111,0.66065,0.79377,0.92338,0.98644,0.92277,0.73422,0.69001
384.49036,0.65125,0.78298,0.91486,0.98435,0.92933,0.74094,0.68797
384.57966,0.64203,0.77223,0.90601,0.98166,0.93559,0.74775,0.68597
384.66899,0.63302,0.76153,0.89686,0.97841,0.94152,0.75464,0.68403
384.75836,0.62422,0.75092,0.88746,0.9746,0.94709,0.7616,0.68214
384.84778,0.61562,0.7404,0.87783,0.97024,0.95229,0.76863,0.68031
384.93724,0.60723,0.73,0.868,0.96536,0.95709,0.77573,0.67853
385.02674,0.59905,0.71972,0.858,0.95997,0.96148,0.78288,0.6768
385.11628,0.59109,0.70958,0.84787,0.9541,0.96542,0.79008,0.67513
385.20586,0.58334,0.69959,0.83763,0.94777,0.96891,0.79732,0.67352
385.29549,0.57581,0.68977,0.82732,0.94102,0.97192,0.80458,0.67196
385.38515,0.56849,0.68012,0.81695,0.93385,0.97445,0.81187,0.67046
385.47486,0.56139,0.67065,0.80656,0.92632,0.97648,0.81916,0.66901
385.56461,0.5545,0.66137,0.79617,0.91844,0.97799,0.82645,0.66763
385.6544,0.54782,0.65228,0.7858,0.91024,0.97899,0.83373,0.6663
385.74423,0.54135,0.64339,0.77547,0.90176,0.97946,0.84098,0.66503
385.83411,0.5351,0.63471,0.7652,0.89303,0.9794,0.84819,0.66382
385.92403,0.52905,0.62623,0.75502,0.88407,0.97881,0.85534,0.66267
386.01399,0.52322,0.61796,0.74493,0.87492,0.97769,0.86243,0.66159
386.10399,0.51758,0.60991,0.73495,0.8656,0.97605,0.86943,0.66056
386.19403,0.51216,0.60207,0.72511,0.85614,0.97389,0.87633,0.6596
386.28411,0.50693,0.59445,0.7154,0.84658,0.97122,0.88312,0.65869
386.37424,0.50191,0.58705,0.70584,0.83693,0.96806,0.88978,0.65785
386.46441,0.49708,0.57986,0.69645,0.82723,0.96441,0.89629,0.65707
386.55462,0.49245,0.57289,0.68723,0.81749,0.9603,0.90263,0.65636
386.64488,0.48802,0.56614,0.67819,0.80774,0.95573,0.9088,0.65571
386.73517,0.48378,0.5596,0.66933,0.798,0.95074,0.91476,0.65512
386.82551,0.47973,0.55328,0.66067,0.7883,0.94533,0.92051,0.6546
386.91589,0.47587,0.54717,0.6522,0.77865,0.93954,0.92603,0.65414
387.00631,0.4722,0.54128,0.64394,0.76907,0.93339,0.9313,0.65374
387.09677,0.46872,0.5356,0.63589,0.75958,0.9269,0.9363,0.65342
387.18728,0.46543,0.53014,0.62805,0.75018,0.92009,0.94102,0.65316
387.27783,0.46232,0.52488,0.62042,0.7409,0.913,0.94545,0.65296
387.36842,0.4594,0.51983,0.61301,0.73176,0.90564,0.94956,0.65283
387.45905,0.45666,0.51499,0.60582,0.72275,0.89806,0.95335,0.65277
387.54973,0.45411,0.51036,0.59884,0.71389,0.89026,0.95681,0.65278
387.64045,0.45174,0.50593,0.59208,0.70519,0.88227,0.95992,0.65285
387.73121,0.44955,0.50171,0.58555,0.69667,0.87414,0.96267,0.653
387.82201,0.44755,0.49769,0.57923,0.68832,0.86586,0.96505,0.65321
387.91286,0.44573,0.49387,0.57314,0.68015,0.85748,0.96706,0.65349
388.00375,0.44409,0.49025,0.56726,0.67217,0.84902,0.96868,0.65384
388.09468,0.44264,0.48684,0.56161,0.66439,0.84049,0.96992,0.65426
388.18565,0.44138,0.48362,0.55618,0.65681,0.83193,0.97078,0.65475
388.27667,0.44029,0.4806,0.55096,0.64943,0.82334,0.97124,0.65532
388.36773,0.4394,0.47779,0.54597,0.64226,0.81476,0.97131,0.65595
388.45883,0.4387,0.47517,0.54119,0.6353,0.8062,0.97099,0.65666
388.54998,0.43818,0.47276,0.53664,0.62856,0.79768,0.97028,0.65743
388.64116,0.43786,0.47055,0.5323,0.62203,0.78921,0.96919,0.65828
388.73239,0.43774,0.46854,0.52818,0.61571,0.78081,0.96773,0.65921
388.82367,0.43782,0.46673,0.52428,0.60961,0.7725,0.9659,0.66021
388.91498,0.4381,0.46513,0.52059,0.60374,0.76429,0.96371,0.66128
389.00634,0.43858,0.46374,0.51713,0.59808,0.75619,0.96116,0.66242
389.09774,0.43928,0.46255,0.51388,0.59265,0.74822,0.95829,0.66364
389.18919,0.4402,0.46158,0.51085,0.58743,0.74038,0.95509,0.66494
389.28068,0.44134,0.46082,0.50804,0.58245,0.73269,0.95157,0.66631
389.37221,0.44271,0.46028,0.50545,0.57768,0.72516,0.94776,0.66775
389.46378,0.44432,0.45996,0.50309,0.57314,0.71778,0.94367,0.66928
389.5554,0.44617,0.45987,0.50094,0.56883,0.71058,0.93932,0.67088
389.64706,0.44827,0.46001,0.49902,0.56474,0.70356,0.93471,0.67255
389.73876,0.45064,0.46038,0.49733,0.56088,0.69672,0.92988,0.67431
389.83051,0.45328,0.46099,0.49587,0.55725,0.69007,0.92483,0.67614
389.9223,0.45621,0.46185,0.49464,0.55385,0.68362,0.91959,0.67805
390.01413,0.45942,0.46296,0.49365,0.55068,0.67737,0.91417,0.68004
390.10601,0.46295,0.46434,0.49289,0.54774,0.67133,0.90859,0.6821
390.19793,0.46679,0.46598,0.49238,0.54504,0.6655,0.90287,0.68425
390.28989,0.47096,0.46789,0.49212,0.54258,0.65988,0.89703,0.68648
390.3819,0.47547,0.4701,0.49211,0.54035,0.65448,0.89108,0.68878
390.47394,0.48034,0.47259,0.49236,0.53836,0.6493,0.88505,0.69117
390.56604,0.48559,0.47539,0.49287,0.53662,0.64435,0.87894,0.69363
390.65817,0.49122,0.4785,0.49365,0.53513,0.63962,0.87278,0.69618
390.75035,0.49726,0.48194,0.49472,0.53389,0.63512,0.86658,0.6988
390.84258,0.50372,0.48572,0.49606,0.53291,0.63086,0.86035,0.70151
390.93484,0.51061,0.48985,0.4977,0.53218,0.62684,0.85413,0.7043
391.02715,0.51796,0.49435,0.49964,0.53173,0.62306,0.84791,0.70717
391.11951,0.52578,0.49922,0.5019,0.53154,0.61952,0.84171,0.71012
391.21191,0.53408,0.50448,0.50447,0.53163,0.61622,0.83554,0.71315
391.30435,0.54289,0.51016,0.50738,0.53201,0.61318,0.82943,0.71626
391.39683,0.55222,0.51626,0.51063,0.53267,0.61039,0.82338,0.71945
391.48936,0.56209,0.52279,0.51424,0.53364,0.60786,0.8174,0.72272
391.58193,0.57251,0.52979,0.51822,0.53491,0.60559,0.81151,0.72607
391.67455,0.58349,0.53726,0.52258,0.5365,0.60358,0.80571,0.72951
391.76721,0.59505,0.54522,0.52734,0.53842,0.60185,0.80003,0.73302
391.85991,0.6072,0.5537,0.53251,0.54067,0.60039,0.79445,0.73661
391.95266,0.61994,0.56269,0.53811,0.54326,0.59922,0.78901,0.74028
392.04545,0.63328,0.57223,0.54415,0.54622,0.59833,0.7837,0.74403
392.13829,0.64721,0.58233,0.55065,0.54955,0.59773,0.77854,0.74786
392.23117,0.66173,0.59299,0.55762,0.55326,0.59744,0.77353,0.75176
392.32409,0.67683,0.60425,0.56509,0.55737,0.59745,0.76868,0.75574
392.41706,0.69248,0.61609,0.57307,0.56189,0.59778,0.764,0.7598
392.51007,0.70865,0.62854,0.58157,0.56683,0.59843,0.75949,0.76393
392.60313,0.72532,0.64159,0.59061,0.57222,0.59941,0.75518,0.76813
392.69623,0.74242,0.65525,0.60021,0.57806,0.60073,0.75105,0.77241
392.78937,0.7599,0.6695,0.61038,0.58438,0.6024,0.74712,0.77676
392.88256,0.77768,0.68434,0.62113,0.59119,0.60444,0.7434,0.78117
392.97579,0.79568,0.69975,0.63248,0.5985,0.60684,0.73989,0.78566
393.06907,0.8138,0.71569,0.64442,0.60633,0.60963,0.7366,0.79021
393.16239,0.83192,0.73212,0.65696,0.61469,0.61282,0.73354,0.79482
393.25576,0.8499,0.74901,0.6701,0.62361,0.61641,0.7307,0.7995
393.34917,0.86761,0.76628,0.68384,0.63309,0.62043,0.72811,0.80423
393.44262,0.88489,0.78386,0.69816,0.64314,0.62487,0.72577,0.80903
393.53612,0.90156,0.80167,0.71303,0.65378,0.62977,0.72368,0.81388
393.62966,0.91746,0.81958,0.72844,0.665,0.63513,0.72185,0.81878
393.72325,0.93241,0.83749,0.74433,0.67681,0.64095,0.72029,0.82372
393.81688,0.94622,0.85526,0.76067,0.68922,0.64727,0.719,0.82872
393.91056,0.95872,0.87274,0.77737,0.7022,0.65409,0.718,0.83375
394.00428,0.96973,0.88976,0.79438,0.71575,0.66141,0.71729,0.83883
394.09805,0.97912,0.90616,0.81158,0.72983,0.66926,0.71689,0.84393
394.19186,0.98674,0.92174,0.82889,0.74444,0.67764,0.71678,0.84907
394.28571,0.99248,0.93632,0.84616,0.7595,0.68656,0.717,0.85423
394.37961,0.99626,0.94971,0.86327,0.77499,0.69602,0.71754,0.85941
394.47356,0.99802,0.96173,0.88006,0.79082,0.70602,0.71842,0.8646
394.56755,0.99776,0.9722,0.89637,0.80693,0.71656,0.71964,0.8698
394.66158,0.99547,0.98098,0.912,0.8232,0.72763,0.72121,0.87501
394.75566,0.9912,0.98792,0.92678,0.83954,0.73921,0.72315,0.8802
394.84979,0.98503,0.99291,0.94052,0.85581,0.75129,0.72547,0.88539
394.94395,0.97706,0.99588,0.95302,0.87188,0.76383,0.72817,0.89056
395.03817,0.96741,0.99677,0.96411,0.88758,0.7768,0.73127,0.8957
395.13243,0.95622,0.99557,0.9736,0.90274,0.79015,0.7348,0.9008
395.22673,0.94365,0.99231,0.98135,0.91719,0.80381,0.73875,0.90586
395.32108,0.92987,0.98704,0.98721,0.93073,0.81771,0.74313,0.91087
395.41547,0.91503,0.97985,0.9911,0.94318,0.83177,0.7479,0.91582
395.50991,0.89932,0.97085,0.99292,0.95435,0.84587,0.75302,0.92069
395.6044,0.88289,0.96018,0.99266,0.96405,0.85992,0.75847,0.92548
395.69892,0.8659,0.94799,0.99029,0.97212,0.87377,0.76428,0.93019
395.7935,0.8485,0.93446,0.98586,0.9784,0.88727,0.77047,0.93478
395.88812,0.83083,0.91976,0.97944,0.98279,0.90028,0.77704,0.93927
395.98278,0.81301,0.90407,0.97112,0.98517,0.91263,0.78398,0.94363
396.07749,0.79515,0.88755,0.96104,0.98551,0.92414,0.79128,0.94785
396.17225,0.77736,0.87039,0.94934,0.98376,0.93463,0.7989,0.95192
396.26705,0.75971,0.85275,0.93619,0.97995,0.94392,0.8068,0.95583
396.3619,0.74229,0.83477,0.92176,0.97412,0.95186,0.81494,0.95957
396.45679,0.72515,0.81659,0.90624,0.96636,0.95827,0.82326,0.96312
396.55172,0.70834,0.79833,0.88981,0.95679,0.96302,0.8317,0.96647
396.64671,0.69191,0.78012,0.87265,0.94555,0.966,0.84019,0.96961
396.74173,0.67589,0.76203,0.85493,0.93279,0.9671,0.84863,0.97253
396.83681,0.6603,0.74415,0.83681,0.91869,0.96628,0.85693,0.97522
396.93193,0.64517,0.72656,0.81845,0.90343,0.96352,0.86499,0.97765
397.02709,0.6305,0.70931,0.79997,0.8872,0.95882,0.87268,0.97983
397.1223,0.6163,0.69244,0.7815,0.87019,0.95223,0.87989,0.98174
397.21756,0.60258,0.676,0.76313,0.85257,0.94383,0.88647,0.98337
397.31286,0.58932,0.66001,0.74497,0.83451,0.93373,0.8923,0.98471
397.40821,0.57654,0.64449,0.72709,0.81616,0.92207,0.89723,0.98574
397.5036,0.56421,0.62946,0.70954,0.79767,0.909,0.90114,0.98647
397.59904,0.55234,0.61492,0.69239,0.77917,0.89469,0.90388,0.98688
397.69452,0.54091,0.60087,0.67567,0.76075,0.87931,0.90536,0.98696
397.79006,0.52992,0.58732,0.65942,0.74253,0.86305,0.90546,0.9867
397.88563,0.51934,0.57426,0.64365,0.72458,0.84609,0.90411,0.9861
397.98125,0.50916,0.56169,0.62838,0.70697,0.82859,0.90125,0.98515
398.07692,0.49938,0.54959,0.61362,0.68976,0.81072,0.89685,0.98386
398.17264,0.48997,0.53795,0.59938,0.67298,0.79262,0.89091,0.9822
398.2684,0.48093,0.52676,0.58565,0.65668,0.77444,0.88347,0.98018
398.3642,0.47224,0.516,0.57243,0.64087,0.7563,0.87457,0.9778
398.46006,0.46389,0.50567,0.55972,0.62557,0.73829,0.86431,0.97506
398.55596,0.45586,0.49575,0.54749,0.61079,0.72051,0.85279,0.97195
398.6519,0.44814,0.48622,0.53574,0.59654,0.70305,0.84013,0.96848
398.74789,0.44071,0.47707,0.52446,0.58281,0.68595,0.82647,0.96464
398.84393,0.43357,0.46829,0.51363,0.5696,0.66927,0.81197,0.96045
398.94001,0.42671,0.45985,0.50324,0.5569,0.65305,0.79678,0.95589
399.03614,0.4201,0.45175,0.49326,0.5447,0.63732,0.78104,0.95099
399.13232,0.41374,0.44396,0.4837,0.53299,0.6221,0.76492,0.94573
399.22854,0.40762,0.43649,0.47452,0.52176,0.6074,0.74854,0.94014
399.32481,0.40173,0.4293,0.46572,0.51098,0.59323,0.73204,0.93421
399.42113,0.39606,0.4224,0.45727,0.50065,0.57958,0.71554,0.92795
399.51749,0.39059,0.41576,0.44917,0.49074,0.56646,0.69914,0.92137
399.6139,0.38533,0.40938,0.44139,0.48124,0.55387,0.68293,0.91449
399.71035,0.38025,0.40325,0.43393,0.47214,0.54178,0.667,0.90732
399.80686,0.37536,0.39735,0.42677,0.46342,0.53018,0.6514,0.89985
399.9034,0.37065,0.39167,0.41989,0.45505,0.51907,0.6362,0.89212
400,0.36609,0.38621,0.41328,0.44704,0.50842,0.62142,0.88412
400.09664,0.3617,0.38095,0.40694,0.43935,0.49823,0.6071,0.87588
400.19333,0.35747,0.37588,0.40084,0.43198,0.48846,0.59327,0.86741
400.29007,0.35338,0.371,0.39499,0.42491,0.47912,0.57993,0.85873
400.38685,0.34942,0.36629,0.38935,0.41812,0.47017,0.5671,0.84984
400.48368,0.34561,0.36176,0.38394,0.41161,0.46161,0.55476,0.84078
400.58055,0.34192,0.35739,0.37872,0.40536,0.45341,0.54294,0.83154
400.67747,0.33835,0.35317,0.37371,0.39936,0.44556,0.5316,0.82216
400.77444,0.33491,0.3491,0.36888,0.39359,0.43805,0.52075,0.81265
400.87146,0.33157,0.34518,0.36423,0.38805,0.43085,0.51037,0.80302
400.96852,0.32835,0.34139,0.35975,0.38273,0.42396,0.50045,0.7933
401.06563,0.32522,0.33772,0.35543,0.37761,0.41735,0.49096,0.78351
401.16279,0.3222,0.33419,0.35127,0.37268,0.41102,0.48191,0.77367
401.26,0.31928,0.33077,0.34726,0.36794,0.40495,0.47325,0.76378
401.35725,0.31644,0.32746,0.34339,0.36338,0.39912,0.46499,0.75389
401.45455,0.3137,0.32427,0.33965,0.35899,0.39354,0.45711,0.74399
401.55189,0.31104,0.32118,0.33604,0.35476,0.38817,0.44957,0.73412
401.64928,0.30846,0.31819,0.33256,0.35068,0.38303,0.44238,0.72429
401.74672,0.30596,0.31529,0.32919,0.34675,0.37808,0.43551,0.71453
401.84421,0.30353,0.31249,0.32594,0.34296,0.37333,0.42894,0.70485
401.94175,0.30118,0.30978,0.3228,0.33931,0.36876,0.42267,0.69526
402.03933,0.2989,0.30715,0.31976,0.33578,0.36437,0.41667,0.6858
402.13696,0.29669,0.30461,0.31682,0.33238,0.36015,0.41093,0.67647
402.23464,0.29454,0.30214,0.31398,0.32909,0.35608,0.40544,0.66729
402.33236,0.29245,0.29975,0.31122,0.32591,0.35217,0.40019,0.65829
402.43013,0.29042,0.29743,0.30856,0.32284,0.3484,0.39516,0.64947
402.52795,0.28846,0.29518,0.30598,0.31988,0.34477,0.39034,0.64085
402.62582,0.28654,0.293,0.30348,0.31701,0.34127,0.38573,0.63245
402.72374,0.28469,0.29088,0.30105,0.31423,0.33789,0.3813,0.62428
402.8217,0.28288,0.28882,0.2987,0.31155,0.33464,0.37705,0.61635
402.91971,0.28112,0.28683,0.29643,0.30895,0.3315,0.37298,0.60867
403.01777,0.27942,0.28489,0.29422,0.30643,0.32847,0.36906,0.60126
403.11587,0.27776,0.28301,0.29208,0.304,0.32554,0.3653,0.59412
403.21402,0.27615,0.28118,0.29,0.30164,0.32271,0.36169,0.58726
403.31223,0.27458,0.27941,0.28798,0.29935,0.31997,0.35822,0.58069
403.41048,0.27305,0.27768,0.28602,0.29713,0.31733,0.35487,0.57441
403.50877,0.27156,0.276,0.28412,0.29498,0.31478,0.35166,0.56843
403.60712,0.27012,0.27437,0.28227,0.2929,0.3123,0.34856,0.56275
403.70551,0.26871,0.27279,0.28048,0.29088,0.30991,0.34557,0.55737
403.80395,0.26734,0.27125,0.27873,0.28891,0.30759,0.34269,0.55229
403.90244,0.26601,0.26975,0.27704,0.28701,0.30535,0.33992,0.54752
404.00098,0.26471,0.26829,0.27539,0.28516,0.30318,0.33724,0.54305
404.09956,0.26345,0.26687,0.27379,0.28337,0.30107,0.33466,0.53887
404.19819,0.26222,0.26549,0.27223,0.28162,0.29903,0.33216,0.53498
404.29688,0.26102,0.26415,0.27071,0.27993,0.29706,0.32975,0.53138
404.3956,0.25986,0.26284,0.26924,0.27828,0.29514,0.32742,0.52807
404.49438,0.25872,0.26157,0.26781,0.27669,0.29328,0.32517,0.52502
404.59321,0.25761,0.26033,0.26641,0.27513,0.29147,0.32299,0.52224
404.69208,0.25654,0.25912,0.26505,0.27362,0.28972,0.32088,0.51972
404.791,0.25549,0.25795,0.26373,0.27215,0.28802,0.31883,0.51744
404.88998,0.25446,0.25681,0.26244,0.27072,0.28636,0.31686,0.5154
404.98899,0.25347,0.25569,0.26119,0.26933,0.28476,0.31494,0.51358
405.08806,0.2525,0.25461,0.25997,0.26798,0.2832,0.31308,0.51198
405.18718,0.25155,0.25355,0.25878,0.26667,0.28169,0.31128,0.51058
405.28634,0.25063,0.25252,0.25762,0.26539,0.28021,0.30954,0.50936
405.38556,0.24974,0.25152,0.2565,0.26414,0.27878,0.30784,0.50833
405.48482,0.24886,0.25055,0.2554,0.26293,0.27739,0.3062,0.50747
405.58413,0.24801,0.2496,0.25433,0.26175,0.27603,0.30461,0.50675
405.68349,0.24718,0.24867,0.25329,0.2606,0.27472,0.30306,0.50618
405.7829,0.24638,0.24777,0.25227,0.25948,0.27344,0.30155,0.50574
405.88235,0.24559,0.24689,0.25128,0.25839,0.27219,0.30009,0.50542
405.98186,0.24482,0.24604,0.25031,0.25733,0.27098,0.29867,0.50521
406.08141,0.24408,0.2452,0.24938,0.2563,0.26979,0.29729,0.50509
406.18102,0.24335,0.24439,0.24846,0.25529,0.26864,0.29594,0.50505
406.28067,0.24265,0.2436,0.24757,0.25431,0.26752,0.29464,0.50509
406.38037,0.24196,0.24283,0.2467,0.25335,0.26643,0.29336,0.50519
406.48012,0.24129,0.24208,0.24585,0.25242,0.26537,0.29213,0.50535
406.57992,0.24064,0.24135,0.24502,0.25152,0.26434,0.29092,0.50555
406.67976,0.24001,0.24064,0.24422,0.25064,0.26333,0.28975,0.50579
406.77966,0.23939,0.23995,0.24343,0.24978,0.26235,0.28861,0.50606
406.87961,0.23879,0.23928,0.24267,0.24894,0.26139,0.2875,0.50634
406.9796,0.23821,0.23862,0.24192,0.24812,0.26046,0.28642,0.50665
407.07965,0.23765,0.23799,0.2412,0.24733,0.25955,0.28536,0.50695
407.17974,0.2371,0.23737,0.24049,0.24655,0.25866,0.28433,0.50726
407.27988,0.23656,0.23676,0.2398,0.2458,0.2578,0.28333,0.50756
407.38007,0.23604,0.23618,0.23913,0.24506,0.25695,0.28236,0.50786
407.48031,0.23554,0.23561,0.23848,0.24435,0.25613,0.2814,0.50813
407.58061,0.23505,0.23505,0.23784,0.24365,0.25533,0.28048,0.50839
407.68095,0.23458,0.23451,0.23722,0.24297,0.25455,0.27957,0.50863
407.78133,0.23412,0.23399,0.23662,0.24231,0.25379,0.27869,0.50884
407.88177,0.23368,0.23348,0.23604,0.24167,0.25304,0.27783,0.50901
407.98226,0.23325,0.23299,0.23547,0.24104,0.25231,0.27699,0.50916
408.0828,0.23283,0.23251,0.23491,0.24043,0.2516,0.27617,0.50927
408.18339,0.23243,0.23205,0.23437,0.23984,0.25091,0.27537,0.50935
408.28402,0.23204,0.2316,0.23385,0.23926,0.25023,0.2746,0.50938
408.38471,0.23167,0.23116,0.23334,0.2387,0.24957,0.27384,0.50938
408.48545,0.2313,0.23074,0.23284,0.23815,0.24892,0.2731,0.50934
408.58623,0.23095,0.23033,0.23236,0.23762,0.24828,0.27237,0.50925
408.68707,0.23062,0.22993,0.23189,0.23711,0.24764,0.27167,0.50913
408.78795,0.23029,0.22955,0.23144,0.2366,0.24702,0.27098,0.50896
408.88889,0.22998,0.22918,0.231,0.23612,0.2464,0.27031,0.50874
408.98987,0.22968,0.22882,0.23057,0.23564,0.24578,0.26965,0.50849
409.09091,0.2294,0.22848,0.23016,0.23518,0.24517,0.26901,0.50819
409.19199,0.22912,0.22815,0.22976,0.23474,0.24466,0.26839,0.50785
409.29313,0.22886,0.22783,0.22937,0.23431,0.24444,0.26778,0.50747
409.39431,0.22861,0.22752,0.229,0.23389,0.24437,0.26718,0.50705
409.49555,0.22837,0.22723,0.22864,0.23348,0.24405,0.2666,0.50659
409.59683,0.22815,0.22694,0.22829,0.23309,0.24357,0.26604,0.50609
409.69817,0.22793,0.22667,0.22795,0.2327,0.24307,0.26549,0.50555
409.79955,0.22773,0.22641,0.22762,0.23234,0.24258,0.26495,0.50497
409.90099,0.22754,0.22616,0.22731,0.23198,0.24212,0.26442,0.50436
410.00248,0.22736,0.22593,0.22701,0.23163,0.24167,0.26391,0.50371
410.10401,0.22719,0.2257,0.22672,0.2313,0.24124,0.26341,0.50302
410.2056,0.22703,0.22549,0.22644,0.23098,0.24083,0.26293,0.5023
410.30723,0.22689,0.22528,0.22617,0.23067,0.24043,0.26245,0.50155
410.40892,0.22675,0.22509,0.22592,0.23037,0.24005,0.26199,0.50077
410.51066,0.22663,0.22491,0.22567,0.23008,0.23968,0.26154,0.49996
410.61245,0.22652,0.22474,0.22544,0.22981,0.23932,0.2611,0.49912
410.71429,0.22642,0.22458,0.22522,0.22954,0.23898,0.26067,0.49825
410.81617,0.22633,0.22443,0.225,0.22929,0.23864,0.26025,0.49735
410.91811,0.22625,0.2243,0.2248,0.22905,0.23832,0.25985,0.49643
411.0201,0.22618,0.22417,0.22462,0.22881,0.23802,0.25945,0.49549
411.12214,0.22613,0.22405,0.22444,0.22859,0.23772,0.25906,0.49452
411.22424,0.22608,0.22395,0.22427,0.22838,0.23743,0.25869,0.49353
411.32638,0.22605,0.22385,0.22411,0.22818,0.23716,0.25833,0.49252
411.42857,0.22603,0.22377,0.22397,0.22799,0.23689,0.25797,0.49149
411.53082,0.22601,0.2237,0.22383,0.22781,0.23664,0.25763,0.49045
411.63311,0.22601,0.22363,0.2237,0.22764,0.23639,0.25729,0.48938
411.73545,0.22603,0.22358,0.22359,0.22748,0.23616,0.25697,0.4883
411.83785,0.22605,0.22354,0.22348,0.22733,0.23594,0.25665,0.48721
411.9403,0.22608,0.22351,0.22339,0.22719,0.23573,0.25634,0.4861
412.0428,0.22613,0.22349,0.22331,0.22706,0.23552,0.25605,0.48497
412.14535,0.22619,0.22348,0.22324,0.22695,0.23533,0.25576,0.48384
412.24795,0.22625,0.22348,0.22317,0.22684,0.23514,0.25548,0.48269
412.3506,0.22633,0.22349,0.22312,0.22674,0.23497,0.25521,0.48153
412.4533,0.22643,0.22352,0.22308,0.22665,0.23481,0.25495,0.48037
412.55605,0.22653,0.22355,0.22305,0.22657,0.23465,0.25469,0.47919
412.65886,0.22664,0.22359,0.22303,0.2265,0.23451,0.25445,0.47801
412.76171,0.22677,0.22365,0.22302,0.22644,0.23437,0.25421,0.47682
412.86462,0.22691,0.22372,0.22302,0.22639,0.23424,0.25399,0.47562
412.96758,0.22706,0.22379,0.22303,0.22635,0.23413,0.25377,0.47442
413.07059,0.22722,0.22388,0.22305,0.22632,0.23402,0.25356,0.47322
413.17365,0.2274,0.22398,0.22309,0.2263,0.23392,0.25336,0.47201
413.27677,0.22759,0.22409,0.22313,0.22629,0.23383,0.25316,0.47079
413.37993,0.22779,0.22421,0.22318,0.22629,0.23375,0.25298,0.46958
413.48315,0.228,0.22434,0.22325,0.2263,0.23368,0.2528,0.46836
413.58641,0.22822,0.22449,0.22332,0.22632,0.23362,0.25263,0.46714
413.68973,0.22846,0.22464,0.22341,0.22634,0.23357,0.25247,0.46592
413.7931,0.22871,0.22481,0.2235,0.22638,0.23352,0.25232,0.4647
413.89653,0.22898,0.22499,0.22361,0.22643,0.23349,0.25217,0.46348
414,0.22926,0.22518,0.22373,0.22649,0.23346,0.25204,0.46226
414.10353,0.22955,0.22538,0.22386,0.22656,0.23345,0.25191,0.46104
414.2071,0.22985,0.2256,0.224,0.22664,0.23344,0.25179,0.45982
414.31073,0.23017,0.22582,0.22416,0.22673,0.23344,0.25168,0.4586
414.41441,0.2305,0.22606,0.22432,0.22683,0.23345,0.25157,0.45739
414.51815,0.23085,0.22631,0.2245,0.22694,0.23347,0.25148,0.45618
414.62193,0.23121,0.22658,0.22468,0.22706,0.2335,0.25139,0.45497
414.72577,0.23158,0.22685,0.22488,0.22719,0.23354,0.25131,0.45377
414.82966,0.23197,0.22714,0.22509,0.22733,0.23359,0.25124,0.45257
414.9336,0.23238,0.22744,0.22531,0.22748,0.23365,0.25117,0.45137
415.03759,0.2328,0.22776,0.22555,0.22764,0.23371,0.25112,0.45018
415.14164,0.23323,0.22809,0.22579,0.22781,0.23379,0.25107,0.449
415.24574,0.23369,0.22843,0.22605,0.228,0.23387,0.25103,0.44782
415.34989,0.23415,0.22878,0.22632,0.22819,0.23397,0.251,0.44664
415.45409,0.23464,0.22915,0.22661,0.22839,0.23407,0.25098,0.44547
415.55834,0.23514,0.22954,0.2269,0.22861,0.23419,0.25096,0.44431
415.66265,0.23565,0.22993,0.22721,0.22884,0.23431,0.25096,0.44315
415.76701,0.23619,0.23034,0.22753,0.22908,0.23444,0.25096,0.442
415.87142,0.23674,0.23077,0.22787,0.22933,0.23459,0.25097,0.44086
415.97589,0.23731,0.23121,0.22822,0.22959,0.23474,0.25099,0.43972
416.0804,0.23789,0.23167,0.22858,0.22986,0.2349,0.25102,0.43859
416.18497,0.2385,0.23214,0.22895,0.23015,0.23507,0.25105,0.43747
416.28959,0.23912,0.23263,0.22934,0.23044,0.23526,0.2511,0.43635
416.39427,0.23976,0.23313,0.22975,0.23075,0.23545,0.25115,0.43524
416.49899,0.24042,0.23366,0.23016,0.23107,0.23565,0.25121,0.43415
416.60377,0.24111,0.23419,0.2306,0.23141,0.23587,0.25128,0.43305
416.70861,0.24181,0.23475,0.23104,0.23175,0.23609,0.25136,0.43197
416.81349,0.24253,0.23532,0.23151,0.23211,0.23632,0.25145,0.43089
416.91843,0.24327,0.2359,0.23198,0.23248,0.23657,0.25155,0.42983
417.02342,0.24404,0.23651,0.23247,0.23287,0.23682,0.25165,0.42877
417.12846,0.24482,0.23713,0.23298,0.23327,0.23709,0.25177,0.42772
417.23356,0.24563,0.23778,0.23351,0.23368,0.23737,0.25189,0.42667
417.33871,0.24646,0.23844,0.23405,0.2341,0.23765,0.25203,0.42564
417.44391,0.24732,0.23912,0.2346,0.23454,0.23795,0.25217,0.42462
417.54917,0.2482,0.23982,0.23517,0.23499,0.23826,0.25232,0.4236
417.65448,0.2491,0.24054,0.23576,0.23546,0.23859,0.25248,0.42259
417.75984,0.25003,0.24128,0.23637,0.23594,0.23892,0.25265,0.4216
417.86525,0.25098,0.24204,0.237,0.23644,0.23927,0.25283,0.42061
417.97072,0.25196,0.24282,0.23764,0.23695,0.23962,0.25302,0.41963
418.07624,0.25296,0.24362,0.2383,0.23748,0.23999,0.25322,0.41866
418.18182,0.25399,0.24445,0.23898,0.23802,0.24037,0.25343,0.4177
418.28745,0.25505,0.2453,0.23968,0.23858,0.24077,0.25365,0.41675
418.39313,0.25614,0.24617,0.24039,0.23915,0.24118,0.25388,0.4158
418.49886,0.25726,0.24706,0.24113,0.23974,0.24159,0.25412,0.41487
418.60465,0.25841,0.24798,0.24189,0.24035,0.24203,0.25437,0.41395
418.71049,0.25958,0.24893,0.24267,0.24097,0.24247,0.25462,0.41303
418.81639,0.26079,0.2499,0.24346,0.24161,0.24293,0.25489,0.41213
418.92234,0.26203,0.25089,0.24428,0.24227,0.2434,0.25518,0.41123
419.02834,0.2633,0.25191,0.24512,0.24295,0.24389,0.25547,0.41035
419.1344,0.26461,0.25296,0.24599,0.24364,0.24439,0.25577,0.40947
419.24051,0.26595,0.25403,0.24687,0.24435,0.24491,0.25608,0.4086
419.34667,0.26733,0.25514,0.24778,0.24509,0.24543,0.25641,0.40775
419.45289,0.26874,0.25627,0.24872,0.24584,0.24598,0.25674,0.4069
419.55916,0.27019,0.25743,0.24967,0.24661,0.24654,0.25709,0.40606
419.66548,0.27168,0.25863,0.25065,0.2474,0.24711,0.25745,0.40523
419.77186,0.2732,0.25985,0.25166,0.24821,0.2477,0.25782,0.40441
419.8783,0.27477,0.2611,0.25269,0.24904,0.2483,0.2582,0.40361
419.98478,0.27638,0.26239,0.25375,0.24989,0.24893,0.25859,0.40281
420.09132,0.27803,0.26371,0.25483,0.25077,0.24956,0.259,0.40202
420.19792,0.27972,0.26507,0.25595,0.25167,0.25022,0.25942,0.40124
420.30457,0.28146,0.26646,0.25709,0.25259,0.25089,0.25985,0.40047
420.41127,0.28324,0.26788,0.25826,0.25353,0.25157,0.26029,0.39971
420.51803,0.28507,0.26935,0.25945,0.2545,0.25228,0.26075,0.39896
420.62484,0.28695,0.27085,0.26068,0.25549,0.253,0.26122,0.39822
420.73171,0.28887,0.27239,0.26194,0.2565,0.25375,0.2617,0.39748
420.83863,0.29085,0.27397,0.26323,0.25754,0.25451,0.2622,0.39676
420.9456,0.29288,0.27559,0.26455,0.25861,0.25528,0.26271,0.39605
421.05263,0.29497,0.27725,0.26591,0.2597,0.25608,0.26323,0.39535
421.15972,0.2971,0.27895,0.2673,0.26082,0.2569,0.26377,0.39466
421.26685,0.2993,0.2807,0.26872,0.26197,0.25774,0.26432,0.39397
421.37405,0.30155,0.2825,0.27018,0.26315,0.2586,0.26489,0.3933
421.48129,0.30386,0.28434,0.27168,0.26435,0.25948,0.26547,0.39264
421.58859,0.30624,0.28622,0.27321,0.26559,0.26038,0.26607,0.39198
421.69595,0.30867,0.28816,0.27478,0.26685,0.2613,0.26668,0.39134
421.80336,0.31118,0.29015,0.27639,0.26815,0.26224,0.26731,0.3907
421.91083,0.31375,0.29219,0.27804,0.26947,0.26321,0.26795,0.39008
422.01835,0.31638,0.29428,0.27974,0.27083,0.2642,0.26861,0.38946
422.12592,0.31909,0.29643,0.28147,0.27223,0.26522,0.26929,0.38886
422.23355,0.32187,0.29863,0.28325,0.27365,0.26625,0.26998,0.38826
422.34124,0.32473,0.30089,0.28507,0.27512,0.26732,0.27069,0.38768
422.44898,0.32766,0.30321,0.28694,0.27661,0.26841,0.27142,0.3871
422.55677,0.33067,0.30559,0.28885,0.27815,0.26952,0.27216,0.38653
422.66462,0.33377,0.30804,0.29081,0.27972,0.27066,0.27293,0.38598
422.77253,0.33694,0.31055,0.29282,0.28133,0.27183,0.27371,0.38543
422.88049,0.34021,0.31312,0.29489,0.28298,0.27303,0.27451,0.38489
422.98851,0.34356,0.31576,0.297,0.28467,0.27425,0.27533,0.38437
423.09658,0.347,0.31847,0.29917,0.28641,0.2755,0.27616,0.38385
423.2047,0.35054,0.32126,0.30139,0.28818,0.27678,0.27702,0.38334
423.31288,0.35417,0.32412,0.30367,0.29,0.2781,0.2779,0.38284
423.42112,0.35791,0.32705,0.30601,0.29186,0.27944,0.2788,0.38235
423.52941,0.36174,0.33006,0.3084,0.29377,0.28082,0.27972,0.38188
423.63776,0.36569,0.33316,0.31086,0.29573,0.28223,0.28066,0.38141
423.74616,0.36974,0.33633,0.31338,0.29774,0.28367,0.28162,0.38095
423.85462,0.3739,0.33959,0.31596,0.29979,0.28514,0.28261,0.3805
423.96313,0.37817,0.34294,0.31862,0.3019,0.28665,0.28362,0.38006
424.0717,0.38257,0.34638,0.32133,0.30406,0.2882,0.28465,0.37963
424.18033,0.38708,0.34991,0.32412,0.30627,0.28978,0.2857,0.37921
424.28901,0.39172,0.35354,0.32699,0.30854,0.2914,0.28678,0.3788
424.39774,0.39649,0.35726,0.32992,0.31086,0.29306,0.28789,0.3784
424.50654,0.40139,0.36109,0.33293,0.31325,0.29476,0.28902,0.37801
424.61538,0.40643,0.36502,0.33602,0.31569,0.2965,0.29017,0.37763
424.72429,0.4116,0.36905,0.3392,0.3182,0.29828,0.29135,0.37726
424.83325,0.41692,0.3732,0.34245,0.32077,0.3001,0.29256,0.3769
424.94226,0.42238,0.37745,0.34579,0.3234,0.30197,0.2938,0.37655
425.05133,0.428,0.38183,0.34922,0.3261,0.30388,0.29506,0.37622
425.16046,0.43377,0.38632,0.35273,0.32887,0.30584,0.29635,0.37589
425.26965,0.43969,0.39094,0.35634,0.33171,0.30785,0.29768,0.37557
425.37889,0.44578,0.39568,0.36005,0.33463,0.3099,0.29903,0.37526
425.48818,0.45204,0.40055,0.36385,0.33761,0.312,0.30041,0.37496
425.59753,0.45846,0.40555,0.36776,0.34068,0.31416,0.30183,0.37467
425.70694,0.46506,0.41069,0.37177,0.34382,0.31637,0.30328,0.3744
425.81641,0.47184,0.41597,0.37588,0.34705,0.31863,0.30476,0.37413
425.92593,0.4788,0.4214,0.38011,0.35036,0.32094,0.30627,0.37387
426.0355,0.48594,0.42697,0.38445,0.35375,0.32331,0.30782,0.37363
426.14514,0.49327,0.43269,0.3889,0.35723,0.32575,0.3094,0.37339
426.25483,0.5008,0.43856,0.39347,0.36081,0.32824,0.31102,0.37317
426.36457,0.50852,0.4446,0.39817,0.36447,0.33079,0.31268,0.37296
426.47438,0.51644,0.4508,0.40299,0.36823,0.3334,0.31438,0.37275
426.58423,0.52456,0.45716,0.40794,0.3721,0.33608,0.31611,0.37256
426.69415,0.53289,0.46369,0.41303,0.37606,0.33883,0.31789,0.37238
426.80412,0.54142,0.4704,0.41825,0.38012,0.34164,0.31971,0.37221
426.91415,0.55016,0.47729,0.42361,0.3843,0.34453,0.32156,0.37205
427.02424,0.55912,0.48435,0.42912,0.38858,0.34749,0.32347,0.37191
427.13438,0.56828,0.4916,0.43477,0.39298,0.35052,0.32541,0.37177
427.24458,0.57766,0.49904,0.44057,0.39749,0.35363,0.3274,0.37165
427.35484,0.58725,0.50667,0.44653,0.40212,0.35681,0.32944,0.37153
427.46515,0.59705,0.5145,0.45265,0.40688,0.36008,0.33152,0.37143
427.57552,0.60706,0.52252,0.45893,0.41176,0.36343,0.33366,0.37135
427.68595,0.61728,0.53074,0.46538,0.41677,0.36687,0.33584,0.37127
427.79644,0.62771,0.53917,0.47199,0.42191,0.37039,0.33808,0.3712
427.90698,0.63834,0.5478,0.47878,0.42719,0.374,0.34036,0.37115
428.01758,0.64916,0.55663,0.48575,0.43261,0.37771,0.34271,0.37111
428.12823,0.66018,0.56568,0.4929,0.43817,0.38151,0.3451,0.37108
428.23894,0.67138,0.57493,0.50024,0.44388,0.38541,0.34756,0.37107
428.34972,0.68275,0.58439,0.50776,0.44974,0.3894,0.35007,0.37106
428.46054,0.69429,0.59406,0.51547,0.45575,0.3935,0.35264,0.37107
428.57143,0.70598,0.60394,0.52338,0.46193,0.39771,0.35528,0.3711
428.68237,0.71781,0.61402,0.53149,0.46826,0.40203,0.35798,0.37113
428.79337,0.72976,0.62431,0.53979,0.47476,0.40646,0.36074,0.37118
428.90443,0.74182,0.63479,0.5483,0.48142,0.411,0.36357,0.37124
429.01554,0.75397,0.64548,0.55701,0.48826,0.41566,0.36647,0.37132
429.12672,0.76619,0.65635,0.56592,0.49528,0.42044,0.36944,0.37141
429.23795,0.77845,0.66741,0.57505,0.50247,0.42535,0.37248,0.37152
429.34924,0.79074,0.67864,0.58438,0.50985,0.43038,0.37559,0.37164
429.46058,0.80301,0.69004,0.59391,0.51741,0.43555,0.37879,0.37177
429.57198,0.81525,0.7016,0.60366,0.52516,0.44085,0.38206,0.37192
429.68345,0.82743,0.7133,0.61361,0.5331,0.44629,0.38541,0.37208
429.79496,0.8395,0.72513,0.62376,0.54124,0.45186,0.38884,0.37226
429.90654,0.85144,0.73708,0.63411,0.54957,0.45759,0.39236,0.37245
430.01818,0.86321,0.74912,0.64466,0.5581,0.46346,0.39596,0.37266
430.12987,0.87477,0.76125,0.65539,0.56683,0.46948,0.39966,0.37288
430.24162,0.88608,0.77343,0.66632,0.57576,0.47566,0.40345,0.37312
430.35343,0.89709,0.78564,0.67742,0.58489,0.482,0.40733,0.37338
430.4653,0.90776,0.79787,0.68869,0.59422,0.4885,0.41131,0.37366
430.57722,0.91806,0.81007,0.70012,0.60376,0.49516,0.41539,0.37395
430.68921,0.92793,0.82223,0.71169,0.61349,0.502,0.41957,0.37425
430.80125,0.93734,0.8343,0.7234,0.62342,0.50901,0.42386,0.37458
430.91335,0.94623,0.84626,0.73523,0.63355,0.51619,0.42825,0.37492
431.02551,0.95457,0.85807,0.74717,0.64387,0.52355,0.43276,0.37528
431.13772,0.96231,0.8697,0.75918,0.65438,0.53109,0.43738,0.37567
431.25,0.96942,0.8811,0.77126,0.66507,0.53882,0.44212,0.37606
431.36233,0.97584,0.89223,0.78338,0.67594,0.54674,0.44698,0.37648
431.47473,0.98156,0.90305,0.79552,0.68697,0.55484,0.45196,0.37692
431.58718,0.98653,0.91351,0.80764,0.69816,0.56314,0.45707,0.37738
431.69969,0.99072,0.92358,0.81972,0.7095,0.57163,0.46231,0.37786
431.81226,0.99411,0.9332,0.83174,0.72098,0.58031,0.46768,0.37836
431.92488,0.99668,0.94233,0.84364,0.73257,0.58919,0.47318,0.37888
432.03757,0.99842,0.95093,0.85541,0.74427,0.59827,0.47883,0.37943
432.15031,0.9993,0.95895,0.867,0.75606,0.60754,0.48462,0.37999
432.26312,0.99932,0.96635,0.87838,0.76792,0.61701,0.49056,0.38058
432.37598,0.99847,0.97308,0.8895,0.77982,0.62668,0.49664,0.3812
432.4889,0.99677,0.97911,0.90032,0.79175,0.63653,0.50288,0.38183
432.60188,0.99422,0.9844,0.91079,0.80368,0.64658,0.50928,0.3825
432.71492,0.99082,0.98892,0.92089,0.81559,0.65681,0.51584,0.38318
432.82802,0.98661,0.99263,0.93055,0.82746,0.66722,0.52256,0.3839
432.94118,0.98159,0.99551,0.93973,0.83927,0.6778,0.52945,0.38464
433.05439,0.9758,0.99754,0.9484,0.85099,0.68856,0.5365,0.3854
433.16767,0.96926,0.99869,0.9565,0.86257,0.69947,0.54373,0.3862
433.281,0.962,0.99896,0.96399,0.87394,0.71054,0.55114,0.38702
433.3944,0.95407,0.99834,0.97083,0.88507,0.72174,0.55873,0.38788
433.50785,0.94551,0.99682,0.97699,0.8959,0.73307,0.56649,0.38876
433.62137,0.93634,0.99441,0.98242,0.90641,0.74452,0.57444,0.38968
433.73494,0.92662,0.99111,0.98709,0.91655,0.75606,0.58258,0.39062
433.84857,0.91639,0.98694,0.99097,0.92627,0.76768,0.5909,0.39161
433.96226,0.90569,0.98191,0.99403,0.93555,0.77936,0.59941,0.39262
434.07602,0.89456,0.97606,0.99625,0.94432,0.79107,0.60812,0.39367
434.18983,0.88306,0.9694,0.99762,0.95256,0.8028,0.61701,0.39476
434.3037,0.87122,0.96196,0.99811,0.96021,0.81451,0.62609,0.39588
434.41763,0.85909,0.95379,0.99773,0.96723,0.82618,0.63537,0.39704
434.53162,0.84672,0.94492,0.99646,0.97359,0.83778,0.64483,0.39825
434.64567,0.83413,0.9354,0.99431,0.97923,0.84928,0.65448,0.39949
434.75978,0.82138,0.92526,0.99129,0.98413,0.86063,0.66432,0.40078
434.87395,0.80849,0.91455,0.98741,0.98825,0.8718,0.67434,0.40211
434.98818,0.79551,0.90332,0.98268,0.99156,0.88276,0.68453,0.40348
435.10247,0.78246,0.89161,0.97714,0.99403,0.89345,0.6949,0.4049
435.21682,0.76938,0.87948,0.97079,0.99564,0.90385,0.70543,0.40637
435.33123,0.75631,0.86697,0.96368,0.99638,0.9139,0.71612,0.4079
435.4457,0.74325,0.85413,0.95583,0.99622,0.92355,0.72696,0.40947
435.56023,0.73026,0.84101,0.94729,0.99516,0.93276,0.73794,0.4111
435.67482,0.71733,0.82765,0.93808,0.9932,0.94149,0.74903,0.41278
435.78947,0.7045,0.8141,0.92826,0.99034,0.94967,0.76023,0.41453
435.90419,0.69179,0.80039,0.91787,0.98659,0.95727,0.77153,0.41633
436.01896,0.67921,0.78658,0.90694,0.98195,0.96424,0.78289,0.4182
436.13379,0.66678,0.77269,0.89553,0.97644,0.97053,0.79431,0.42013
436.24868,0.65451,0.75877,0.88367,0.9701,0.97608,0.80576,0.42213
436.36364,0.64242,0.74485,0.87142,0.96293,0.98087,0.8172,0.42421
436.47865,0.63052,0.73096,0.85881,0.95498,0.98485,0.82862,0.42636
436.59373,0.61881,0.71713,0.84589,0.94626,0.98797,0.83999,0.42859
436.70886,0.60731,0.70339,0.8327,0.93683,0.9902,0.85126,0.43089
436.82406,0.59602,0.68977,0.81928,0.92672,0.99152,0.8624,0.43329
436.93931,0.58495,0.67628,0.80567,0.91596,0.99189,0.87337,0.43577
437.05463,0.5741,0.66295,0.7919,0.90461,0.99129,0.88413,0.43835
437.17001,0.56349,0.64979,0.778,0.89269,0.9897,0.89463,0.44102
437.28545,0.55311,0.63683,0.76401,0.88027,0.98711,0.90482,0.4438
437.40095,0.54296,0.62408,0.74995,0.86737,0.98352,0.91465,0.44669
437.51651,0.53306,0.61154,0.73586,0.85404,0.97891,0.92406,0.44969
437.63214,0.5234,0.59924,0.72175,0.84033,0.97329,0.933,0.4528
437.74782,0.51398,0.58718,0.70765,0.82628,0.96668,0.9414,0.45605
437.86356,0.50481,0.57537,0.69357,0.81192,0.95908,0.9492,0.45942
437.97937,0.49589,0.56382,0.67953,0.7973,0.95051,0.95634,0.46294
438.09524,0.48723,0.55253,0.66554,0.78244,0.941,0.96275,0.4666
438.21117,0.47881,0.54151,0.65161,0.76738,0.93057,0.96837,0.47041
438.32716,0.47065,0.53076,0.63776,0.75216,0.91927,0.97312,0.47439
438.44321,0.46275,0.52028,0.62399,0.7368,0.90711,0.97695,0.47855
438.55932,0.4551,0.51007,0.6103,0.72132,0.89414,0.97977,0.48289
438.6755,0.44771,0.50015,0.59669,0.70576,0.88041,0.98154,0.48742
438.79173,0.44058,0.49049,0.58317,0.69013,0.86594,0.98218,0.49216
438.90803,0.43372,0.48112,0.56974,0.67445,0.85078,0.98163,0.49711
439.02439,0.42712,0.47202,0.55639,0.65874,0.83498,0.97985,0.5023
439.14081,0.42079,0.46319,0.54313,0.64301,0.81857,0.97677,0.50773
439.25729,0.41472,0.45464,0.52995,0.62729,0.8016,0.97234,0.51343
439.37384,0.40893,0.44635,0.51686,0.61158,0.78412,0.96654,0.51941
439.49045,0.4034,0.43833,0.50388,0.59591,0.76618,0.95932,0.52568
439.60711,0.39815,0.43057,0.49101,0.5803,0.74781,0.95066,0.53227
439.72384,0.39317,0.42308,0.47829,0.56478,0.72908,0.94054,0.53919
439.84064,0.38846,0.41584,0.46577,0.54938,0.71003,0.92896,0.54647
439.95749,0.38402,0.40886,0.45353,0.53416,0.69073,0.91591,0.55412
440.07441,0.37985,0.40213,0.44169,0.51919,0.67125,0.90142,0.56218
440.19139,0.37594,0.39564,0.43043,0.50458,0.65167,0.88552,0.57067
440.30843,0.37229,0.3894,0.42,0.49048,0.6321,0.86825,0.57961
440.42553,0.3689,0.3834,0.41078,0.4771,0.61266,0.84968,0.58903
440.5427,0.36575,0.37764,0.40322,0.46471,0.59352,0.82991,0.59895
440.65993,0.36283,0.3721,0.39793,0.45368,0.57488,0.80903,0.6094
440.77722,0.36014,0.3668,0.3956,0.44451,0.557,0.78719,0.62041
440.89457,0.35766,0.36172,0.39688,0.43778,0.54022,0.76458,0.63199
441.01198,0.35538,0.35686,0.40225,0.43417,0.52495,0.74139,0.64416
441.12946,0.35329,0.35222,0.4117,0.43438,0.51171,0.7179,0.65694
441.247,0.35136,0.34779,0.42456,0.43898,0.50107,0.6944,0.67033
441.36461,0.34959,0.34357,0.43944,0.44821,0.49371,0.67128,0.68432
441.48227,0.34796,0.33955,0.45456,0.46176,0.4903,0.64894,0.6989
441.6,0.34645,0.33574,0.46816,0.47864,0.49144,0.62788,0.71402
441.71779,0.34504,0.33213,0.47897,0.49722,0.49753,0.60863,0.72962
441.83565,0.34372,0.32871,0.48639,0.51559,0.5086,0.59177,0.7456
441.95356,0.34248,0.32548,0.49045,0.53195,0.52422,0.57787,0.76185
442.07154,0.3413,0.32244,0.49155,0.545,0.54341,0.56749,0.7782
442.18959,0.34016,0.31958,0.49026,0.55413,0.56473,0.56111,0.79442
442.30769,0.33907,0.31691,0.48717,0.55931,0.58649,0.55907,0.81027
442.42586,0.33801,0.31441,0.48279,0.56096,0.60705,0.56152,0.82542
442.54409,0.33697,0.31209,0.47754,0.55968,0.62503,0.56838,0.83952
442.66239,0.33595,0.30994,0.47174,0.55611,0.63953,0.57929,0.85218
442.78075,0.33494,0.30796,0.46563,0.55086,0.65014,0.59365,0.86299
442.89917,0.33393,0.30614,0.45938,0.54443,0.65685,0.61063,0.87153
443.01766,0.33294,0.30448,0.4531,0.53723,0.65998,0.62929,0.87745
443.13621,0.33195,0.30298,0.44689,0.52956,0.65997,0.64862,0.88043
443.25482,0.33096,0.30163,0.44081,0.52165,0.65735,0.66767,0.88028
443.37349,0.32998,0.30044,0.43487,0.51365,0.65266,0.68562,0.87693
443.49223,0.32901,0.29939,0.42912,0.50569,0.64635,0.70181,0.87044
443.61104,0.32804,0.29849,0.42357,0.49785,0.63884,0.71579,0.86103
443.7299,0.32709,0.29773,0.41822,0.49017,0.63046,0.72728,0.84905
443.84883,0.32616,0.29711,0.41307,0.4827,0.62149,0.73618,0.83492
443.96783,0.32525,0.29663,0.40813,0.47545,0.61214,0.74252,0.81917
444.08689,0.32435,0.29627,0.40339,0.46844,0.60259,0.74641,0.8023
444.20601,0.32349,0.29605,0.39884,0.46167,0.59296,0.74804,0.78485
444.32519,0.32265,0.29595,0.39449,0.45516,0.58336,0.74765,0.76726
444.44444,0.32185,0.29598,0.39032,0.44889,0.57385,0.74547,0.74995
444.56376,0.32109,0.29613,0.38634,0.44286,0.56449,0.74175,0.73325
444.68314,0.32037,0.29639,0.38253,0.43707,0.55532,0.73671,0.71742
444.80258,0.31969,0.29676,0.3789,0.43152,0.54637,0.73057,0.70263
444.92208,0.31906,0.29725,0.37542,0.42619,0.53765,0.72353,0.68901
445.04166,0.31849,0.29784,0.37211,0.42107,0.52919,0.71575,0.67663
445.16129,0.31797,0.29854,0.36895,0.41617,0.52099,0.70739,0.66552
445.28099,0.31751,0.29933,0.36594,0.41148,0.51305,0.69858,0.65566
445.40075,0.31711,0.30023,0.36307,0.40698,0.50537,0.68944,0.64702
445.52058,0.31678,0.30121,0.36035,0.40267,0.49796,0.68007,0.63957
445.64047,0.31651,0.30229,0.35776,0.39855,0.4908,0.67054,0.63323
445.76043,0.31632,0.30345,0.35531,0.39461,0.4839,0.66093,0.62795
445.88045,0.3162,0.3047,0.35299,0.39084,0.47724,0.65129,0.62365
446.00054,0.31616,0.30603,0.35079,0.38723,0.47083,0.64168,0.62027
446.12069,0.3162,0.30743,0.34872,0.38379,0.46466,0.63214,0.61774
446.24091,0.31633,0.30891,0.34677,0.38051,0.45871,0.62269,0.616
446.36119,0.31654,0.31046,0.34494,0.37738,0.453,0.61338,0.61499
446.48153,0.31684,0.31208,0.34323,0.3744,0.4475,0.60421,0.61465
446.60194,0.31723,0.31376,0.34163,0.37156,0.44221,0.59521,0.61492
446.72242,0.31772,0.31549,0.34015,0.36886,0.43713,0.58639,0.61576
446.84296,0.3183,0.31729,0.33877,0.3663,0.43225,0.57776,0.61712
446.96356,0.31899,0.31914,0.33751,0.36388,0.42757,0.56934,0.61895
447.08423,0.31978,0.32104,0.33636,0.36159,0.42308,0.56112,0.62122
447.20497,0.32068,0.32299,0.33532,0.35942,0.41877,0.55311,0.62389
447.32577,0.32169,0.32498,0.33438,0.35738,0.41464,0.54532,0.62692
447.44664,0.32282,0.32701,0.33356,0.35547,0.41068,0.53775,0.63028
447.56757,0.32406,0.32908,0.33284,0.35368,0.4069,0.53039,0.63394
447.68856,0.32542,0.33119,0.33222,0.35201,0.40328,0.52325,0.63786
447.80963,0.32691,0.33333,0.33172,0.35045,0.39982,0.51632,0.64202
447.93075,0.32853,0.33549,0.33132,0.34902,0.39652,0.50961,0.64639
448.05195,0.33028,0.33768,0.33103,0.3477,0.39338,0.50311,0.65093
448.17321,0.33218,0.3399,0.33084,0.34649,0.39038,0.49681,0.65563
448.29453,0.33421,0.34213,0.33076,0.3454,0.38754,0.49072,0.66045
448.41592,0.33639,0.34439,0.3308,0.34443,0.38483,0.48484,0.66537
448.53738,0.33872,0.34665,0.33094,0.34357,0.38227,0.47915,0.67036
448.6589,0.34121,0.34893,0.3312,0.34282,0.37985,0.47366,0.67538
448.78049,0.34386,0.35122,0.33157,0.34218,0.37757,0.46836,0.68042
448.90214,0.34668,0.35351,0.33205,0.34166,0.37543,0.46325,0.68544
449.02386,0.34967,0.35581,0.33265,0.34125,0.37341,0.45833,0.69042
449.14565,0.35284,0.35812,0.33337,0.34095,0.37153,0.45359,0.69532
449.2675,0.3562,0.36042,0.33421,0.34077,0.36978,0.44902,0.70012
449.38942,0.35974,0.36272,0.33517,0.3407,0.36816,0.44463,0.70479
449.5114,0.36349,0.36502,0.33626,0.34075,0.36666,0.44041,0.70929
449.63345,0.36744,0.36731,0.33748,0.34092,0.36529,0.43636,0.7136
449.75557,0.37161,0.36959,0.33883,0.34121,0.36405,0.43248,0.71769
449.87775,0.376,0.37186,0.34031,0.34162,0.36293,0.42876,0.72153
450,0.38061,0.37412,0.34194,0.34216,0.36194,0.42519,0.72509
450.12232,0.38546,0.37637,0.34371,0.34282,0.36107,0.42179,0.72834
450.2447,0.39056,0.3786,0.34562,0.34361,0.36033,0.41854,0.73125
450.36715,0.39591,0.38082,0.34769,0.34453,0.35972,0.41544,0.7338
450.48966,0.40152,0.38302,0.34991,0.34558,0.35923,0.41249,0.73597
450.61224,0.4074,0.3852,0.3523,0.34677,0.35886,0.40968,0.73774
450.73489,0.41356,0.38736,0.35486,0.3481,0.35863,0.40703,0.73907
450.85761,0.42001,0.3895,0.35758,0.34957,0.35852,0.40451,0.73997
450.98039,0.42675,0.39161,0.36049,0.3512,0.35854,0.40214,0.7404
451.10324,0.4338,0.39371,0.36359,0.35298,0.3587,0.39991,0.74036
451.22616,0.44117,0.39578,0.36687,0.35491,0.35899,0.39782,0.73985
451.34914,0.44886,0.39782,0.37036,0.35701,0.35941,0.39587,0.73885
451.47219,0.45689,0.39984,0.37406,0.35927,0.35997,0.39406,0.73736
451.59531,0.46525,0.40183,0.37797,0.36171,0.36068,0.39238,0.73539
451.71849,0.47396,0.40379,0.38211,0.36434,0.36152,0.39084,0.73293
451.84175,0.48302,0.40573,0.38649,0.36714,0.36251,0.38943,0.73
451.96507,0.49244,0.40763,0.3911,0.37015,0.36366,0.38816,0.7266
452.08845,0.50222,0.40951,0.39597,0.37335,0.36495,0.38703,0.72275
452.21191,0.51236,0.41136,0.40111,0.37676,0.36641,0.38603,0.71847
452.33543,0.52286,0.41318,0.40651,0.38039,0.36803,0.38517,0.71377
452.45902,0.53373,0.41497,0.41221,0.38425,0.36981,0.38445,0.70868
452.58267,0.54495,0.41673,0.41819,0.38834,0.37177,0.38386,0.70322
452.7064,0.55651,0.41846,0.42449,0.39268,0.37391,0.38341,0.69741
452.83019,0.56841,0.42016,0.4311,0.39728,0.37623,0.38311,0.69128
452.95405,0.58062,0.42183,0.43804,0.40213,0.37874,0.38295,0.68487
453.07798,0.59312,0.42347,0.44532,0.40727,0.38145,0.38293,0.67819
453.20197,0.60588,0.42508,0.45295,0.41269,0.38436,0.38306,0.67128
453.32603,0.61888,0.42666,0.46095,0.41841,0.38749,0.38333,0.66417
453.45016,0.63205,0.42821,0.46931,0.42444,0.39084,0.38376,0.65688
453.57436,0.64537,0.42973,0.47804,0.43079,0.39442,0.38435,0.64945
453.69863,0.65876,0.43122,0.48716,0.43747,0.39824,0.38509,0.64191
453.82297,0.67216,0.43268,0.49667,0.4445,0.4023,0.38599,0.63427
453.94737,0.68549,0.43412,0.50657,0.45188,0.40663,0.38706,0.62657
454.07184,0.69867,0.43552,0.51685,0.45961,0.41122,0.38831,0.61883
454.19638,0.7116,0.43689,0.52751,0.46772,0.41609,0.38972,0.61108
454.32099,0.72418,0.43824,0.53854,0.47621,0.42124,0.39132,0.60334
454.44566,0.73628,0.43956,0.54993,0.48508,0.4267,0.3931,0.59562
454.57041,0.7478,0.44085,0.56165,0.49432,0.43246,0.39507,0.58796
454.69522,0.7586,0.44211,0.57367,0.50395,0.43855,0.39723,0.58036
454.8201,0.76856,0.44335,0.58595,0.51395,0.44496,0.3996,0.57285
454.94505,0.77754,0.44456,0.59845,0.52432,0.4517,0.40218,0.56543
455.07007,0.78542,0.44575,0.61109,0.53503,0.45879,0.40498,0.55813
455.19516,0.79207,0.44691,0.62381,0.54606,0.46623,0.408,0.55095
455.32032,0.79738,0.44804,0.63653,0.55737,0.47401,0.41124,0.5439
455.44554,0.80125,0.44916,0.64914,0.56893,0.48215,0.41473,0.537
455.57084,0.8036,0.45024,0.66153,0.58068,0.49063,0.41845,0.53026
455.6962,0.80436,0.45131,0.67357,0.59255,0.49945,0.42243,0.52367
455.82164,0.8035,0.45235,0.68512,0.60447,0.50859,0.42666,0.51724
455.94714,0.80101,0.45337,0.69604,0.61633,0.51802,0.43115,0.51098
456.07271,0.79689,0.45436,0.70616,0.62803,0.52772,0.43591,0.5049
456.19835,0.79118,0.45534,0.71531,0.63944,0.53765,0.44093,0.499
456.32406,0.78397,0.45629,0.72334,0.65042,0.54774,0.44622,0.49327
456.44983,0.77534,0.45722,0.73009,0.66083,0.55794,0.45177,0.48772
456.57568,0.76541,0.45814,0.7354,0.67049,0.56816,0.45758,0.48235
456.7016,0.75431,0.45903,0.73916,0.67925,0.5783,0.46364,0.47717
456.82759,0.74218,0.45991,0.74125,0.68692,0.58826,0.46994,0.47216
456.95364,0.7292,0.46076,0.74159,0.69335,0.59791,0.47645,0.46734
457.07977,0.71552,0.4616,0.74015,0.69837,0.60709,0.48314,0.46269
457.20596,0.70132,0.46243,0.73693,0.70185,0.61565,0.48998,0.45822
457.33223,0.68675,0.46323,0.73195,0.70368,0.62343,0.49693,0.45392
457.45856,0.67197,0.46402,0.72529,0.70378,0.63025,0.50392,0.4498
457.58497,0.65713,0.46479,0.71707,0.7021,0.63593,0.51088,0.44585
457.71144,0.64238,0.46555,0.70741,0.69864,0.64031,0.51774,0.44207
457.83799,0.62783,0.46629,0.6965,0.69344,0.64325,0.5244,0.43846
457.9646,0.6136,0.46702,0.68451,0.68658,0.64462,0.53074,0.435
458.09129,0.59978,0.46774,0.67165,0.67819,0.64434,0.53665,0.43171
458.21804,0.58646,0.46844,0.6581,0.66842,0.64235,0.54199,0.42858
458.34487,0.57372,0.46913,0.64408,0.65744,0.63867,0.54663,0.4256
458.47176,0.56161,0.4698,0.62978,0.64546,0.63334,0.55042,0.42277
458.59873,0.55017,0.47046,0.61537,0.63269,0.62645,0.55324,0.42008
458.72576,0.53944,0.47112,0.60101,0.61933,0.61814,0.55496,0.41755
458.85287,0.52945,0.47176,0.58686,0.6056,0.60858,0.55547,0.41515
458.98004,0.52021,0.47239,0.57303,0.59168,0.59798,0.55471,0.4129
459.10729,0.51174,0.47301,0.55964,0.57775,0.58654,0.55263,0.41078
459.23461,0.50405,0.47362,0.54677,0.56397,0.57448,0.54923,0.40879
459.362,0.49711,0.47422,0.5345,0.55048,0.56203,0.54455,0.40694
459.48946,0.49095,0.47481,0.52287,0.5374,0.54939,0.53868,0.40521
459.61699,0.48553,0.47539,0.51194,0.52483,0.53674,0.53174,0.4036
459.74459,0.48085,0.47596,0.50171,0.51284,0.52426,0.52388,0.40212
459.87226,0.4769,0.47653,0.49223,0.50149,0.51208,0.51528,0.40075
460,0.47366,0.47709,0.48348,0.49082,0.50032,0.50613,0.39951
